{
  "averageAngularVelocity" : 0.43912780284881592,
  "time" : 104163.55367004169,
  "cameraGrain" : 0,
  "frame_index" : 151,
  "projectionMatrix" : [
    1.6494032144546509,
    0,
    0.012846052646636963,
    0,
    0,
    2.1992044448852539,
    0.011231482028961182,
    0,
    0,
    0,
    -0.9999997615814209,
    -0.00099999981466680765,
    0,
    0,
    -1,
    0
  ],
  "motionQuality" : 0.75372707843780518,
  "averageVelocity" : 0.86195522546768188,
  "cameraPoseARFrame" : [
    0.99888896942138672,
    0.039588034152984619,
    -0.0255618616938591,
    0.43183782696723938,
    -0.029297342523932457,
    0.94658315181732178,
    0.32112568616867065,
    0.17918093502521515,
    0.036909159272909164,
    -0.32002007961273193,
    0.94669151306152344,
    -21.825809478759766,
    0,
    0,
    0,
    0.99999994039535522
  ],
  "intrinsics" : [
    1583.4271240234375,
    0,
    947.16778564453125,
    0,
    1583.4271240234375,
    727.586669921875,
    0,
    0,
    1
  ],
  "exposureDuration" : 0.01666666753590107
}