{
  "exposureDuration" : 0.01666666753590107,
  "averageAngularVelocity" : 0.089184090495109558,
  "frame_index" : 85,
  "time" : 104152.14938645836,
  "intrinsics" : [
    1586.1385498046875,
    0,
    947.15777587890625,
    0,
    1586.1385498046875,
    727.5887451171875,
    0,
    0,
    1
  ],
  "averageVelocity" : 0.84697651863098145,
  "projectionMatrix" : [
    1.6522276401519775,
    0,
    0.012856483459472656,
    0,
    0,
    2.2029702663421631,
    0.0112343430519104,
    0,
    0,
    0,
    -0.9999997615814209,
    -0.00099999981466680765,
    0,
    0,
    -1,
    0
  ],
  "cameraGrain" : 0,
  "motionQuality" : 0.75800669193267822,
  "cameraPoseARFrame" : [
    0.99787843227386475,
    0.051233883947134018,
    -0.040170546621084213,
    0.10792416334152222,
    -0.035320859402418137,
    0.94435358047485352,
    0.32703006267547607,
    0.19612251222133636,
    0.054690223187208176,
    -0.32491740584373474,
    0.94415968656539917,
    -11.42588996887207,
    0,
    0,
    0,
    0.99999994039535522
  ]
}