{
  "frame_index" : 6,
  "averageVelocity" : 0.037211939692497253,
  "exposureDuration" : 0.01666666753590107,
  "averageAngularVelocity" : 0.19473733007907867,
  "projectionMatrix" : [
    1.6381056308746338,
    0,
    0.01267242431640625,
    0,
    0,
    2.1841409206390381,
    0.011165857315063477,
    0,
    0,
    0,
    -0.9999997615814209,
    -0.00099999981466680765,
    0,
    0,
    -1,
    0
  ],
  "motionQuality" : 0.94436073303222656,
  "cameraGrain" : 0,
  "time" : 104138.40543166669,
  "cameraPoseARFrame" : [
    0.99919116497039795,
    0.0078197391703724861,
    -0.039443250745534897,
    -0.19986847043037415,
    -0.0010652622440829873,
    0.98571217060089111,
    0.16843467950820923,
    0.27378121018409729,
    0.040196802467107773,
    -0.16825644671916962,
    0.98492330312728882,
    0.00048454850912094116,
    0,
    0,
    0,
    0.99999994039535522
  ],
  "intrinsics" : [
    1572.5814208984375,
    0,
    947.33447265625,
    0,
    1572.5814208984375,
    727.5394287109375,
    0,
    0,
    1
  ]
}