{
  "intrinsics" : [
    1589.7537841796875,
    0,
    947.26214599609375,
    0,
    1589.7537841796875,
    727.55450439453125,
    0,
    0,
    1
  ],
  "cameraGrain" : 0,
  "frame_index" : 218,
  "cameraPoseARFrame" : [
    0.0032021955121308565,
    -0.23133325576782227,
    0.97286921739578247,
    -8.1626958847045898,
    -0.0098327212035655975,
    0.97281992435455322,
    0.23135387897491455,
    0.23146197199821472,
    -0.9999464750289917,
    -0.010306796059012413,
    0.00084052799502387643,
    -24.747684478759766,
    0,
    0,
    0,
    0.99999994039535522
  ],
  "projectionMatrix" : [
    1.6559935808181763,
    0,
    0.012747764587402344,
    0,
    0,
    2.207991361618042,
    0.011186838150024414,
    0,
    0,
    0,
    -0.9999997615814209,
    -0.00099999981466680765,
    0,
    0,
    -1,
    0
  ],
  "motionQuality" : 0.73448574542999268,
  "exposureDuration" : 0.01666666753590107,
  "averageAngularVelocity" : 0.13156342506408691,
  "time" : 104175.23970025002,
  "averageVelocity" : 0.92930001020431519
}