{
  "averageAngularVelocity" : 0.29468169808387756,
  "time" : 104155.28209316669,
  "cameraGrain" : 0,
  "frame_index" : 103,
  "projectionMatrix" : [
    1.6498739719390869,
    0,
    0.012822329998016357,
    0,
    0,
    2.1998319625854492,
    0.011208117008209229,
    0,
    0,
    0,
    -0.9999997615814209,
    -0.00099999981466680765,
    0,
    0,
    -1,
    0
  ],
  "motionQuality" : 0.72345036268234253,
  "averageVelocity" : 0.96792370080947876,
  "cameraPoseARFrame" : [
    0.9993443489074707,
    0.035797350108623505,
    -0.0054156682454049587,
    0.21589329838752747,
    -0.032812528312206268,
    0.95873922109603882,
    0.28238657116889954,
    0.19371999800205231,
    0.015300899744033813,
    -0.28202375769615173,
    0.95928531885147095,
    -14.252482414245605,
    0,
    0,
    0,
    0.99999994039535522
  ],
  "intrinsics" : [
    1583.8790283203125,
    0,
    947.1905517578125,
    0,
    1583.8790283203125,
    727.56982421875,
    0,
    0,
    1
  ],
  "exposureDuration" : 0.01666666753590107
}