{
  "motionQuality" : 0.74990677833557129,
  "intrinsics" : [
    1583.4271240234375,
    0,
    947.305419921875,
    0,
    1583.4271240234375,
    727.572265625,
    0,
    0,
    1
  ],
  "frame_index" : 160,
  "cameraGrain" : 0,
  "projectionMatrix" : [
    1.6494032144546509,
    0,
    0.012702703475952148,
    0,
    0,
    2.1992044448852539,
    0.01121145486831665,
    0,
    0,
    0,
    -0.9999997615814209,
    -0.00099999981466680765,
    0,
    0,
    -1,
    0
  ],
  "averageVelocity" : 0.79089093208312988,
  "time" : 104165.15650600003,
  "averageAngularVelocity" : 0.87532627582550049,
  "exposureDuration" : 0.01666666753590107,
  "cameraPoseARFrame" : [
    0.7653123140335083,
    -0.18587207794189453,
    0.61623746156692505,
    0.34867092967033386,
    0.013957824558019638,
    0.96196460723876953,
    0.27281731367111206,
    0.19338154792785645,
    -0.64350765943527222,
    -0.20018915832042694,
    0.73879778385162354,
    -23.189189910888672,
    0,
    0,
    0,
    0.99999994039535522
  ]
}