{
  "averageVelocity" : 0.98475998640060425,
  "averageAngularVelocity" : 0.24344253540039062,
  "time" : 104205.62433691669,
  "frame_index" : 392,
  "motionQuality" : 0.71863996982574463,
  "intrinsics" : [
    1582.97509765625,
    0,
    947.2203369140625,
    0,
    1582.97509765625,
    727.571533203125,
    0,
    0,
    1
  ],
  "cameraGrain" : 0,
  "cameraPoseARFrame" : [
    -0.99976825714111328,
    -0.020876187831163406,
    0.0052393577061593533,
    -16.478361129760742,
    -0.018593950197100639,
    0.96031570434570312,
    0.27829465270042419,
    0.2102510929107666,
    -0.010841174051165581,
    0.27813282608985901,
    -0.96048140525817871,
    -3.9810805320739746,
    0,
    0,
    0,
    0.99999994039535522
  ],
  "projectionMatrix" : [
    1.6489323377609253,
    0,
    0.012791335582733154,
    0,
    0,
    2.1985764503479004,
    0.011210441589355469,
    0,
    0,
    0,
    -0.9999997615814209,
    -0.00099999981466680765,
    0,
    0,
    -1,
    0
  ],
  "exposureDuration" : 0.01666666753590107
}