{
  "exposureDuration" : 0.01666666753590107,
  "averageAngularVelocity" : 0.12162969261407852,
  "frame_index" : 81,
  "time" : 104151.41272983336,
  "intrinsics" : [
    1587.0423583984375,
    0,
    947.17510986328125,
    0,
    1587.0423583984375,
    727.58050537109375,
    0,
    0,
    1
  ],
  "averageVelocity" : 0.92376476526260376,
  "projectionMatrix" : [
    1.6531691551208496,
    0,
    0.012838423252105713,
    0,
    0,
    2.2042255401611328,
    0.011222898960113525,
    0,
    0,
    0,
    -0.9999997615814209,
    -0.00099999981466680765,
    0,
    0,
    -1,
    0
  ],
  "cameraGrain" : 0,
  "motionQuality" : 0.73606717586517334,
  "cameraPoseARFrame" : [
    0.99938756227493286,
    0.034989342093467712,
    0.00026478921063244343,
    0.117784783244133,
    -0.033360440284013748,
    0.95052456855773926,
    0.30885255336761475,
    0.19457638263702393,
    0.01055486686527729,
    -0.30867227911949158,
    0.95110976696014404,
    -10.771769523620605,
    0,
    0,
    0,
    0.99999988079071045
  ]
}