{
  "exposureDuration" : 0.01666666753590107,
  "averageAngularVelocity" : 0.22156514227390289,
  "frame_index" : 51,
  "time" : 104146.17669883335,
  "intrinsics" : [
    1596.0804443359375,
    0,
    947.22113037109375,
    0,
    1596.0804443359375,
    727.56903076171875,
    0,
    0,
    1
  ],
  "averageVelocity" : 0.95457756519317627,
  "projectionMatrix" : [
    1.6625838279724121,
    0,
    0.012790501117706299,
    0,
    0,
    2.2167782783508301,
    0.011206984519958496,
    0,
    0,
    0,
    -0.9999997615814209,
    -0.00099999981466680765,
    0,
    0,
    -1,
    0
  ],
  "cameraGrain" : 0,
  "motionQuality" : 0.72726356983184814,
  "cameraPoseARFrame" : [
    0.99915164709091187,
    0.02689901739358902,
    -0.031183589249849319,
    -0.051400031894445419,
    -0.01709921658039093,
    0.95982635021209717,
    0.28007292747497559,
    0.22193178534507751,
    0.037464525550603867,
    -0.27930209040641785,
    0.95947211980819702,
    -6.0075902938842773,
    0,
    0,
    0,
    0.99999994039535522
  ]
}