{
  "intrinsics" : [
    1578.907958984375,
    0,
    947.22100830078125,
    0,
    1578.907958984375,
    727.5743408203125,
    0,
    0,
    1
  ],
  "averageAngularVelocity" : 0.12987048923969269,
  "projectionMatrix" : [
    1.6446957588195801,
    0,
    0.01279062032699585,
    0,
    0,
    2.1929278373718262,
    0.011214375495910645,
    0,
    0,
    0,
    -0.9999997615814209,
    -0.00099999981466680765,
    0,
    0,
    -1,
    0
  ],
  "cameraGrain" : 0,
  "motionQuality" : 0.76899886131286621,
  "averageVelocity" : 0.80850392580032349,
  "frame_index" : 26,
  "cameraPoseARFrame" : [
    0.99723762273788452,
    0.03466854989528656,
    -0.065689630806446075,
    -0.094615891575813293,
    -0.013883892446756363,
    0.95580679178237915,
    0.29366722702980042,
    0.20297130942344666,
    0.07296762615442276,
    -0.29194402694702148,
    0.95364785194396973,
    -2.35455322265625,
    0,
    0,
    0,
    0.99999988079071045
  ],
  "exposureDuration" : 0.01666666753590107,
  "time" : 104141.97424337502
}