{
  "exposureDuration" : 0.01666666753590107,
  "averageAngularVelocity" : 0.12555249035358429,
  "frame_index" : 320,
  "time" : 104193.11887004168,
  "intrinsics" : [
    1587.0423583984375,
    0,
    947.17669677734375,
    0,
    1587.0423583984375,
    727.5972900390625,
    0,
    0,
    1
  ],
  "averageVelocity" : 0.92845940589904785,
  "projectionMatrix" : [
    1.6531691551208496,
    0,
    0.012836754322052002,
    0,
    0,
    2.2042255401611328,
    0.011246263980865479,
    0,
    0,
    0,
    -0.9999997615814209,
    -0.00099999981466680765,
    0,
    0,
    -1,
    0
  ],
  "cameraGrain" : 0,
  "motionQuality" : 0.73472589254379272,
  "cameraPoseARFrame" : [
    -0.99979031085968018,
    -0.018873993307352066,
    0.0079370103776454926,
    -16.59526252746582,
    -0.014986723661422729,
    0.93870353698730469,
    0.34439957141876221,
    0.20132122933864594,
    -0.01395068597048521,
    0.34420844912528992,
    -0.93878960609436035,
    -16.119880676269531,
    0,
    0,
    0,
    0.99999994039535522
  ]
}