{
  "time" : 104210.62912320836,
  "projectionMatrix" : [
    1.6555228233337402,
    0,
    0.012842416763305664,
    0,
    0,
    2.2073636054992676,
    0.011250615119934082,
    0,
    0,
    0,
    -0.9999997615814209,
    -0.00099999981466680765,
    0,
    0,
    -1,
    0
  ],
  "intrinsics" : [
    1589.3018798828125,
    0,
    947.1712646484375,
    0,
    1589.3018798828125,
    727.6004638671875,
    0,
    0,
    1
  ],
  "cameraPoseARFrame" : [
    -0.99930399656295776,
    -0.030515456572175026,
    0.021452505141496658,
    -16.347129821777344,
    -0.021140828728675842,
    0.93715178966522217,
    0.34828093647956848,
    0.24690037965774536,
    -0.030732203274965286,
    0.34758502244949341,
    -0.9371446967124939,
    0.93987911939620972,
    0,
    0,
    0,
    0.99999994039535522
  ],
  "frame_index" : 421,
  "motionQuality" : 0.75275975465774536,
  "averageAngularVelocity" : 0.19960977137088776,
  "averageVelocity" : 0.86534082889556885,
  "exposureDuration" : 0.01666666753590107,
  "cameraGrain" : 0
}