{
  "motionQuality" : 0.77081233263015747,
  "intrinsics" : [
    1583.4271240234375,
    0,
    947.32086181640625,
    0,
    1583.4271240234375,
    727.59002685546875,
    0,
    0,
    1
  ],
  "frame_index" : 164,
  "cameraGrain" : 0,
  "projectionMatrix" : [
    1.6494032144546509,
    0,
    0.012686610221862793,
    0,
    0,
    2.1992044448852539,
    0.011236131191253662,
    0,
    0,
    0,
    -0.9999997615814209,
    -0.00099999981466680765,
    0,
    0,
    -1,
    0
  ],
  "averageVelocity" : 0.80215680599212646,
  "time" : 104165.89000275002,
  "averageAngularVelocity" : 0.45333796739578247,
  "exposureDuration" : 0.01666666753590107,
  "cameraPoseARFrame" : [
    0.48622992634773254,
    -0.28609412908554077,
    0.82566970586776733,
    0.18277692794799805,
    0.030222503468394279,
    0.94982552528381348,
    0.31131631135940552,
    0.17811490595340729,
    -0.87330806255340576,
    -0.12641753256320953,
    0.47048008441925049,
    -23.725250244140625,
    0,
    0,
    0,
    0.99999994039535522
  ]
}