{
  "frame_index" : 200,
  "projectionMatrix" : [
    1.6545813083648682,
    0,
    0.012878537178039551,
    0,
    0,
    2.2061083316802979,
    0.011224687099456787,
    0,
    0,
    0,
    -0.9999997615814209,
    -0.00099999981466680765,
    0,
    0,
    -1,
    0
  ],
  "time" : 104172.10464612502,
  "motionQuality" : 0.71044540405273438,
  "cameraGrain" : 0,
  "exposureDuration" : 0.01666666753590107,
  "intrinsics" : [
    1588.3980712890625,
    0,
    947.1365966796875,
    0,
    1588.3980712890625,
    727.581787109375,
    0,
    0,
    1
  ],
  "averageAngularVelocity" : 0.12845633924007416,
  "averageVelocity" : 1.0134412050247192,
  "cameraPoseARFrame" : [
    0.0092216907069087029,
    -0.31287857890129089,
    0.94974827766418457,
    -5.0846586227416992,
    -0.037431877106428146,
    0.94901496171951294,
    0.31300041079521179,
    0.21823814511299133,
    -0.99925661087036133,
    -0.038437262177467346,
    -0.0029601096175611019,
    -24.700191497802734,
    0,
    0,
    0,
    0.99999994039535522
  ]
}