{
  "exposureDuration" : 0.01666666753590107,
  "averageAngularVelocity" : 0.037939999252557755,
  "frame_index" : 101,
  "time" : 104154.94847545835,
  "intrinsics" : [
    1584.3309326171875,
    0,
    947.17889404296875,
    0,
    1584.3309326171875,
    727.5843505859375,
    0,
    0,
    1
  ],
  "averageVelocity" : 0.87621980905532837,
  "projectionMatrix" : [
    1.6503447294235229,
    0,
    0.012834489345550537,
    0,
    0,
    2.2004597187042236,
    0.011228263378143311,
    0,
    0,
    0,
    -0.9999997615814209,
    -0.00099999981466680765,
    0,
    0,
    -1,
    0
  ],
  "cameraGrain" : 0,
  "motionQuality" : 0.74965149164199829,
  "cameraPoseARFrame" : [
    0.99811708927154541,
    0.045912571251392365,
    -0.040671665221452713,
    0.17390088737010956,
    -0.030809402465820312,
    0.9486548900604248,
    0.31480863690376282,
    0.20463687181472778,
    0.053037051111459732,
    -0.3129628598690033,
    0.94828331470489502,
    -13.940831184387207,
    0,
    0,
    0,
    0.99999994039535522
  ]
}