{
  "intrinsics" : [
    1590.2056884765625,
    0,
    947.2802734375,
    0,
    1590.2056884765625,
    727.5963134765625,
    0,
    0,
    1
  ],
  "cameraGrain" : 0,
  "frame_index" : 327,
  "cameraPoseARFrame" : [
    -0.99946016073226929,
    0.029819194227457047,
    -0.01378417294472456,
    -16.565610885620117,
    0.023575890809297562,
    0.94328117370605469,
    0.3311564028263092,
    0.19388437271118164,
    0.022877169772982597,
    0.33065271377563477,
    -0.94347512722015381,
    -15.07039737701416,
    0,
    0,
    0,
    0.99999994039535522
  ],
  "projectionMatrix" : [
    1.6564642190933228,
    0,
    0.012728869915008545,
    0,
    0,
    2.2086191177368164,
    0.011244893074035645,
    0,
    0,
    0,
    -0.9999997615814209,
    -0.00099999981466680765,
    0,
    0,
    -1,
    0
  ],
  "motionQuality" : 0.71646064519882202,
  "exposureDuration" : 0.01666666753590107,
  "averageAngularVelocity" : 0.31932419538497925,
  "time" : 104194.21776025002,
  "averageVelocity" : 0.99238771200180054
}