{
  "averageVelocity" : 0.8248632550239563,
  "motionQuality" : 0.76432478427886963,
  "intrinsics" : [
    1596.0804443359375,
    0,
    947.23773193359375,
    0,
    1596.0804443359375,
    727.5596923828125,
    0,
    0,
    1
  ],
  "time" : 104147.21066600003,
  "frame_index" : 57,
  "projectionMatrix" : [
    1.6625838279724121,
    0,
    0.012773215770721436,
    0,
    0,
    2.2167782783508301,
    0.011193990707397461,
    0,
    0,
    0,
    -0.9999997615814209,
    -0.00099999981466680765,
    0,
    0,
    -1,
    0
  ],
  "averageAngularVelocity" : 0.16310185194015503,
  "exposureDuration" : 0.01666666753590107,
  "cameraGrain" : 0,
  "cameraPoseARFrame" : [
    0.99950104951858521,
    0.024879679083824158,
    -0.019460378214716911,
    0.020324993878602982,
    -0.019167607650160789,
    0.96743714809417725,
    0.25238403677940369,
    0.22717839479446411,
    0.025105921551585197,
    -0.25188508629798889,
    0.96743142604827881,
    -6.9135589599609375,
    0,
    0,
    0,
    0.99999994039535522
  ]
}