{
  "intrinsics" : [
    1597.8880615234375,
    0,
    947.1783447265625,
    0,
    1597.8880615234375,
    727.57275390625,
    0,
    0,
    1
  ],
  "averageAngularVelocity" : 0.079218484461307526,
  "projectionMatrix" : [
    1.6644667387008667,
    0,
    0.012835085391998291,
    0,
    0,
    2.2192890644073486,
    0.011212170124053955,
    0,
    0,
    0,
    -0.9999997615814209,
    -0.00099999981466680765,
    0,
    0,
    -1,
    0
  ],
  "cameraGrain" : 0,
  "motionQuality" : 0.72444897890090942,
  "averageVelocity" : 0.96442854404449463,
  "cameraPoseARFrame" : [
    -0.99922436475753784,
    -0.035857640206813812,
    0.016270749270915985,
    -16.516754150390625,
    -0.029668871313333511,
    0.95728129148483276,
    0.28763192892074585,
    0.22953635454177856,
    -0.02588949166238308,
    0.28692618012428284,
    -0.95760279893875122,
    -10.782637596130371,
    0,
    0,
    0,
    0.99999994039535522
  ],
  "frame_index" : 352,
  "exposureDuration" : 0.01666666753590107,
  "time" : 104198.65358316668
}