{
  "exposureDuration" : 0.01666666753590107,
  "averageAngularVelocity" : 0.08060455322265625,
  "frame_index" : 17,
  "time" : 104140.40668995836,
  "intrinsics" : [
    1578.4560546875,
    0,
    947.275634765625,
    0,
    1578.4560546875,
    727.5775146484375,
    0,
    0,
    1
  ],
  "averageVelocity" : 0.80714195966720581,
  "projectionMatrix" : [
    1.644225001335144,
    0,
    0.012733697891235352,
    0,
    0,
    2.1923000812530518,
    0.011218786239624023,
    0,
    0,
    0,
    -0.9999997615814209,
    -0.00099999981466680765,
    0,
    0,
    -1,
    0
  ],
  "cameraGrain" : 0,
  "motionQuality" : 0.76938802003860474,
  "cameraPoseARFrame" : [
    0.99869704246520996,
    0.010824725963175297,
    -0.04986913874745369,
    -0.074777990579605103,
    0.0043913968838751316,
    0.9553874135017395,
    0.29532259702682495,
    0.2251354455947876,
    0.050841134041547775,
    -0.29515683650970459,
    0.95409518480300903,
    -1.101711630821228,
    0,
    0,
    0,
    0.99999988079071045
  ]
}