{
  "cameraPoseARFrame" : [
    -0.9998633861541748,
    -0.016521766781806946,
    -6.5621941757854074e-05,
    -16.631002426147461,
    -0.015750600025057793,
    0.95197951793670654,
    0.30575591325759888,
    0.18551945686340332,
    -0.0049891471862792969,
    0.30571526288986206,
    -0.95210987329483032,
    -17.135961532592773,
    0,
    0,
    0,
    0.99999988079071045
  ],
  "intrinsics" : [
    1597.4361572265625,
    0,
    947.19439697265625,
    0,
    1597.4361572265625,
    727.57940673828125,
    0,
    0,
    1
  ],
  "exposureDuration" : 0.01666666753590107,
  "projectionMatrix" : [
    1.6639959812164307,
    0,
    0.012818336486816406,
    0,
    0,
    2.2186613082885742,
    0.011221408843994141,
    0,
    0,
    0,
    -0.9999997615814209,
    -0.00099999981466680765,
    0,
    0,
    -1,
    0
  ],
  "averageVelocity" : 0.93264073133468628,
  "frame_index" : 314,
  "motionQuality" : 0.73353123664855957,
  "cameraGrain" : 0,
  "averageAngularVelocity" : 0.31288242340087891,
  "time" : 104192.08300916669
}