{
  "intrinsics" : [
    1597.4361572265625,
    0,
    947.251708984375,
    0,
    1597.4361572265625,
    727.574462890625,
    0,
    0,
    1
  ],
  "averageAngularVelocity" : 0.27287915349006653,
  "projectionMatrix" : [
    1.6639959812164307,
    0,
    0.012758612632751465,
    0,
    0,
    2.2186613082885742,
    0.011214554309844971,
    0,
    0,
    0,
    -0.9999997615814209,
    -0.00099999981466680765,
    0,
    0,
    -1,
    0
  ],
  "cameraGrain" : 0,
  "motionQuality" : 0.72501605749130249,
  "averageVelocity" : 0.9624437689781189,
  "frame_index" : 132,
  "cameraPoseARFrame" : [
    0.99997556209564209,
    0.0034592468291521072,
    0.0060674105770885944,
    0.33758139610290527,
    -0.0050395047292113304,
    0.95884191989898682,
    0.28389516472816467,
    0.22015148401260376,
    -0.0048356279730796814,
    -0.2839188277721405,
    0.95883607864379883,
    -18.642860412597656,
    0,
    0,
    0,
    0.99999994039535522
  ],
  "exposureDuration" : 0.01666666753590107,
  "time" : 104160.25171229169
}