{
  "intrinsics" : [
    1588.8499755859375,
    0,
    947.19696044921875,
    0,
    1588.8499755859375,
    727.5733642578125,
    0,
    0,
    1
  ],
  "cameraGrain" : 0,
  "frame_index" : 231,
  "projectionMatrix" : [
    1.6550520658493042,
    0,
    0.012815654277801514,
    0,
    0,
    2.2067360877990723,
    0.011213004589080811,
    0,
    0,
    0,
    -0.9999997615814209,
    -0.00099999981466680765,
    0,
    0,
    -1,
    0
  ],
  "cameraPoseARFrame" : [
    0.020313644781708717,
    -0.28784948587417603,
    0.95746016502380371,
    -10.195774078369141,
    -0.024367181584239006,
    0.95723068714141846,
    0.28829744458198547,
    0.20811770856380463,
    -0.99949657917022705,
    -0.02918698824942112,
    0.012430775910615921,
    -24.784244537353516,
    0,
    0,
    0,
    0.99999988079071045
  ],
  "motionQuality" : 0.71282869577407837,
  "exposureDuration" : 0.01666666753590107,
  "averageAngularVelocity" : 0.27810993790626526,
  "time" : 104177.40956370835,
  "averageVelocity" : 1.0050995349884033
}