{
  "intrinsics" : [
    1589.3018798828125,
    0,
    947.1612548828125,
    0,
    1589.3018798828125,
    727.625732421875,
    0,
    0,
    1
  ],
  "cameraGrain" : 0,
  "frame_index" : 266,
  "cameraPoseARFrame" : [
    -0.89437419176101685,
    -0.18631899356842041,
    0.40666940808296204,
    -15.867168426513672,
    -0.012075856328010559,
    0.91885048151016235,
    0.39442098140716553,
    0.17817968130111694,
    -0.44715651869773865,
    0.34784907102584839,
    -0.82404607534408569,
    -24.631744384765625,
    0,
    0,
    0,
    0.99999988079071045
  ],
  "projectionMatrix" : [
    1.6555228233337402,
    0,
    0.012852847576141357,
    0,
    0,
    2.2073636054992676,
    0.011285722255706787,
    0,
    0,
    0,
    -0.9999997615814209,
    -0.00099999981466680765,
    0,
    0,
    -1,
    0
  ],
  "motionQuality" : 0.76861089468002319,
  "exposureDuration" : 0.01666666753590107,
  "averageAngularVelocity" : 0.26049813628196716,
  "time" : 104183.64470841669,
  "averageVelocity" : 0.80986189842224121
}