{
  "intrinsics" : [
    1588.8499755859375,
    0,
    947.22821044921875,
    0,
    1588.8499755859375,
    727.56561279296875,
    0,
    0,
    1
  ],
  "time" : 104172.93835300002,
  "projectionMatrix" : [
    1.6550520658493042,
    0,
    0.01278311014175415,
    0,
    0,
    2.2067360877990723,
    0.011202216148376465,
    0,
    0,
    0,
    -0.9999997615814209,
    -0.00099999981466680765,
    0,
    0,
    -1,
    0
  ],
  "exposureDuration" : 0.01666666753590107,
  "frame_index" : 205,
  "averageVelocity" : 0.94094187021255493,
  "motionQuality" : 0.73115944862365723,
  "averageAngularVelocity" : 0.11724997311830521,
  "cameraPoseARFrame" : [
    0.031379509717226028,
    -0.26487958431243896,
    0.96377068758010864,
    -5.8891258239746094,
    -0.013932560570538044,
    0.96403598785400391,
    0.26540613174438477,
    0.25062960386276245,
    -0.99941039085388184,
    -0.021756110712885857,
    0.026560530066490173,
    -24.683284759521484,
    0,
    0,
    0,
    0.99999994039535522
  ],
  "cameraGrain" : 0
}