{
  "time" : 104206.75848291669,
  "intrinsics" : [
    1592.4652099609375,
    0,
    947.165771484375,
    0,
    1592.4652099609375,
    727.6036376953125,
    0,
    0,
    1
  ],
  "cameraPoseARFrame" : [
    -0.99808460474014282,
    -0.041171755641698837,
    0.046172350645065308,
    -16.450311660766602,
    -0.022286072373390198,
    0.93555283546447754,
    0.35248288512229919,
    0.1966487318277359,
    -0.057709001004695892,
    0.35077881813049316,
    -0.93467855453491211,
    -2.8273317813873291,
    0,
    0,
    0,
    0.99999988079071045
  ],
  "projectionMatrix" : [
    1.6588178873062134,
    0,
    0.012848138809204102,
    0,
    0,
    2.2117571830749512,
    0.011255025863647461,
    0,
    0,
    0,
    -0.9999997615814209,
    -0.00099999981466680765,
    0,
    0,
    -1,
    0
  ],
  "frame_index" : 399,
  "motionQuality" : 0.71895706653594971,
  "averageAngularVelocity" : 0.077165611088275909,
  "averageVelocity" : 0.9836503267288208,
  "exposureDuration" : 0.01666666753590107,
  "cameraGrain" : 0
}