{
  "intrinsics" : [
    1594.2728271484375,
    0,
    947.14508056640625,
    0,
    1594.2728271484375,
    727.5780029296875,
    0,
    0,
    1
  ],
  "cameraGrain" : 0,
  "frame_index" : 198,
  "projectionMatrix" : [
    1.6607009172439575,
    0,
    0.012869715690612793,
    0,
    0,
    2.2142677307128906,
    0.011219441890716553,
    0,
    0,
    0,
    -0.9999997615814209,
    -0.00099999981466680765,
    0,
    0,
    -1,
    0
  ],
  "cameraPoseARFrame" : [
    0.039292614907026291,
    -0.30055859684944153,
    0.9529535174369812,
    -4.6642928123474121,
    -0.035319730639457703,
    0.95267629623413086,
    0.30192744731903076,
    0.22320941090583801,
    -0.99860334396362305,
    -0.045521583408117294,
    0.026817468926310539,
    -24.652666091918945,
    0,
    0,
    0,
    0.99999994039535522
  ],
  "motionQuality" : 0.72727519273757935,
  "exposureDuration" : 0.01666666753590107,
  "averageAngularVelocity" : 0.082570724189281464,
  "time" : 104171.67106104169,
  "averageVelocity" : 0.95453685522079468
}