{
  "averageAngularVelocity" : 0.074237339198589325,
  "averageVelocity" : 0.96875375509262085,
  "cameraPoseARFrame" : [
    -0.99939316511154175,
    -0.03400864452123642,
    0.007524887565523386,
    -16.662370681762695,
    -0.029521921649575233,
    0.94170147180557251,
    0.33515173196792603,
    0.19767613708972931,
    -0.018484257161617279,
    0.33472621440887451,
    -0.94213402271270752,
    -18.608478546142578,
    0,
    0,
    0,
    0.99999988079071045
  ],
  "cameraGrain" : 0,
  "frame_index" : 306,
  "exposureDuration" : 0.01666666753590107,
  "time" : 104190.55059733335,
  "intrinsics" : [
    1585.2347412109375,
    0,
    947.14324951171875,
    0,
    1585.2347412109375,
    727.59088134765625,
    0,
    0,
    1
  ],
  "motionQuality" : 0.72321319580078125,
  "projectionMatrix" : [
    1.651286244392395,
    0,
    0.012871623039245605,
    0,
    0,
    2.2017149925231934,
    0.01123732328414917,
    0,
    0,
    0,
    -0.9999997615814209,
    -0.00099999981466680765,
    0,
    0,
    -1,
    0
  ]
}