{
  "motionQuality" : 0.7674560546875,
  "intrinsics" : [
    1583.4271240234375,
    0,
    947.2930908203125,
    0,
    1583.4271240234375,
    727.57275390625,
    0,
    0,
    1
  ],
  "frame_index" : 159,
  "cameraGrain" : 0,
  "projectionMatrix" : [
    1.6494032144546509,
    0,
    0.012715518474578857,
    0,
    0,
    2.1992044448852539,
    0.011212170124053955,
    0,
    0,
    0,
    -0.9999997615814209,
    -0.00099999981466680765,
    0,
    0,
    -1,
    0
  ],
  "averageVelocity" : 0.78796219825744629,
  "time" : 104164.92106937502,
  "averageAngularVelocity" : 0.81390380859375,
  "exposureDuration" : 0.01666666753590107,
  "cameraPoseARFrame" : [
    0.89243036508560181,
    -0.13352808356285095,
    0.43097352981567383,
    0.37663015723228455,
    0.010236276313662529,
    0.9609495997428894,
    0.27653348445892334,
    0.18429376184940338,
    -0.45106887817382812,
    -0.24237534403800964,
    0.8589475154876709,
    -23.009902954101562,
    0,
    0,
    0,
    0.99999994039535522
  ]
}