{
  "intrinsics" : [
    1589.3018798828125,
    0,
    947.2142333984375,
    0,
    1589.3018798828125,
    727.59771728515625,
    0,
    0,
    1
  ],
  "cameraPoseARFrame" : [
    -0.059454683214426041,
    -0.33755019307136536,
    0.93942803144454956,
    -13.346360206604004,
    -0.0068449387326836586,
    0.94120854139328003,
    0.33775675296783447,
    0.1669059693813324,
    -0.99820756912231445,
    0.013650898821651936,
    -0.05826978012919426,
    -24.828483581542969,
    0,
    0,
    0,
    0.99999994039535522
  ],
  "exposureDuration" : 0.01666666753590107,
  "projectionMatrix" : [
    1.6555228233337402,
    0,
    0.012797653675079346,
    0,
    0,
    2.2073636054992676,
    0.011246800422668457,
    0,
    0,
    0,
    -0.9999997615814209,
    -0.00099999981466680765,
    0,
    0,
    -1,
    0
  ],
  "averageVelocity" : 0.8882938027381897,
  "frame_index" : 249,
  "motionQuality" : 0.74620175361633301,
  "cameraGrain" : 0,
  "averageAngularVelocity" : 0.28833335638046265,
  "time" : 104180.57632700002
}