{
  "intrinsics" : [
    1605.1185302734375,
    0,
    947.07257080078125,
    0,
    1605.1185302734375,
    727.590576171875,
    0,
    0,
    1
  ],
  "cameraGrain" : 0,
  "frame_index" : 292,
  "projectionMatrix" : [
    1.6719985008239746,
    0,
    0.012945234775543213,
    0,
    0,
    2.2293312549591064,
    0.011236906051635742,
    0,
    0,
    0,
    -0.9999997615814209,
    -0.00099999981466680765,
    0,
    0,
    -1,
    0
  ],
  "cameraPoseARFrame" : [
    -0.99848508834838867,
    -0.04753277450799942,
    -0.027716284617781639,
    -16.691225051879883,
    -0.054126940667629242,
    0.93905651569366455,
    0.33947449922561646,
    0.18647339940071106,
    0.009890994057059288,
    0.34046044945716858,
    -0.94020682573318481,
    -20.93541145324707,
    0,
    0,
    0,
    0.99999994039535522
  ],
  "motionQuality" : 0.72259128093719482,
  "exposureDuration" : 0.01666666753590107,
  "averageAngularVelocity" : 0.18982701003551483,
  "time" : 104188.18261041668,
  "averageVelocity" : 0.97093051671981812
}