{
  "averageAngularVelocity" : 0.17201216518878937,
  "time" : 104158.38564745836,
  "cameraGrain" : 0,
  "frame_index" : 121,
  "motionQuality" : 0.73949575424194336,
  "projectionMatrix" : [
    1.6630545854568481,
    0,
    0.012838244438171387,
    0,
    0,
    2.2174060344696045,
    0.011235833168029785,
    0,
    0,
    0,
    -0.9999997615814209,
    -0.00099999981466680765,
    0,
    0,
    -1,
    0
  ],
  "averageVelocity" : 0.91176497936248779,
  "cameraPoseARFrame" : [
    0.99959969520568848,
    0.026987552642822266,
    0.0084909964352846146,
    0.33844500780105591,
    -0.028281070291996002,
    0.94489914178848267,
    0.32613745331764221,
    0.19849245250225067,
    0.00077850994421169162,
    -0.32624706625938416,
    0.94528418779373169,
    -16.944137573242188,
    0,
    0,
    0,
    0.99999994039535522
  ],
  "intrinsics" : [
    1596.5323486328125,
    0,
    947.17529296875,
    0,
    1596.5323486328125,
    727.58978271484375,
    0,
    0,
    1
  ],
  "exposureDuration" : 0.01666666753590107
}