{
  "averageAngularVelocity" : 0.35471698641777039,
  "time" : 104151.08137283336,
  "cameraGrain" : 0,
  "frame_index" : 79,
  "projectionMatrix" : [
    1.6531691551208496,
    0,
    0.012838244438171387,
    0,
    0,
    2.2042255401611328,
    0.011233031749725342,
    0,
    0,
    0,
    -0.9999997615814209,
    -0.00099999981466680765,
    0,
    0,
    -1,
    0
  ],
  "motionQuality" : 0.71222865581512451,
  "averageVelocity" : 1.007199764251709,
  "cameraPoseARFrame" : [
    0.99899309873580933,
    0.039414647966623306,
    -0.021429954096674919,
    0.099373668432235718,
    -0.030320856720209122,
    0.9452202320098877,
    0.32502168416976929,
    0.17642718553543091,
    0.033066648989915848,
    -0.32404467463493347,
    0.94546365737915039,
    -10.462779998779297,
    0,
    0,
    0,
    0.99999988079071045
  ],
  "intrinsics" : [
    1587.0423583984375,
    0,
    947.17529296875,
    0,
    1587.0423583984375,
    727.5877685546875,
    0,
    0,
    1
  ],
  "exposureDuration" : 0.01666666753590107
}