{
  "time" : 104169.59051091669,
  "exposureDuration" : 0.01666666753590107,
  "cameraPoseARFrame" : [
    0.0067173750139772892,
    -0.32188928127288818,
    0.94675338268280029,
    -2.6481993198394775,
    -0.0093907695263624191,
    0.94671261310577393,
    0.3219420313835144,
    0.2522355318069458,
    -0.99993324279785156,
    -0.011053347960114479,
    0.0033366326242685318,
    -24.700796127319336,
    0,
    0,
    0,
    0.99999988079071045
  ],
  "intrinsics" : [
    1587.494140625,
    0,
    947.19378662109375,
    0,
    1587.494140625,
    727.58660888671875,
    0,
    0,
    1
  ],
  "projectionMatrix" : [
    1.6536396741867065,
    0,
    0.012818992137908936,
    0,
    0,
    2.2048530578613281,
    0.011231422424316406,
    0,
    0,
    0,
    -0.9999997615814209,
    -0.00099999981466680765,
    0,
    0,
    -1,
    0
  ],
  "averageAngularVelocity" : 0.19958820939064026,
  "motionQuality" : 0.71353381872177124,
  "cameraGrain" : 0,
  "averageVelocity" : 1.002631664276123,
  "frame_index" : 186
}