{
  "cameraPoseARFrame" : [
    -0.9997410774230957,
    -0.015412012115120888,
    -0.01673709973692894,
    -16.627799987792969,
    -0.020012492313981056,
    0.94563233852386475,
    0.32462093234062195,
    0.20293267071247101,
    0.010824086144566536,
    0.32487186789512634,
    -0.94569605588912964,
    -17.57121467590332,
    0,
    0,
    0,
    0.99999994039535522
  ],
  "intrinsics" : [
    1592.4652099609375,
    0,
    947.1715087890625,
    0,
    1592.4652099609375,
    727.58636474609375,
    0,
    0,
    1
  ],
  "exposureDuration" : 0.01666666753590107,
  "projectionMatrix" : [
    1.6588178873062134,
    0,
    0.012842178344726562,
    0,
    0,
    2.2117571830749512,
    0.011231064796447754,
    0,
    0,
    0,
    -0.9999997615814209,
    -0.00099999981466680765,
    0,
    0,
    -1,
    0
  ],
  "averageVelocity" : 0.9571530818939209,
  "frame_index" : 312,
  "motionQuality" : 0.72652769088745117,
  "cameraGrain" : 0.0011315481970086694,
  "averageAngularVelocity" : 0.30191367864608765,
  "time" : 104191.61627658336
}