{
  "motionQuality" : 0.75555992126464844,
  "cameraPoseARFrame" : [
    -0.98092019557952881,
    -0.088780246675014496,
    0.17295533418655396,
    -16.259979248046875,
    -0.016574904322624207,
    0.9245913028717041,
    0.38059991598129272,
    0.19137959182262421,
    -0.19370271265506744,
    0.37047144770622253,
    -0.90842193365097046,
    -24.291522979736328,
    0,
    0,
    0,
    1
  ],
  "averageVelocity" : 0.85554033517837524,
  "projectionMatrix" : [
    1.6559935808181763,
    0,
    0.012860357761383057,
    0,
    0,
    2.207991361618042,
    0.011272430419921875,
    0,
    0,
    0,
    -0.9999997615814209,
    -0.00099999981466680765,
    0,
    0,
    -1,
    0
  ],
  "exposureDuration" : 0.01666666753590107,
  "cameraGrain" : 0,
  "frame_index" : 270,
  "averageAngularVelocity" : 0.3913535475730896,
  "time" : 104184.27908595836,
  "intrinsics" : [
    1589.7537841796875,
    0,
    947.154052734375,
    0,
    1589.7537841796875,
    727.61614990234375,
    0,
    0,
    1
  ]
}