{
  "exposureDuration" : 0.01666666753590107,
  "averageAngularVelocity" : 0.3696213960647583,
  "frame_index" : 11,
  "time" : 104139.33919566669,
  "intrinsics" : [
    1578.4560546875,
    0,
    947.1729736328125,
    0,
    1578.4560546875,
    727.568603515625,
    0,
    0,
    1
  ],
  "averageVelocity" : 0.76819491386413574,
  "projectionMatrix" : [
    1.644225001335144,
    0,
    0.012840628623962402,
    0,
    0,
    2.1923000812530518,
    0.011206388473510742,
    0,
    0,
    0,
    -0.9999997615814209,
    -0.00099999981466680765,
    0,
    0,
    -1,
    0
  ],
  "cameraGrain" : 0,
  "motionQuality" : 0.78051573038101196,
  "cameraPoseARFrame" : [
    0.99849331378936768,
    0.050514131784439087,
    -0.021430328488349915,
    -0.080403998494148254,
    -0.042332947254180908,
    0.95763188600540161,
    0.2848663330078125,
    0.23353362083435059,
    0.034912142902612686,
    -0.28352996706962585,
    0.95832765102386475,
    -0.37193167209625244,
    0,
    0,
    0,
    0.99999994039535522
  ]
}