{
  "exposureDuration" : 0.01666666753590107,
  "averageAngularVelocity" : 0.13278974592685699,
  "frame_index" : 224,
  "time" : 104176.27568645835,
  "intrinsics" : [
    1602.8590087890625,
    0,
    947.2021484375,
    0,
    1602.8590087890625,
    727.58294677734375,
    0,
    0,
    1
  ],
  "averageVelocity" : 0.91732519865036011,
  "projectionMatrix" : [
    1.669644832611084,
    0,
    0.012810289859771729,
    0,
    0,
    2.2261929512023926,
    0.011226296424865723,
    0,
    0,
    0,
    -0.9999997615814209,
    -0.00099999981466680765,
    0,
    0,
    -1,
    0
  ],
  "cameraGrain" : 0,
  "motionQuality" : 0.7379070520401001,
  "cameraPoseARFrame" : [
    -0.013666693121194839,
    -0.30903998017311096,
    0.9509507417678833,
    -9.1434764862060547,
    -0.015721313655376434,
    0.95098841190338135,
    0.30882623791694641,
    0.21675270795822144,
    -0.9997829794883728,
    -0.010729556903243065,
    -0.017855390906333923,
    -24.775749206542969,
    0,
    0,
    0,
    0.99999994039535522
  ]
}