{
  "intrinsics" : [
    1589.7537841796875,
    0,
    947.21112060546875,
    0,
    1589.7537841796875,
    727.5499267578125,
    0,
    0,
    1
  ],
  "cameraGrain" : 0,
  "frame_index" : 216,
  "projectionMatrix" : [
    1.6559935808181763,
    0,
    0.012800931930541992,
    0,
    0,
    2.207991361618042,
    0.011180460453033447,
    0,
    0,
    0,
    -0.9999997615814209,
    -0.00099999981466680765,
    0,
    0,
    -1,
    0
  ],
  "cameraPoseARFrame" : [
    -0.0041073402389883995,
    -0.22351393103599548,
    0.97469198703765869,
    -7.7251219749450684,
    -0.032393362373113632,
    0.97421836853027344,
    0.22326882183551788,
    0.26126760244369507,
    -0.99946671724319458,
    -0.030656516551971436,
    -0.011241828091442585,
    -24.763179779052734,
    0,
    0,
    0,
    0.99999994039535522
  ],
  "motionQuality" : 0.72365111112594604,
  "exposureDuration" : 0.01666666753590107,
  "averageAngularVelocity" : 0.20467452704906464,
  "time" : 104174.77461720836,
  "averageVelocity" : 0.96722108125686646
}