{
  "cameraPoseARFrame" : [
    -0.99987590312957764,
    -0.0057074981741607189,
    -0.014681803993880749,
    -16.700843811035156,
    -0.0097254514694213867,
    0.95687007904052734,
    0.29035300016403198,
    0.18571525812149048,
    0.01239139586687088,
    0.29045975208282471,
    -0.95680683851242065,
    -19.654624938964844,
    0,
    0,
    0,
    0.99999994039535522
  ],
  "intrinsics" : [
    1587.9461669921875,
    0,
    947.2191162109375,
    0,
    1587.9461669921875,
    727.57275390625,
    0,
    0,
    1
  ],
  "exposureDuration" : 0.01666666753590107,
  "projectionMatrix" : [
    1.6541105508804321,
    0,
    0.012792587280273438,
    0,
    0,
    2.2054808139801025,
    0.011212170124053955,
    0,
    0,
    0,
    -0.9999997615814209,
    -0.00099999981466680765,
    0,
    0,
    -1,
    0
  ],
  "averageVelocity" : 1.0069385766983032,
  "frame_index" : 300,
  "motionQuality" : 0.7123032808303833,
  "cameraGrain" : 0,
  "averageAngularVelocity" : 0.23590417206287384,
  "time" : 104189.51731995835
}