{
  "intrinsics" : [
    1587.0423583984375,
    0,
    947.13763427734375,
    0,
    1587.0423583984375,
    727.60321044921875,
    0,
    0,
    1
  ],
  "averageAngularVelocity" : 0.14147421717643738,
  "projectionMatrix" : [
    1.6531691551208496,
    0,
    0.012877464294433594,
    0,
    0,
    2.2042255401611328,
    0.011254429817199707,
    0,
    0,
    0,
    -0.9999997615814209,
    -0.00099999981466680765,
    0,
    0,
    -1,
    0
  ],
  "cameraGrain" : 0,
  "motionQuality" : 0.73392146825790405,
  "averageVelocity" : 0.93127483129501343,
  "frame_index" : 69,
  "cameraPoseARFrame" : [
    0.99687135219573975,
    0.058241788297891617,
    -0.053434886038303375,
    -0.0053462199866771698,
    -0.03533482551574707,
    0.93310999870300293,
    0.35785076022148132,
    0.1851300448179245,
    0.070702485740184784,
    -0.35484308004379272,
    0.93224871158599854,
    -8.8746185302734375,
    0,
    0,
    0,
    1
  ],
  "exposureDuration" : 0.01666666753590107,
  "time" : 104149.31212712503
}