{
  "cameraPoseARFrame" : [
    -0.99985480308532715,
    -0.013712819665670395,
    -0.010108102113008499,
    -16.459661483764648,
    -0.016133181750774384,
    0.95275574922561646,
    0.30330830812454224,
    0.2011171281337738,
    0.0054713496938347816,
    0.30342736840248108,
    -0.95283883810043335,
    -3.3744246959686279,
    0,
    0,
    0,
    0.99999994039535522
  ],
  "projectionMatrix" : [
    1.6588178873062134,
    0,
    0.012806594371795654,
    0,
    0,
    2.2117571830749512,
    0.011225283145904541,
    0,
    0,
    0,
    -0.9999997615814209,
    -0.00099999981466680765,
    0,
    0,
    -1,
    0
  ],
  "intrinsics" : [
    1592.4652099609375,
    0,
    947.2056884765625,
    0,
    1592.4652099609375,
    727.58221435546875,
    0,
    0,
    1
  ],
  "frame_index" : 396,
  "cameraGrain" : 0,
  "exposureDuration" : 0.01666666753590107,
  "time" : 104206.22496945836,
  "motionQuality" : 0.72594761848449707,
  "averageVelocity" : 0.9591834545135498,
  "averageAngularVelocity" : 0.15954096615314484
}