{
  "exposureDuration" : 0.01666666753590107,
  "averageAngularVelocity" : 0.22086361050605774,
  "frame_index" : 80,
  "time" : 104151.31329616669,
  "intrinsics" : [
    1601.5032958984375,
    0,
    947.1514892578125,
    0,
    1601.5032958984375,
    727.582275390625,
    0,
    0,
    1
  ],
  "averageVelocity" : 0.90945565700531006,
  "projectionMatrix" : [
    1.6682325601577759,
    0,
    0.012863039970397949,
    0,
    0,
    2.2243101596832275,
    0.011225402355194092,
    0,
    0,
    0,
    -0.9999997615814209,
    -0.00099999981466680765,
    0,
    0,
    -1,
    0
  ],
  "cameraGrain" : 0,
  "motionQuality" : 0.74015551805496216,
  "cameraPoseARFrame" : [
    0.99911463260650635,
    0.041234027594327927,
    0.0083373365923762321,
    0.1167631596326828,
    -0.04176519438624382,
    0.94848299026489258,
    0.31406298279762268,
    0.19371508061885834,
    0.0050422642379999161,
    -0.3141331672668457,
    0.94936543703079224,
    -10.679341316223145,
    0,
    0,
    0,
    0.99999994039535522
  ]
}