{
  "intrinsics" : [
    1589.7537841796875,
    0,
    947.2044677734375,
    0,
    1589.7537841796875,
    727.60711669921875,
    0,
    0,
    1
  ],
  "cameraPoseARFrame" : [
    -0.12307512760162354,
    -0.35375481843948364,
    0.92720544338226318,
    -13.729083061218262,
    -0.0074996571056544781,
    0.93461358547210693,
    0.35558569431304932,
    0.18725360929965973,
    -0.99236899614334106,
    0.036810033023357391,
    -0.11768070608377457,
    -24.847269058227539,
    0,
    0,
    0,
    0.99999994039535522
  ],
  "exposureDuration" : 0.01666666753590107,
  "projectionMatrix" : [
    1.6559935808181763,
    0,
    0.012807846069335938,
    0,
    0,
    2.207991361618042,
    0.011259913444519043,
    0,
    0,
    0,
    -0.9999997615814209,
    -0.00099999981466680765,
    0,
    0,
    -1,
    0
  ],
  "averageVelocity" : 0.84834426641464233,
  "frame_index" : 251,
  "motionQuality" : 0.75761592388153076,
  "cameraGrain" : 0,
  "averageAngularVelocity" : 0.23321324586868286,
  "time" : 104181.00996341668
}