{
  "frame_index" : 5,
  "averageVelocity" : 0.059472378343343735,
  "exposureDuration" : 0.01666666753590107,
  "averageAngularVelocity" : 0.37558433413505554,
  "projectionMatrix" : [
    1.6564642190933228,
    0,
    0.012635350227355957,
    0,
    0,
    2.2086191177368164,
    0.011176049709320068,
    0,
    0,
    0,
    -0.9999997615814209,
    -0.00099999981466680765,
    0,
    0,
    -1,
    0
  ],
  "motionQuality" : 0.89269018173217773,
  "cameraGrain" : 0,
  "time" : 104138.30527454169,
  "cameraPoseARFrame" : [
    0.99920511245727539,
    -0.0097505971789360046,
    -0.038653220981359482,
    -0.19856336712837219,
    0.016744596883654594,
    0.98259818553924561,
    0.18498764932155609,
    0.27114087343215942,
    0.036176837980747223,
    -0.18548785150051117,
    0.98198038339614868,
    0.00051263719797134399,
    0,
    0,
    0,
    0.99999994039535522
  ],
  "intrinsics" : [
    1590.2056884765625,
    0,
    947.37005615234375,
    0,
    1590.2056884765625,
    727.5467529296875,
    0,
    0,
    1
  ]
}