{
  "frame_index" : 410,
  "time" : 104208.79471575002,
  "averageAngularVelocity" : 0.16077770292758942,
  "motionQuality" : 0.71438395977020264,
  "projectionMatrix" : [
    1.6677619218826294,
    0,
    0.012818694114685059,
    0,
    0,
    2.2236824035644531,
    0.011239469051361084,
    0,
    0,
    0,
    -0.9999997615814209,
    -0.00099999981466680765,
    0,
    0,
    -1,
    0
  ],
  "averageVelocity" : 0.99965602159500122,
  "cameraGrain" : 0,
  "exposureDuration" : 0.01666666753590107,
  "cameraPoseARFrame" : [
    -0.99977397918701172,
    -0.019626231864094734,
    0.0081764431670308113,
    -16.448371887207031,
    -0.015826467424631119,
    0.94377672672271729,
    0.33020451664924622,
    0.21300980448722839,
    -0.014197406359016895,
    0.33000046014785767,
    -0.94387400150299072,
    -0.76693898439407349,
    0,
    0,
    0,
    0.99999994039535522
  ],
  "intrinsics" : [
    1601.0513916015625,
    0,
    947.19403076171875,
    0,
    1601.0513916015625,
    727.5924072265625,
    0,
    0,
    1
  ]
}