{
  "intrinsics" : [
    1589.7537841796875,
    0,
    947.2364501953125,
    0,
    1589.7537841796875,
    727.60595703125,
    0,
    0,
    1
  ],
  "cameraPoseARFrame" : [
    -0.097007378935813904,
    -0.34773826599121094,
    0.93255972862243652,
    -13.557147979736328,
    0.0037729032337665558,
    0.93684357404708862,
    0.34972810745239258,
    0.18490582704544067,
    -0.99527645111083984,
    0.037444673478603363,
    -0.089568749070167542,
    -24.830101013183594,
    0,
    0,
    0,
    0.99999988079071045
  ],
  "exposureDuration" : 0.01666666753590107,
  "projectionMatrix" : [
    1.6559935808181763,
    0,
    0.012774527072906494,
    0,
    0,
    2.207991361618042,
    0.011258244514465332,
    0,
    0,
    0,
    -0.9999997615814209,
    -0.00099999981466680765,
    0,
    0,
    -1,
    0
  ],
  "averageVelocity" : 0.87164884805679321,
  "frame_index" : 250,
  "motionQuality" : 0.75095748901367188,
  "cameraGrain" : 0,
  "averageAngularVelocity" : 0.2162255197763443,
  "time" : 104180.80983291668
}