{
  "projectionMatrix" : [
    1.6677619218826294,
    0,
    0.012805163860321045,
    0,
    0,
    2.2236824035644531,
    0.011241257190704346,
    0,
    0,
    0,
    -0.9999997615814209,
    -0.00099999981466680765,
    0,
    0,
    -1,
    0
  ],
  "averageVelocity" : 0.92837643623352051,
  "cameraPoseARFrame" : [
    -0.99840831756591797,
    -0.02871391735970974,
    0.048539541661739349,
    -16.420320510864258,
    -0.011101161129772663,
    0.94390374422073364,
    0.3300335705280304,
    0.23200340569019318,
    -0.05529322475194931,
    0.32896950840950012,
    -0.94272017478942871,
    -0.27846747636795044,
    0,
    0,
    0,
    0.99999982118606567
  ],
  "averageAngularVelocity" : 0.10000302642583847,
  "cameraGrain" : 0,
  "intrinsics" : [
    1601.0513916015625,
    0,
    947.20703125,
    0,
    1601.0513916015625,
    727.59368896484375,
    0,
    0,
    1
  ],
  "exposureDuration" : 0.01666666753590107,
  "motionQuality" : 0.73474955558776855,
  "time" : 104209.29314662502,
  "frame_index" : 413
}