{
  "intrinsics" : [
    1589.7537841796875,
    0,
    947.18402099609375,
    0,
    1589.7537841796875,
    727.59259033203125,
    0,
    0,
    1
  ],
  "motionQuality" : 0.77018344402313232,
  "averageVelocity" : 0.80435800552368164,
  "projectionMatrix" : [
    1.6559935808181763,
    0,
    0.012829124927520752,
    0,
    0,
    2.207991361618042,
    0.011239707469940186,
    0,
    0,
    0,
    -0.9999997615814209,
    -0.00099999981466680765,
    0,
    0,
    -1,
    0
  ],
  "exposureDuration" : 0.01666666753590107,
  "cameraGrain" : 0,
  "frame_index" : 271,
  "averageAngularVelocity" : 0.27048617601394653,
  "time" : 104184.51383808335,
  "cameraPoseARFrame" : [
    -0.98791044950485229,
    -0.064265266060829163,
    0.14107723534107208,
    -16.376283645629883,
    -0.013672821223735809,
    0.94260132312774658,
    0.33363997936248779,
    0.19159500300884247,
    -0.15442106127738953,
    0.32767751812934875,
    -0.93208456039428711,
    -24.13212776184082,
    0,
    0,
    0,
    1
  ]
}