{
  "cameraPoseARFrame" : [
    0.99775350093841553,
    0.040646232664585114,
    -0.053250860422849655,
    0.12340137362480164,
    -0.020099297165870667,
    0.93990892171859741,
    0.34083235263824463,
    0.2042822539806366,
    0.063904531300067902,
    -0.33899638056755066,
    0.93861454725265503,
    -12.63917064666748,
    0,
    0,
    0,
    0.99999982118606567
  ],
  "intrinsics" : [
    1595.6285400390625,
    0,
    947.190673828125,
    0,
    1595.6285400390625,
    727.59625244140625,
    0,
    0,
    1
  ],
  "exposureDuration" : 0.01666666753590107,
  "projectionMatrix" : [
    1.6621130704879761,
    0,
    0.012822210788726807,
    0,
    0,
    2.2161507606506348,
    0.011244773864746094,
    0,
    0,
    0,
    -0.9999997615814209,
    -0.00099999981466680765,
    0,
    0,
    -1,
    0
  ],
  "averageVelocity" : 0.91855722665786743,
  "frame_index" : 93,
  "motionQuality" : 0.73755508661270142,
  "cameraGrain" : 0.00015040805737953633,
  "averageAngularVelocity" : 0.18845632672309875,
  "time" : 104153.48096866668
}