{
  "cameraPoseARFrame" : [
    0.99937635660171509,
    0.03395543247461319,
    -0.0096831377595663071,
    0.29911151528358459,
    -0.029291922226548195,
    0.95041215419769287,
    0.30961024761199951,
    0.17853736877441406,
    0.019715921953320503,
    -0.30913358926773071,
    0.95081418752670288,
    -16.627580642700195,
    0,
    0,
    0,
    0.99999994039535522
  ],
  "intrinsics" : [
    1581.6195068359375,
    0,
    947.187744140625,
    0,
    1581.6195068359375,
    727.5826416015625,
    0,
    0,
    1
  ],
  "exposureDuration" : 0.01666666753590107,
  "projectionMatrix" : [
    1.6475203037261963,
    0,
    0.012825250625610352,
    0,
    0,
    2.1966936588287354,
    0.011225879192352295,
    0,
    0,
    0,
    -0.9999997615814209,
    -0.00099999981466680765,
    0,
    0,
    -1,
    0
  ],
  "averageVelocity" : 0.89690256118774414,
  "frame_index" : 119,
  "motionQuality" : 0.74374210834503174,
  "cameraGrain" : 0,
  "averageAngularVelocity" : 0.20342734456062317,
  "time" : 104158.05212483335
}