{
  "motionQuality" : 0.76063567399978638,
  "intrinsics" : [
    1583.4271240234375,
    0,
    947.30517578125,
    0,
    1583.4271240234375,
    727.5831298828125,
    0,
    0,
    1
  ],
  "frame_index" : 170,
  "cameraGrain" : 0,
  "projectionMatrix" : [
    1.6494032144546509,
    0,
    0.01270294189453125,
    0,
    0,
    2.1992044448852539,
    0.0112265944480896,
    0,
    0,
    0,
    -0.9999997615814209,
    -0.00099999981466680765,
    0,
    0,
    -1,
    0
  ],
  "averageVelocity" : 0.83777511119842529,
  "time" : 104166.88892275002,
  "averageAngularVelocity" : 0.28132602572441101,
  "exposureDuration" : 0.01666666753590107,
  "cameraPoseARFrame" : [
    0.10795827955007553,
    -0.29887199401855469,
    0.94816684722900391,
    -0.21507489681243896,
    0.023132102563977242,
    0.95423799753189087,
    0.29815185070037842,
    0.18880891799926758,
    -0.99388623237609863,
    -0.010254866443574429,
    0.10993143916130066,
    -24.373682022094727,
    0,
    0,
    0,
    0.99999988079071045
  ]
}