{
  "exposureDuration" : 0.01666666753590107,
  "averageAngularVelocity" : 0.10234241187572479,
  "frame_index" : 14,
  "time" : 104139.90632566669,
  "intrinsics" : [
    1578.4560546875,
    0,
    947.2471923828125,
    0,
    1578.4560546875,
    727.5628662109375,
    0,
    0,
    1
  ],
  "averageVelocity" : 0.62911301851272583,
  "projectionMatrix" : [
    1.644225001335144,
    0,
    0.012763321399688721,
    0,
    0,
    2.1923000812530518,
    0.01119840145111084,
    0,
    0,
    0,
    -0.9999997615814209,
    -0.00099999981466680765,
    0,
    0,
    -1,
    0
  ],
  "cameraGrain" : 0,
  "motionQuality" : 0.82025343179702759,
  "cameraPoseARFrame" : [
    0.99989700317382812,
    0.012388586066663265,
    -0.0072365021333098412,
    -0.048056516796350479,
    -0.010087050497531891,
    0.9656989574432373,
    0.25946763157844543,
    0.22634109854698181,
    0.010202717967331409,
    -0.25936791300773621,
    0.96572458744049072,
    -0.70948803424835205,
    0,
    0,
    0,
    0.99999988079071045
  ]
}