{
  "intrinsics" : [
    1589.7537841796875,
    0,
    947.19091796875,
    0,
    1589.7537841796875,
    727.60296630859375,
    0,
    0,
    1
  ],
  "cameraPoseARFrame" : [
    -0.15850742161273956,
    -0.34681302309036255,
    0.92444360256195068,
    -13.814397811889648,
    -0.013887532986700535,
    0.93697077035903931,
    0.34913149476051331,
    0.1783536970615387,
    -0.98726004362106323,
    0.042501695454120636,
    -0.15333323180675507,
    -24.862113952636719,
    0,
    0,
    0,
    0.99999994039535522
  ],
  "exposureDuration" : 0.01666666753590107,
  "projectionMatrix" : [
    1.6559935808181763,
    0,
    0.012821972370147705,
    0,
    0,
    2.207991361618042,
    0.01125413179397583,
    0,
    0,
    0,
    -0.9999997615814209,
    -0.00099999981466680765,
    0,
    0,
    -1,
    0
  ],
  "averageVelocity" : 0.86197954416275024,
  "frame_index" : 252,
  "motionQuality" : 0.75372016429901123,
  "cameraGrain" : 0,
  "averageAngularVelocity" : 0.35588231682777405,
  "time" : 104181.11034891669
}