{
  "intrinsics" : [
    1574.8409423828125,
    0,
    947.30108642578125,
    0,
    1574.8409423828125,
    727.55999755859375,
    0,
    0,
    1
  ],
  "cameraPoseARFrame" : [
    0.00081399222835898399,
    -0.24345411360263824,
    0.96991199254989624,
    -1.1346088647842407,
    0.012357712723314762,
    0.9698406457901001,
    0.24342583119869232,
    0.22734513878822327,
    -0.99992316961288452,
    0.011787749826908112,
    0.0037979802582412958,
    -24.762083053588867,
    0,
    0,
    0,
    0.99999988079071045
  ],
  "exposureDuration" : 0.01666666753590107,
  "projectionMatrix" : [
    1.6404592990875244,
    0,
    0.012707173824310303,
    0,
    0,
    2.1872789859771729,
    0.011194467544555664,
    0,
    0,
    0,
    -0.9999997615814209,
    -0.00099999981466680765,
    0,
    0,
    -1,
    0
  ],
  "averageVelocity" : 0.93016654253005981,
  "frame_index" : 176,
  "motionQuality" : 0.7342381477355957,
  "cameraGrain" : 0,
  "averageAngularVelocity" : 0.17240692675113678,
  "time" : 104167.95667087502
}