{
  "intrinsics" : [
    1599.2437744140625,
    0,
    947.12322998046875,
    0,
    1599.2437744140625,
    727.59326171875,
    0,
    0,
    1
  ],
  "cameraPoseARFrame" : [
    -0.99946129322052002,
    -0.02990109845995903,
    -0.013526255264878273,
    -16.716073989868164,
    -0.032720122486352921,
    0.93974339962005615,
    0.34031081199645996,
    0.22081947326660156,
    0.0025355587713420391,
    0.3405701220035553,
    -0.94021576642990112,
    -22.07281494140625,
    0,
    0,
    0,
    0.99999994039535522
  ],
  "exposureDuration" : 0.01666666753590107,
  "projectionMatrix" : [
    1.6658788919448853,
    0,
    0.012892484664916992,
    0,
    0,
    2.2211718559265137,
    0.011240661144256592,
    0,
    0,
    0,
    -0.9999997615814209,
    -0.00099999981466680765,
    0,
    0,
    -1,
    0
  ],
  "averageVelocity" : 0.94418203830718994,
  "frame_index" : 285,
  "motionQuality" : 0.73023366928100586,
  "cameraGrain" : 0,
  "averageAngularVelocity" : 0.17402616143226624,
  "time" : 104186.91345875002
}