{
  "projectionMatrix" : [
    1.6559935808181763,
    0,
    0.0128517746925354,
    0,
    0,
    2.207991361618042,
    0.011200785636901855,
    0,
    0,
    0,
    -0.9999997615814209,
    -0.00099999981466680765,
    0,
    0,
    -1,
    0
  ],
  "averageVelocity" : 0.93236511945724487,
  "cameraPoseARFrame" : [
    -0.99847292900085449,
    -0.051448691636323929,
    0.020119372755289078,
    -16.499364852905273,
    -0.044263813644647598,
    0.96299749612808228,
    0.2658502459526062,
    0.23680579662322998,
    -0.033052563667297363,
    0.26455375552177429,
    -0.96380424499511719,
    -5.4197721481323242,
    0,
    0,
    0,
    0.99999994039535522
  ],
  "averageAngularVelocity" : 0.2090059369802475,
  "cameraGrain" : 0,
  "intrinsics" : [
    1589.7537841796875,
    0,
    947.16229248046875,
    0,
    1589.7537841796875,
    727.5645751953125,
    0,
    0,
    1
  ],
  "exposureDuration" : 0.01666666753590107,
  "motionQuality" : 0.73360997438430786,
  "time" : 104204.15750154169,
  "frame_index" : 384
}