{
  "intrinsics" : [
    1589.7537841796875,
    0,
    947.236572265625,
    0,
    1589.7537841796875,
    727.56842041015625,
    0,
    0,
    1
  ],
  "cameraPoseARFrame" : [
    -0.016215594485402107,
    -0.27280339598655701,
    0.96193307638168335,
    -1.404116153717041,
    -0.0017175216926261783,
    0.96206575632095337,
    0.27281206846237183,
    0.20496571063995361,
    -0.99986696243286133,
    0.0027716702315956354,
    -0.016069017350673676,
    -24.758367538452148,
    0,
    0,
    0,
    0.99999994039535522
  ],
  "exposureDuration" : 0.01666666753590107,
  "projectionMatrix" : [
    1.6559935808181763,
    0,
    0.012774407863616943,
    0,
    0,
    2.207991361618042,
    0.011206150054931641,
    0,
    0,
    0,
    -0.9999997615814209,
    -0.00099999981466680765,
    0,
    0,
    -1,
    0
  ],
  "averageVelocity" : 0.87443774938583374,
  "frame_index" : 178,
  "motionQuality" : 0.75016063451766968,
  "cameraGrain" : 0,
  "averageAngularVelocity" : 0.07217174768447876,
  "time" : 104168.25674220835
}