{
  "cameraPoseARFrame" : [
    -0.99960899353027344,
    -0.010383901186287403,
    -0.025957781821489334,
    -16.635017395019531,
    -0.018372487276792526,
    0.94381928443908691,
    0.32995057106018066,
    0.21498721837997437,
    0.021073274314403534,
    0.33029854297637939,
    -0.94364112615585327,
    -16.827857971191406,
    0,
    0,
    0,
    0.99999988079071045
  ],
  "intrinsics" : [
    1610.5413818359375,
    0,
    947.17529296875,
    0,
    1610.5413818359375,
    727.58880615234375,
    0,
    0,
    1
  ],
  "exposureDuration" : 0.01666666753590107,
  "projectionMatrix" : [
    1.6776472330093384,
    0,
    0.012838244438171387,
    0,
    0,
    2.2368631362915039,
    0.011234462261199951,
    0,
    0,
    0,
    -0.9999997615814209,
    -0.00099999981466680765,
    0,
    0,
    -1,
    0
  ],
  "averageVelocity" : 1.0283967256546021,
  "frame_index" : 316,
  "motionQuality" : 0.70617234706878662,
  "cameraGrain" : 0,
  "averageAngularVelocity" : 0.22752051055431366,
  "time" : 104192.38505550002
}