{
  "intrinsics" : [
    1585.2347412109375,
    0,
    947.158935546875,
    0,
    1585.2347412109375,
    727.58251953125,
    0,
    0,
    1
  ],
  "cameraPoseARFrame" : [
    -0.99913942813873291,
    -0.015092180110514164,
    -0.038632910698652267,
    -16.634147644042969,
    -0.026630772277712822,
    0.94752168655395508,
    0.31858021020889282,
    0.19793251156806946,
    0.031797461211681366,
    0.31933492422103882,
    -0.94710826873779297,
    -17.666311264038086,
    0,
    0,
    0,
    0.99999994039535522
  ],
  "exposureDuration" : 0.01666666753590107,
  "projectionMatrix" : [
    1.651286244392395,
    0,
    0.012855291366577148,
    0,
    0,
    2.2017149925231934,
    0.011225700378417969,
    0,
    0,
    0,
    -0.9999997615814209,
    -0.00099999981466680765,
    0,
    0,
    -1,
    0
  ],
  "averageVelocity" : 0.99908584356307983,
  "frame_index" : 311,
  "motionQuality" : 0.71454691886901855,
  "cameraGrain" : 0,
  "averageAngularVelocity" : 0.29806920886039734,
  "time" : 104191.51617908335
}