{
  "averageAngularVelocity" : 0.069361001253128052,
  "intrinsics" : [
    1585.6866455078125,
    0,
    947.23114013671875,
    0,
    1585.6866455078125,
    727.59332275390625,
    0,
    0,
    1
  ],
  "projectionMatrix" : [
    1.6517568826675415,
    0,
    0.012780070304870605,
    0,
    0,
    2.2023425102233887,
    0.011240720748901367,
    0,
    0,
    0,
    -0.9999997615814209,
    -0.00099999981466680765,
    0,
    0,
    -1,
    0
  ],
  "cameraPoseARFrame" : [
    -0.99987584352493286,
    -0.0071179340593516827,
    0.014055156148970127,
    -16.46980094909668,
    -0.0021459620911628008,
    0.94533830881118774,
    0.32608389854431152,
    0.2073056548833847,
    -0.015607922337949276,
    0.32601332664489746,
    -0.94523626565933228,
    -2.3215272426605225,
    0,
    0,
    0,
    0.99999994039535522
  ],
  "motionQuality" : 0.7222144603729248,
  "exposureDuration" : 0.01666666753590107,
  "cameraGrain" : 0,
  "averageVelocity" : 0.97224938869476318,
  "frame_index" : 402,
  "time" : 104207.25894208335
}