{
  "projectionMatrix" : [
    1.6597594022750854,
    0,
    0.012770950794219971,
    0,
    0,
    2.2130124568939209,
    0.011210381984710693,
    0,
    0,
    0,
    -0.9999997615814209,
    -0.00099999981466680765,
    0,
    0,
    -1,
    0
  ],
  "averageVelocity" : 1.0923075675964355,
  "cameraPoseARFrame" : [
    -0.99989879131317139,
    -0.0046017146669328213,
    -0.013455242849886417,
    -16.531806945800781,
    -0.0082023413851857185,
    0.95956510305404663,
    0.28136706352233887,
    0.22437801957130432,
    0.011616419069468975,
    0.28144899010658264,
    -0.95950585603713989,
    -10.47832202911377,
    0,
    0,
    0,
    0.99999994039535522
  ],
  "averageAngularVelocity" : 0.25827410817146301,
  "cameraGrain" : 0,
  "intrinsics" : [
    1593.3690185546875,
    0,
    947.2398681640625,
    0,
    1593.3690185546875,
    727.57147216796875,
    0,
    0,
    1
  ],
  "exposureDuration" : 0.01666666753590107,
  "motionQuality" : 0.68791210651397705,
  "time" : 104198.95389404168,
  "frame_index" : 354
}