{
  "projectionMatrix" : [
    1.644225001335144,
    0,
    0.012813866138458252,
    0,
    0,
    2.1923000812530518,
    0.011170268058776855,
    0,
    0,
    0,
    -0.9999997615814209,
    -0.00099999981466680765,
    0,
    0,
    -1,
    0
  ],
  "averageAngularVelocity" : 0.33339801430702209,
  "exposureDuration" : 0.01666666753590107,
  "motionQuality" : 0.88407760858535767,
  "frame_index" : 8,
  "intrinsics" : [
    1578.4560546875,
    0,
    947.19866943359375,
    0,
    1578.4560546875,
    727.5426025390625,
    0,
    0,
    1
  ],
  "time" : 104138.87255116669,
  "averageVelocity" : 0.40572836995124817,
  "cameraGrain" : 0,
  "cameraPoseARFrame" : [
    0.99793553352355957,
    0.056186120957136154,
    -0.031110307201743126,
    -0.17020995914936066,
    -0.04861590638756752,
    0.97739803791046143,
    0.20574109256267548,
    0.2526881992816925,
    0.041966956108808517,
    -0.2038038969039917,
    0.97811180353164673,
    -0.090137466788291931,
    0,
    0,
    0,
    0.99999994039535522
  ]
}