{
  "intrinsics" : [
    1587.0423583984375,
    0,
    947.23614501953125,
    0,
    1587.0423583984375,
    727.58514404296875,
    0,
    0,
    1
  ],
  "cameraGrain" : 0,
  "frame_index" : 277,
  "projectionMatrix" : [
    1.6531691551208496,
    0,
    0.012774825096130371,
    0,
    0,
    2.2042255401611328,
    0.011229395866394043,
    0,
    0,
    0,
    -0.9999997615814209,
    -0.00099999981466680765,
    0,
    0,
    -1,
    0
  ],
  "cameraPoseARFrame" : [
    -0.99988687038421631,
    -0.00014985718007665128,
    0.015041142702102661,
    -16.736682891845703,
    0.0045813461765646935,
    0.94940781593322754,
    0.31401216983795166,
    0.23578289151191711,
    -0.014327235519886017,
    0.31404557824134827,
    -0.94929981231689453,
    -23.25425910949707,
    0,
    0,
    0,
    1
  ],
  "motionQuality" : 0.75634956359863281,
  "exposureDuration" : 0.01666666753590107,
  "averageAngularVelocity" : 0.35314646363258362,
  "time" : 104185.57914025002,
  "averageVelocity" : 0.85277640819549561
}