{
  "time" : 104207.79234383335,
  "frame_index" : 405,
  "exposureDuration" : 0.01666666753590107,
  "projectionMatrix" : [
    1.6555228233337402,
    0,
    0.012783825397491455,
    0,
    0,
    2.2073636054992676,
    0.011258840560913086,
    0,
    0,
    0,
    -0.9999997615814209,
    -0.00099999981466680765,
    0,
    0,
    -1,
    0
  ],
  "cameraGrain" : 0,
  "cameraPoseARFrame" : [
    -0.99596786499023438,
    -0.029086161404848099,
    0.084864616394042969,
    -16.447633743286133,
    0.0027055016253143549,
    0.93581229448318481,
    0.35248824954032898,
    0.19885866343975067,
    -0.089669875800609589,
    0.35129660367965698,
    -0.93196028470993042,
    -1.7633730173110962,
    0,
    0,
    0,
    0.99999994039535522
  ],
  "intrinsics" : [
    1589.3018798828125,
    0,
    947.2275390625,
    0,
    1589.3018798828125,
    727.60638427734375,
    0,
    0,
    1
  ],
  "motionQuality" : 0.68952310085296631,
  "averageVelocity" : 1.0866692066192627,
  "averageAngularVelocity" : 0.31676161289215088
}