{
  "cameraPoseARFrame" : [
    -0.99930429458618164,
    -0.028153924271464348,
    0.024454526603221893,
    -16.501901626586914,
    -0.020053479820489883,
    0.95857697725296021,
    0.2841264009475708,
    0.21043828129768372,
    -0.031440827995538712,
    0.28343838453292847,
    -0.95847481489181519,
    -12.05825138092041,
    0,
    0,
    0,
    0.99999988079071045
  ],
  "projectionMatrix" : [
    1.6574057340621948,
    0,
    0.012808561325073242,
    0,
    0,
    2.2098743915557861,
    0.011211812496185303,
    0,
    0,
    0,
    -0.9999997615814209,
    -0.00099999981466680765,
    0,
    0,
    -1,
    0
  ],
  "intrinsics" : [
    1591.1094970703125,
    0,
    947.20379638671875,
    0,
    1591.1094970703125,
    727.572509765625,
    0,
    0,
    1
  ],
  "frame_index" : 345,
  "cameraGrain" : 0,
  "exposureDuration" : 0.01666666753590107,
  "motionQuality" : 0.72531026601791382,
  "time" : 104197.35413225002,
  "averageVelocity" : 0.96141403913497925,
  "averageAngularVelocity" : 0.19226454198360443
}