{
  "motionQuality" : 0.86317694187164307,
  "cameraPoseARFrame" : [
    -0.99984157085418701,
    -0.015133766457438469,
    -0.0093695223331451416,
    -16.313413619995117,
    -0.017197135835886002,
    0.95711410045623779,
    0.28920012712478638,
    0.24744713306427002,
    0.0045910291373729706,
    0.28931546211242676,
    -0.95722281932830811,
    1.8151929378509521,
    0,
    0,
    0,
    1
  ],
  "averageAngularVelocity" : 0.2881353497505188,
  "intrinsics" : [
    1594.2728271484375,
    0,
    947.2105712890625,
    0,
    1594.2728271484375,
    727.57672119140625,
    0,
    0,
    1
  ],
  "exposureDuration" : 0.01666666753590107,
  "time" : 104211.92817300002,
  "frame_index" : 428,
  "averageVelocity" : 0.47888067364692688,
  "cameraGrain" : 0,
  "projectionMatrix" : [
    1.6607009172439575,
    0,
    0.012801468372344971,
    0,
    0,
    2.2142677307128906,
    0.011217653751373291,
    0,
    0,
    0,
    -0.9999997615814209,
    -0.00099999981466680765,
    0,
    0,
    -1,
    0
  ]
}