{
  "cameraPoseARFrame" : [
    -0.99987649917602539,
    -0.01261418778449297,
    -0.0093678850680589676,
    -16.634065628051758,
    -0.014822080731391907,
    0.95507925748825073,
    0.29597926139831543,
    0.19335223734378815,
    0.0052135363221168518,
    0.29608160257339478,
    -0.95514833927154541,
    -17.069103240966797,
    0,
    0,
    0,
    0.99999988079071045
  ],
  "intrinsics" : [
    1597.4361572265625,
    0,
    947.20391845703125,
    0,
    1597.4361572265625,
    727.57427978515625,
    0,
    0,
    1
  ],
  "exposureDuration" : 0.01666666753590107,
  "projectionMatrix" : [
    1.6639959812164307,
    0,
    0.012808442115783691,
    0,
    0,
    2.2186613082885742,
    0.011214256286621094,
    0,
    0,
    0,
    -0.9999997615814209,
    -0.00099999981466680765,
    0,
    0,
    -1,
    0
  ],
  "averageVelocity" : 0.98677784204483032,
  "frame_index" : 315,
  "motionQuality" : 0.71806347370147705,
  "cameraGrain" : 0,
  "averageAngularVelocity" : 0.28921714425086975,
  "time" : 104192.14977820836
}