{
  "frame_index" : 263,
  "time" : 104183.14445812503,
  "motionQuality" : 0.7852933406829834,
  "cameraGrain" : 0,
  "averageVelocity" : 0.75147318840026855,
  "cameraPoseARFrame" : [
    -0.82081276178359985,
    -0.22685585916042328,
    0.52421629428863525,
    -15.51573371887207,
    -0.0079976487904787064,
    0.92222446203231812,
    0.3865722119808197,
    0.16736195981502533,
    -0.57114124298095703,
    0.31311094760894775,
    -0.75878793001174927,
    -24.849241256713867,
    0,
    0,
    0,
    0.99999994039535522
  ],
  "intrinsics" : [
    1589.3018798828125,
    0,
    947.17657470703125,
    0,
    1589.3018798828125,
    727.622314453125,
    0,
    0,
    1
  ],
  "averageAngularVelocity" : 0.42309728264808655,
  "projectionMatrix" : [
    1.6555228233337402,
    0,
    0.012836873531341553,
    0,
    0,
    2.2073636054992676,
    0.011281013488769531,
    0,
    0,
    0,
    -0.9999997615814209,
    -0.00099999981466680765,
    0,
    0,
    -1,
    0
  ],
  "exposureDuration" : 0.01666666753590107
}