{
  "exposureDuration" : 0.01666666753590107,
  "frame_index" : 328,
  "time" : 104194.45111995835,
  "intrinsics" : [
    1597.4361572265625,
    0,
    947.2142333984375,
    0,
    1597.4361572265625,
    727.591064453125,
    0,
    0,
    1
  ],
  "averageAngularVelocity" : 0.11321187764406204,
  "projectionMatrix" : [
    1.6639959812164307,
    0,
    0.012797653675079346,
    0,
    0,
    2.2186613082885742,
    0.011237561702728271,
    0,
    0,
    0,
    -0.9999997615814209,
    -0.00099999981466680765,
    0,
    0,
    -1,
    0
  ],
  "cameraGrain" : 0,
  "cameraPoseARFrame" : [
    -0.99997049570083618,
    -0.0045626242645084858,
    -0.006170998327434063,
    -16.554195404052734,
    -0.0063308076933026314,
    0.94492685794830322,
    0.32721984386444092,
    0.21826258301734924,
    0.0043381582945585251,
    0.32724928855895996,
    -0.94492799043655396,
    -14.855854034423828,
    0,
    0,
    0,
    0.99999988079071045
  ],
  "averageVelocity" : 0.89797842502593994,
  "motionQuality" : 0.74343472719192505
}