{
  "averageAngularVelocity" : 0.27267846465110779,
  "time" : 104152.34943108336,
  "cameraGrain" : 0,
  "frame_index" : 86,
  "projectionMatrix" : [
    1.6837668418884277,
    0,
    0.012845456600189209,
    0,
    0,
    2.2450222969055176,
    0.011212050914764404,
    0,
    0,
    0,
    -0.9999997615814209,
    -0.00099999981466680765,
    0,
    0,
    -1,
    0
  ],
  "motionQuality" : 0.75053077936172485,
  "averageVelocity" : 0.87314224243164062,
  "cameraPoseARFrame" : [
    0.99888098239898682,
    0.045380853116512299,
    -0.013310942798852921,
    0.12087957561016083,
    -0.039607115089893341,
    0.95653671026229858,
    0.2889094352722168,
    0.18642298877239227,
    0.025843352079391479,
    -0.28805896639823914,
    0.95726388692855835,
    -11.595890045166016,
    0,
    0,
    0,
    0.99999994039535522
  ],
  "intrinsics" : [
    1616.4161376953125,
    0,
    947.1683349609375,
    0,
    1616.4161376953125,
    727.57269287109375,
    0,
    0,
    1
  ],
  "exposureDuration" : 0.01666666753590107
}