{
  "intrinsics" : [
    1589.7537841796875,
    0,
    947.1903076171875,
    0,
    1589.7537841796875,
    727.5577392578125,
    0,
    0,
    1
  ],
  "cameraGrain" : 0,
  "frame_index" : 214,
  "cameraPoseARFrame" : [
    0.046274121850728989,
    -0.24476273357868195,
    0.96847808361053467,
    -7.4392328262329102,
    -0.035083632916212082,
    0.96852028369903564,
    0.24644967913627625,
    0.24332365393638611,
    -0.99831247329711914,
    -0.045381978154182434,
    0.036230258643627167,
    -24.730522155761719,
    0,
    0,
    0,
    0.99999994039535522
  ],
  "projectionMatrix" : [
    1.6559935808181763,
    0,
    0.012822568416595459,
    0,
    0,
    2.207991361618042,
    0.011191308498382568,
    0,
    0,
    0,
    -0.9999997615814209,
    -0.00099999981466680765,
    0,
    0,
    -1,
    0
  ],
  "motionQuality" : 0.73556739091873169,
  "exposureDuration" : 0.01666666753590107,
  "averageAngularVelocity" : 0.20809686183929443,
  "time" : 104174.47263083336,
  "averageVelocity" : 0.9255141019821167
}