{
  "averageVelocity" : 0.84040242433547974,
  "motionQuality" : 0.75988501310348511,
  "intrinsics" : [
    1596.5323486328125,
    0,
    947.21063232421875,
    0,
    1596.5323486328125,
    727.564697265625,
    0,
    0,
    1
  ],
  "time" : 104147.11076079169,
  "frame_index" : 56,
  "projectionMatrix" : [
    1.6630545854568481,
    0,
    0.012801408767700195,
    0,
    0,
    2.2174060344696045,
    0.011200964450836182,
    0,
    0,
    0,
    -0.9999997615814209,
    -0.00099999981466680765,
    0,
    0,
    -1,
    0
  ],
  "averageAngularVelocity" : 0.18657571077346802,
  "exposureDuration" : 0.01666666753590107,
  "cameraGrain" : 0,
  "cameraPoseARFrame" : [
    0.99936848878860474,
    0.031698476523160934,
    -0.016053237020969391,
    0.019117716699838638,
    -0.026255281642079353,
    0.9632108211517334,
    0.26746094226837158,
    0.23282265663146973,
    0.023940756916999817,
    -0.26687058806419373,
    0.96343487501144409,
    -6.8324332237243652,
    0,
    0,
    0,
    0.99999994039535522
  ]
}