{
  "exposureDuration" : 0.01666666753590107,
  "averageAngularVelocity" : 0.3102811872959137,
  "frame_index" : 264,
  "time" : 104183.2113222917,
  "intrinsics" : [
    1589.3018798828125,
    0,
    947.19195556640625,
    0,
    1589.3018798828125,
    727.62109375,
    0,
    0,
    1
  ],
  "averageVelocity" : 0.80477035045623779,
  "projectionMatrix" : [
    1.6555228233337402,
    0,
    0.012820899486541748,
    0,
    0,
    2.2073636054992676,
    0.011279284954071045,
    0,
    0,
    0,
    -0.9999997615814209,
    -0.00099999981466680765,
    0,
    0,
    -1,
    0
  ],
  "cameraGrain" : 0,
  "motionQuality" : 0.77006560564041138,
  "cameraPoseARFrame" : [
    -0.83291161060333252,
    -0.21450583636760712,
    0.51014256477355957,
    -15.564408302307129,
    -0.00293306028470397,
    0.92352145910263062,
    0.38353544473648071,
    0.16081012785434723,
    -0.5533982515335083,
    0.31795486807823181,
    -0.76984083652496338,
    -24.823783874511719,
    0,
    0,
    0,
    0.99999994039535522
  ]
}