{
  "intrinsics" : [
    1578.907958984375,
    0,
    947.25506591796875,
    0,
    1578.907958984375,
    727.55584716796875,
    0,
    0,
    1
  ],
  "averageAngularVelocity" : 0.26702827215194702,
  "projectionMatrix" : [
    1.6446957588195801,
    0,
    0.012755155563354492,
    0,
    0,
    2.1929278373718262,
    0.011188685894012451,
    0,
    0,
    0,
    -0.9999997615814209,
    -0.00099999981466680765,
    0,
    0,
    -1,
    0
  ],
  "cameraGrain" : 0,
  "motionQuality" : 0.7453998327255249,
  "averageVelocity" : 0.89110064506530762,
  "frame_index" : 29,
  "cameraPoseARFrame" : [
    0.99848872423171997,
    0.025752626359462738,
    -0.04854830726981163,
    -0.072937577962875366,
    -0.013161893934011459,
    0.96975815296173096,
    0.24371220171451569,
    0.19484540820121765,
    0.053356360644102097,
    -0.24270494282245636,
    0.96863168478012085,
    -2.7591385841369629,
    0,
    0,
    0,
    0.99999988079071045
  ],
  "exposureDuration" : 0.01666666753590107,
  "time" : 104142.47451358335
}