{
  "averageVelocity" : 0.95320427417755127,
  "motionQuality" : 0.72765588760375977,
  "intrinsics" : [
    1585.6866455078125,
    0,
    947.2021484375,
    0,
    1585.6866455078125,
    727.5648193359375,
    0,
    0,
    1
  ],
  "time" : 104147.71102608336,
  "frame_index" : 60,
  "projectionMatrix" : [
    1.6517568826675415,
    0,
    0.012810289859771729,
    0,
    0,
    2.2023425102233887,
    0.011201143264770508,
    0,
    0,
    0,
    -0.9999997615814209,
    -0.00099999981466680765,
    0,
    0,
    -1,
    0
  ],
  "averageAngularVelocity" : 0.21909698843955994,
  "exposureDuration" : 0.01666666753590107,
  "cameraGrain" : 0,
  "cameraPoseARFrame" : [
    0.99848800897598267,
    0.040738832205533981,
    -0.036905314773321152,
    0.0056552253663539886,
    -0.029274210333824158,
    0.9623379111289978,
    0.27027484774589539,
    0.20889560878276825,
    0.046526074409484863,
    -0.26878583431243896,
    0.96207559108734131,
    -7.367912769317627,
    0,
    0,
    0,
    0.99999994039535522
  ]
}