{
  "intrinsics" : [
    1591.1094970703125,
    0,
    947.254150390625,
    0,
    1591.1094970703125,
    727.56414794921875,
    0,
    0,
    1
  ],
  "averageAngularVelocity" : 0.27360078692436218,
  "projectionMatrix" : [
    1.6574057340621948,
    0,
    0.012756109237670898,
    0,
    0,
    2.2098743915557861,
    0.011200189590454102,
    0,
    0,
    0,
    -0.9999997615814209,
    -0.00099999981466680765,
    0,
    0,
    -1,
    0
  ],
  "cameraGrain" : 0,
  "motionQuality" : 0.71323388814926147,
  "averageVelocity" : 1.0036814212799072,
  "cameraPoseARFrame" : [
    -0.99997621774673462,
    -0.0067126811482012272,
    -0.0015923890750855207,
    -16.529645919799805,
    -0.006895857397466898,
    0.96560662984848022,
    0.25991553068161011,
    0.22213739156723022,
    -0.00020711775869131088,
    0.2599203884601593,
    -0.96562987565994263,
    -10.588101387023926,
    0,
    0,
    0,
    0.99999988079071045
  ],
  "frame_index" : 353,
  "exposureDuration" : 0.01666666753590107,
  "time" : 104198.85688350002
}