{
  "exposureDuration" : 0.01666666753590107,
  "averageAngularVelocity" : 0.099455893039703369,
  "frame_index" : 287,
  "time" : 104187.34699333335,
  "intrinsics" : [
    1619.5794677734375,
    0,
    947.15576171875,
    0,
    1619.5794677734375,
    727.5916748046875,
    0,
    0,
    1
  ],
  "averageVelocity" : 0.8807111382484436,
  "projectionMatrix" : [
    1.6870619058609009,
    0,
    0.012858569622039795,
    0,
    0,
    2.2494158744812012,
    0.011238455772399902,
    0,
    0,
    0,
    -0.9999997615814209,
    -0.00099999981466680765,
    0,
    0,
    -1,
    0
  ],
  "cameraGrain" : 0,
  "motionQuality" : 0.74836826324462891,
  "cameraPoseARFrame" : [
    -0.99977844953536987,
    -0.017750747501850128,
    -0.011309236288070679,
    -16.692903518676758,
    -0.020517764613032341,
    0.94174355268478394,
    0.33570486307144165,
    0.21736279129981995,
    0.0046913847327232361,
    0.33586254715919495,
    -0.94189918041229248,
    -21.692958831787109,
    0,
    0,
    0,
    0.99999988079071045
  ]
}