{
  "cameraPoseARFrame" : [
    -0.99658119678497314,
    -0.082351617515087128,
    0.0066301138140261173,
    -16.358058929443359,
    -0.076246112585067749,
    0.94765734672546387,
    0.31005144119262695,
    0.22440546751022339,
    -0.031816303730010986,
    0.30848595499992371,
    -0.95069664716720581,
    1.1619126796722412,
    0,
    0,
    0,
    0.99999994039535522
  ],
  "averageVelocity" : 0.73268389701843262,
  "averageAngularVelocity" : 0.30124333500862122,
  "projectionMatrix" : [
    1.6555228233337402,
    0,
    0.012972116470336914,
    0,
    0,
    2.2073636054992676,
    0.011221230030059814,
    0,
    0,
    0,
    -0.9999997615814209,
    -0.00099999981466680765,
    0,
    0,
    -1,
    0
  ],
  "frame_index" : 423,
  "exposureDuration" : 0.01666666753590107,
  "motionQuality" : 0.79066175222396851,
  "cameraGrain" : 0,
  "time" : 104210.92934887503,
  "intrinsics" : [
    1589.3018798828125,
    0,
    947.0467529296875,
    0,
    1589.3018798828125,
    727.57928466796875,
    0,
    0,
    1
  ]
}