{
  "cameraPoseARFrame" : [
    -0.99960392713546753,
    -0.019119339063763618,
    0.020650755614042282,
    -16.443649291992188,
    -0.010480194352567196,
    0.93390917778015137,
    0.35735654830932617,
    0.19821342825889587,
    -0.026118351146578789,
    0.35699859261512756,
    -0.93373960256576538,
    -3.1246998310089111,
    0,
    0,
    0,
    0.99999994039535522
  ],
  "projectionMatrix" : [
    1.6588178873062134,
    0,
    0.01282113790512085,
    0,
    0,
    2.2117571830749512,
    0.011261045932769775,
    0,
    0,
    0,
    -0.9999997615814209,
    -0.00099999981466680765,
    0,
    0,
    -1,
    0
  ],
  "intrinsics" : [
    1592.4652099609375,
    0,
    947.19171142578125,
    0,
    1592.4652099609375,
    727.60797119140625,
    0,
    0,
    1
  ],
  "frame_index" : 397,
  "cameraGrain" : 0,
  "exposureDuration" : 0.01666666753590107,
  "time" : 104206.45824854169,
  "motionQuality" : 0.69810605049133301,
  "averageVelocity" : 1.0566287040710449,
  "averageAngularVelocity" : 0.37296530604362488
}