{
  "averageAngularVelocity" : 0.10555844753980637,
  "projectionMatrix" : [
    1.6301029920578003,
    0,
    0.012801408767700195,
    0,
    0,
    2.1734707355499268,
    0.011239111423492432,
    0,
    0,
    0,
    -0.9999997615814209,
    -0.00099999981466680765,
    0,
    0,
    -1,
    0
  ],
  "intrinsics" : [
    1564.89892578125,
    0,
    947.21063232421875,
    0,
    1564.89892578125,
    727.5921630859375,
    0,
    0,
    1
  ],
  "cameraPoseARFrame" : [
    -0.99982774257659912,
    -0.014529366977512836,
    0.011545384302735329,
    -16.468250274658203,
    -0.0099764363840222359,
    0.94539308547973633,
    0.32577922940254211,
    0.20309358835220337,
    -0.015648294240236282,
    0.32560792565345764,
    -0.94537526369094849,
    -2.3857800960540771,
    0,
    0,
    0,
    0.99999988079071045
  ],
  "motionQuality" : 0.71007591485977173,
  "exposureDuration" : 0.01666666753590107,
  "cameraGrain" : 0,
  "averageVelocity" : 1.0147342681884766,
  "frame_index" : 401,
  "time" : 104207.19191370836
}