{
  "averageAngularVelocity" : 0.27470803260803223,
  "time" : 104155.48241437502,
  "cameraGrain" : 0,
  "frame_index" : 104,
  "projectionMatrix" : [
    1.6503447294235229,
    0,
    0.012799322605133057,
    0,
    0,
    2.2004597187042236,
    0.011214256286621094,
    0,
    0,
    0,
    -0.9999997615814209,
    -0.00099999981466680765,
    0,
    0,
    -1,
    0
  ],
  "motionQuality" : 0.72848057746887207,
  "averageVelocity" : 0.95031791925430298,
  "cameraPoseARFrame" : [
    0.99976766109466553,
    0.01956750825047493,
    0.0090310880914330482,
    0.22704663872718811,
    -0.021347355097532272,
    0.9566502571105957,
    0.29045549035072327,
    0.20342390239238739,
    -0.0029561163391917944,
    -0.29058083891868591,
    0.95684587955474854,
    -14.438743591308594,
    0,
    0,
    0,
    0.99999994039535522
  ],
  "intrinsics" : [
    1584.3309326171875,
    0,
    947.212646484375,
    0,
    1584.3309326171875,
    727.57427978515625,
    0,
    0,
    1
  ],
  "exposureDuration" : 0.01666666753590107
}