{
  "intrinsics" : [
    1589.7537841796875,
    0,
    947.17913818359375,
    0,
    1589.7537841796875,
    727.56146240234375,
    0,
    0,
    1
  ],
  "cameraGrain" : 0,
  "frame_index" : 222,
  "cameraPoseARFrame" : [
    0.033023964613676071,
    -0.25731194019317627,
    0.96576392650604248,
    -8.727442741394043,
    -0.036081664264202118,
    0.96535408496856689,
    0.25843653082847595,
    0.21940800547599792,
    -0.99880301952362061,
    -0.0433809794485569,
    0.022595567628741264,
    -24.759061813354492,
    0,
    0,
    0,
    0.99999994039535522
  ],
  "projectionMatrix" : [
    1.6559935808181763,
    0,
    0.012834250926971436,
    0,
    0,
    2.207991361618042,
    0.011196494102478027,
    0,
    0,
    0,
    -0.9999997615814209,
    -0.00099999981466680765,
    0,
    0,
    -1,
    0
  ],
  "motionQuality" : 0.74379503726959229,
  "exposureDuration" : 0.01666666753590107,
  "averageAngularVelocity" : 0.2041725218296051,
  "time" : 104175.83988095836,
  "averageVelocity" : 0.89671742916107178
}