{
  "intrinsics" : [
    1582.97509765625,
    0,
    947.19647216796875,
    0,
    1582.97509765625,
    727.5960693359375,
    0,
    0,
    1
  ],
  "averageAngularVelocity" : 0.18784232437610626,
  "projectionMatrix" : [
    1.6489323377609253,
    0,
    0.012816190719604492,
    0,
    0,
    2.1985764503479004,
    0.011244535446166992,
    0,
    0,
    0,
    -0.9999997615814209,
    -0.00099999981466680765,
    0,
    0,
    -1,
    0
  ],
  "cameraGrain" : 0,
  "motionQuality" : 0.73954582214355469,
  "averageVelocity" : 0.91158968210220337,
  "frame_index" : 130,
  "cameraPoseARFrame" : [
    0.99986577033996582,
    0.013210269622504711,
    0.0096974549815058708,
    0.36848270893096924,
    -0.015688683837652206,
    0.94260400533676147,
    0.33354392647743225,
    0.21090570092201233,
    -0.0047346572391688824,
    -0.33365127444267273,
    0.94268471002578735,
    -18.365591049194336,
    0,
    0,
    0,
    0.99999994039535522
  ],
  "exposureDuration" : 0.01666666753590107,
  "time" : 104159.95148937502
}