{
  "averageAngularVelocity" : 0.067874550819396973,
  "time" : 104157.85205304169,
  "cameraGrain" : 0,
  "frame_index" : 118,
  "projectionMatrix" : [
    1.6461081504821777,
    0,
    0.012814581394195557,
    0,
    0,
    2.1948108673095703,
    0.011242866516113281,
    0,
    0,
    0,
    -0.9999997615814209,
    -0.00099999981466680765,
    0,
    0,
    -1,
    0
  ],
  "motionQuality" : 0.75389677286148071,
  "averageVelocity" : 0.86136126518249512,
  "cameraPoseARFrame" : [
    0.99922603368759155,
    0.029458198696374893,
    -0.026062913239002228,
    0.27207529544830322,
    -0.01905178464949131,
    0.94219797849655151,
    0.33451402187347412,
    0.19125151634216309,
    0.034410629421472549,
    -0.33375862240791321,
    0.94203007221221924,
    -16.455194473266602,
    0,
    0,
    0,
    0.99999982118606567
  ],
  "intrinsics" : [
    1580.2637939453125,
    0,
    947.197998046875,
    0,
    1580.2637939453125,
    727.5948486328125,
    0,
    0,
    1
  ],
  "exposureDuration" : 0.01666666753590107
}