{
  "intrinsics" : [
    1595.1766357421875,
    0,
    947.25994873046875,
    0,
    1595.1766357421875,
    727.578125,
    0,
    0,
    1
  ],
  "averageAngularVelocity" : 0.12893663346767426,
  "projectionMatrix" : [
    1.66164231300354,
    0,
    0.012750029563903809,
    0,
    0,
    2.2155230045318604,
    0.011219620704650879,
    0,
    0,
    0,
    -0.9999997615814209,
    -0.00099999981466680765,
    0,
    0,
    -1,
    0
  ],
  "cameraGrain" : 0,
  "motionQuality" : 0.72067940235137939,
  "averageVelocity" : 0.97762215137481689,
  "cameraPoseARFrame" : [
    -0.99999165534973145,
    0.0021456722170114517,
    -0.0034542947541922331,
    -16.472400665283203,
    0.0010532045271247625,
    0.95713526010513306,
    0.28963887691497803,
    0.24083951115608215,
    0.0039277039468288422,
    0.28963285684585571,
    -0.95712971687316895,
    -6.1826305389404297,
    0,
    0,
    0,
    0.99999994039535522
  ],
  "frame_index" : 379,
  "exposureDuration" : 0.01666666753590107,
  "time" : 104203.32296466669
}