{
  "intrinsics" : [
    1587.0423583984375,
    0,
    947.24029541015625,
    0,
    1587.0423583984375,
    727.59124755859375,
    0,
    0,
    1
  ],
  "cameraGrain" : 0,
  "frame_index" : 278,
  "cameraPoseARFrame" : [
    -0.99980759620666504,
    0.014375781640410423,
    -0.013341016136109829,
    -16.742303848266602,
    0.0092063872143626213,
    0.9446447491645813,
    0.32796558737754822,
    0.22336074709892273,
    0.0173172727227211,
    0.32777971029281616,
    -0.94459545612335205,
    -23.074235916137695,
    0,
    0,
    0,
    0.99999994039535522
  ],
  "projectionMatrix" : [
    1.6531691551208496,
    0,
    0.012770533561706543,
    0,
    0,
    2.2042255401611328,
    0.011237859725952148,
    0,
    0,
    0,
    -0.9999997615814209,
    -0.00099999981466680765,
    0,
    0,
    -1,
    0
  ],
  "motionQuality" : 0.73328852653503418,
  "exposureDuration" : 0.01666666753590107,
  "averageAngularVelocity" : 0.11558859795331955,
  "time" : 104185.77977608335,
  "averageVelocity" : 0.93349027633666992
}