{
  "cameraPoseARFrame" : [
    -0.53972941637039185,
    -0.30412143468856812,
    0.78498548269271851,
    -14.708748817443848,
    0.0020448840223252773,
    0.93198925256729126,
    0.36248001456260681,
    0.18158042430877686,
    -0.84183603525161743,
    0.19724635779857635,
    -0.50240010023117065,
    -24.951616287231445,
    0,
    0,
    0,
    0.99999994039535522
  ],
  "frame_index" : 258,
  "averageVelocity" : 0.82785612344741821,
  "motionQuality" : 0.76346969604492188,
  "cameraGrain" : 0,
  "projectionMatrix" : [
    1.6555228233337402,
    0,
    0.012791097164154053,
    0,
    0,
    2.2073636054992676,
    0.011265993118286133,
    0,
    0,
    0,
    -0.9999997615814209,
    -0.00099999981466680765,
    0,
    0,
    -1,
    0
  ],
  "exposureDuration" : 0.01666666753590107,
  "averageAngularVelocity" : 0.29054722189903259,
  "time" : 104182.17726737502,
  "intrinsics" : [
    1589.3018798828125,
    0,
    947.22052001953125,
    0,
    1589.3018798828125,
    727.61151123046875,
    0,
    0,
    1
  ]
}