{
  "exposureDuration" : 0.01666666753590107,
  "averageAngularVelocity" : 0.21302346885204315,
  "frame_index" : 40,
  "time" : 104144.34217095835,
  "intrinsics" : [
    1589.3018798828125,
    0,
    947.427001953125,
    0,
    1589.3018798828125,
    727.557373046875,
    0,
    0,
    1
  ],
  "averageVelocity" : 0.75954186916351318,
  "projectionMatrix" : [
    1.6555228233337402,
    0,
    0.012576043605804443,
    0,
    0,
    2.2073636054992676,
    0.01119077205657959,
    0,
    0,
    0,
    -0.9999997615814209,
    -0.00099999981466680765,
    0,
    0,
    -1,
    0
  ],
  "cameraGrain" : 0,
  "motionQuality" : 0.78298807144165039,
  "cameraPoseARFrame" : [
    0.99511891603469849,
    -0.026251489296555519,
    -0.095126703381538391,
    -0.010894246399402618,
    0.045894470065832138,
    0.97648864984512329,
    0.21062615513801575,
    0.24327708780765533,
    0.087360911071300507,
    -0.21396389603614807,
    0.97292715311050415,
    -4.3455977439880371,
    0,
    0,
    0,
    0.99999982118606567
  ]
}