{
  "averageVelocity" : 0.99958270788192749,
  "projectionMatrix" : [
    1.6672911643981934,
    0,
    0.012773752212524414,
    0,
    0,
    2.2230548858642578,
    0.011228680610656738,
    0,
    0,
    0,
    -0.9999997615814209,
    -0.00099999981466680765,
    0,
    0,
    -1,
    0
  ],
  "motionQuality" : 0.71440494060516357,
  "time" : 104201.75551420836,
  "frame_index" : 370,
  "averageAngularVelocity" : 0.18340569734573364,
  "intrinsics" : [
    1600.5994873046875,
    0,
    947.2371826171875,
    0,
    1600.5994873046875,
    727.58465576171875,
    0,
    0,
    1
  ],
  "cameraPoseARFrame" : [
    -0.99978578090667725,
    -0.0099879661574959755,
    0.018125923350453377,
    -16.477569580078125,
    -0.0039307498373091221,
    0.95153504610061646,
    0.30751499533653259,
    0.22258442640304565,
    -0.020318904891610146,
    0.30737790465354919,
    -0.95137053728103638,
    -7.7204475402832031,
    0,
    0,
    0,
    0.99999994039535522
  ],
  "cameraGrain" : 0,
  "exposureDuration" : 0.01666666753590107
}