{
  "intrinsics" : [
    1599.6956787109375,
    0,
    947.1610107421875,
    0,
    1599.6956787109375,
    727.586181640625,
    0,
    0,
    1
  ],
  "cameraPoseARFrame" : [
    0.02245403453707695,
    -0.31975945830345154,
    0.94723260402679443,
    -11.680706977844238,
    -0.030544068664312363,
    0.94680976867675781,
    0.32034075260162354,
    0.19351679086685181,
    -0.99928110837936401,
    -0.036125283688306808,
    0.011492941528558731,
    -24.747236251831055,
    0,
    0,
    0,
    0.99999994039535522
  ],
  "exposureDuration" : 0.01666666753590107,
  "projectionMatrix" : [
    1.6663496494293213,
    0,
    0.012853085994720459,
    0,
    0,
    2.2217996120452881,
    0.011230826377868652,
    0,
    0,
    0,
    -0.9999997615814209,
    -0.00099999981466680765,
    0,
    0,
    -1,
    0
  ],
  "averageVelocity" : 0.99206411838531494,
  "frame_index" : 239,
  "motionQuality" : 0.71655309200286865,
  "cameraGrain" : 0,
  "averageAngularVelocity" : 0.256186842918396,
  "time" : 104178.87527225002
}