{
  "intrinsics" : [
    1587.0423583984375,
    0,
    947.22601318359375,
    0,
    1587.0423583984375,
    727.5931396484375,
    0,
    0,
    1
  ],
  "cameraGrain" : 0,
  "frame_index" : 279,
  "cameraPoseARFrame" : [
    -0.99979853630065918,
    0.011765404604375362,
    -0.016259688884019852,
    -16.738470077514648,
    0.0056805303320288658,
    0.94291216135025024,
    0.33299288153648376,
    0.21591991186141968,
    0.019249243661761284,
    0.33283349871635437,
    -0.94278901815414429,
    -23.012680053710938,
    0,
    0,
    0,
    0.99999994039535522
  ],
  "projectionMatrix" : [
    1.6531691551208496,
    0,
    0.012785375118255615,
    0,
    0,
    2.2042255401611328,
    0.011240482330322266,
    0,
    0,
    0,
    -0.9999997615814209,
    -0.00099999981466680765,
    0,
    0,
    -1,
    0
  ],
  "motionQuality" : 0.73310941457748413,
  "exposureDuration" : 0.01666666753590107,
  "averageAngularVelocity" : 0.093876101076602936,
  "time" : 104185.84698608336,
  "averageVelocity" : 0.93411701917648315
}