{
  "time" : 104208.22593483336,
  "frame_index" : 407,
  "exposureDuration" : 0.01666666753590107,
  "projectionMatrix" : [
    1.6555228233337402,
    0,
    0.012827932834625244,
    0,
    0,
    2.2073636054992676,
    0.011232912540435791,
    0,
    0,
    0,
    -0.9999997615814209,
    -0.00099999981466680765,
    0,
    0,
    -1,
    0
  ],
  "cameraGrain" : 0,
  "cameraPoseARFrame" : [
    -0.99667531251907349,
    -0.045603096485137939,
    0.067517094314098358,
    -16.449146270751953,
    -0.021707760170102119,
    0.94736093282699585,
    0.31943032145500183,
    0.20333930850028992,
    -0.078530080616474152,
    0.31690269708633423,
    -0.9452013373374939,
    -1.3339037895202637,
    0,
    0,
    0,
    0.99999994039535522
  ],
  "intrinsics" : [
    1589.3018798828125,
    0,
    947.1851806640625,
    0,
    1589.3018798828125,
    727.58770751953125,
    0,
    0,
    1
  ],
  "motionQuality" : 0.72097408771514893,
  "averageVelocity" : 0.97659057378768921,
  "averageAngularVelocity" : 0.27242308855056763
}