{
  "exposureDuration" : 0.01666666753590107,
  "averageAngularVelocity" : 0.090884491801261902,
  "frame_index" : 395,
  "time" : 104206.12464487502,
  "intrinsics" : [
    1592.4652099609375,
    0,
    947.2021484375,
    0,
    1592.4652099609375,
    727.5869140625,
    0,
    0,
    1
  ],
  "averageVelocity" : 0.9777829647064209,
  "projectionMatrix" : [
    1.6588178873062134,
    0,
    0.012810289859771729,
    0,
    0,
    2.2117571830749512,
    0.011231839656829834,
    0,
    0,
    0,
    -0.9999997615814209,
    -0.00099999981466680765,
    0,
    0,
    -1,
    0
  ],
  "cameraGrain" : 0,
  "motionQuality" : 0.72063344717025757,
  "cameraPoseARFrame" : [
    -0.99985736608505249,
    -0.015819504857063293,
    -0.0058930413797497749,
    -16.468852996826172,
    -0.016870670020580292,
    0.94885361194610596,
    0.31526505947113037,
    0.21320441365242004,
    0.00060430471785366535,
    0.31531959772109985,
    -0.94898527860641479,
    -3.4685873985290527,
    0,
    0,
    0,
    0.99999988079071045
  ]
}