{
  "intrinsics" : [
    1599.2437744140625,
    0,
    947.17974853515625,
    0,
    1599.2437744140625,
    727.60296630859375,
    0,
    0,
    1
  ],
  "cameraGrain" : 0,
  "frame_index" : 242,
  "cameraPoseARFrame" : [
    0.0361165851354599,
    -0.35224646329879761,
    0.93521016836166382,
    -12.229390144348145,
    -0.015505533665418625,
    0.93551051616668701,
    0.35295841097831726,
    0.18261903524398804,
    -0.99922722578048706,
    -0.027248583734035492,
    0.028325688093900681,
    -24.741241455078125,
    0,
    0,
    0,
    0.99999988079071045
  ],
  "projectionMatrix" : [
    1.6658788919448853,
    0,
    0.012833595275878906,
    0,
    0,
    2.2211718559265137,
    0.01125413179397583,
    0,
    0,
    0,
    -0.9999997615814209,
    -0.00099999981466680765,
    0,
    0,
    -1,
    0
  ],
  "motionQuality" : 0.69317984580993652,
  "exposureDuration" : 0.01666666753590107,
  "averageAngularVelocity" : 0.32746267318725586,
  "time" : 104179.40900566669,
  "averageVelocity" : 1.0738706588745117
}