{
  "exposureDuration" : 0.01666666753590107,
  "averageAngularVelocity" : 0.10031351447105408,
  "frame_index" : 66,
  "time" : 104148.77997304169,
  "intrinsics" : [
    1585.2347412109375,
    0,
    947.21893310546875,
    0,
    1585.2347412109375,
    727.582275390625,
    0,
    0,
    1
  ],
  "averageVelocity" : 0.9541202187538147,
  "projectionMatrix" : [
    1.651286244392395,
    0,
    0.012792766094207764,
    0,
    0,
    2.2017149925231934,
    0.011225402355194092,
    0,
    0,
    0,
    -0.9999997615814209,
    -0.00099999981466680765,
    0,
    0,
    -1,
    0
  ],
  "cameraGrain" : 0,
  "motionQuality" : 0.7273942232131958,
  "cameraPoseARFrame" : [
    0.99977397918701172,
    0.017626732587814331,
    -0.011883961968123913,
    0.036146961152553558,
    -0.013098830357193947,
    0.95107293128967285,
    0.30868810415267944,
    0.1810583621263504,
    0.016743691638112068,
    -0.30846267938613892,
    0.95108890533447266,
    -8.3651571273803711,
    0,
    0,
    0,
    0.99999988079071045
  ]
}