{
  "intrinsics" : [
    1571.6776123046875,
    0,
    947.1385498046875,
    0,
    1571.6776123046875,
    727.597412109375,
    0,
    0,
    1
  ],
  "cameraGrain" : 0,
  "frame_index" : 244,
  "cameraPoseARFrame" : [
    0.076522581279277802,
    -0.3388710618019104,
    0.93771570920944214,
    -12.543198585510254,
    -0.035626113414764404,
    0.93894344568252563,
    0.34222197532653809,
    0.18751105666160583,
    -0.99643111228942871,
    -0.059594884514808655,
    0.059777725487947464,
    -24.780618667602539,
    0,
    0,
    0,
    0.99999982118606567
  ],
  "projectionMatrix" : [
    1.6371642351150513,
    0,
    0.012876510620117188,
    0,
    0,
    2.1828856468200684,
    0.011246383190155029,
    0,
    0,
    0,
    -0.9999997615814209,
    -0.00099999981466680765,
    0,
    0,
    -1,
    0
  ],
  "motionQuality" : 0.72502291202545166,
  "exposureDuration" : 0.01666666753590107,
  "averageAngularVelocity" : 0.10769525915384293,
  "time" : 104179.74385283336,
  "averageVelocity" : 0.96241980791091919
}