{
  "intrinsics" : [
    1590.2056884765625,
    0,
    947.2657470703125,
    0,
    1590.2056884765625,
    727.59381103515625,
    0,
    0,
    1
  ],
  "cameraGrain" : 0,
  "frame_index" : 326,
  "cameraPoseARFrame" : [
    -0.99938583374023438,
    0.026547756046056747,
    -0.022869111970067024,
    -16.570280075073242,
    0.017573045566678047,
    0.94439059495925903,
    0.32835552096366882,
    0.19082894921302795,
    0.030314486473798752,
    0.32775202393531799,
    -0.94427716732025146,
    -15.103154182434082,
    0,
    0,
    0,
    0.99999988079071045
  ],
  "projectionMatrix" : [
    1.6564642190933228,
    0,
    0.012744009494781494,
    0,
    0,
    2.2086191177368164,
    0.011241376399993896,
    0,
    0,
    0,
    -0.9999997615814209,
    -0.00099999981466680765,
    0,
    0,
    -1,
    0
  ],
  "motionQuality" : 0.71969902515411377,
  "exposureDuration" : 0.01666666753590107,
  "averageAngularVelocity" : 0.29306209087371826,
  "time" : 104194.18433254168,
  "averageVelocity" : 0.98105329275131226
}