{
  "cameraPoseARFrame" : [
    -0.99967014789581299,
    -0.006731073372066021,
    -0.024782588705420494,
    -16.61992073059082,
    -0.014368921518325806,
    0.94644349813461304,
    0.3225492537021637,
    0.20236453413963318,
    0.021284202113747597,
    0.32279899716377258,
    -0.94622802734375,
    -16.602153778076172,
    0,
    0,
    0,
    0.99999988079071045
  ],
  "intrinsics" : [
    1584.3309326171875,
    0,
    947.1900634765625,
    0,
    1584.3309326171875,
    727.58612060546875,
    0,
    0,
    1
  ],
  "exposureDuration" : 0.01666666753590107,
  "projectionMatrix" : [
    1.6503447294235229,
    0,
    0.012822866439819336,
    0,
    0,
    2.2004597187042236,
    0.011230707168579102,
    0,
    0,
    0,
    -0.9999997615814209,
    -0.00099999981466680765,
    0,
    0,
    -1,
    0
  ],
  "averageVelocity" : 0.96863996982574463,
  "frame_index" : 317,
  "motionQuality" : 0.72324573993682861,
  "cameraGrain" : 0,
  "averageAngularVelocity" : 0.067767433822154999,
  "time" : 104192.61672770836
}