{
  "intrinsics" : [
    1587.0423583984375,
    0,
    947.2587890625,
    0,
    1587.0423583984375,
    727.56011962890625,
    0,
    0,
    1
  ],
  "cameraGrain" : 0,
  "frame_index" : 334,
  "cameraPoseARFrame" : [
    -0.99982082843780518,
    -0.0093430532142519951,
    0.016458006575703621,
    -16.52595329284668,
    -0.0049078483134508133,
    0.96789330244064331,
    0.2513129711151123,
    0.22518199682235718,
    -0.018277622759342194,
    0.25118720531463623,
    -0.96776586771011353,
    -13.839179039001465,
    0,
    0,
    0,
    0.99999994039535522
  ],
  "projectionMatrix" : [
    1.6531691551208496,
    0,
    0.012751281261444092,
    0,
    0,
    2.2042255401611328,
    0.011194586753845215,
    0,
    0,
    0,
    -0.9999997615814209,
    -0.00099999981466680765,
    0,
    0,
    -1,
    0
  ],
  "motionQuality" : 0.71451938152313232,
  "exposureDuration" : 0.01666666753590107,
  "averageAngularVelocity" : 0.22969336807727814,
  "time" : 104195.52022408336,
  "averageVelocity" : 0.99918222427368164
}