{
  "cameraPoseARFrame" : [
    -0.51691716909408569,
    -0.31748554110527039,
    0.79498392343521118,
    -14.626852035522461,
    0.00082780059892684221,
    0.92849534749984741,
    0.37134295701980591,
    0.17215311527252197,
    -0.85603493452072144,
    0.19261167943477631,
    -0.47969236969947815,
    -24.951818466186523,
    0,
    0,
    0,
    0.99999988079071045
  ],
  "frame_index" : 257,
  "averageVelocity" : 0.8782774806022644,
  "motionQuality" : 0.74906361103057861,
  "cameraGrain" : 0,
  "projectionMatrix" : [
    1.6559935808181763,
    0,
    0.01279836893081665,
    0,
    0,
    2.207991361618042,
    0.011271893978118896,
    0,
    0,
    0,
    -0.9999997615814209,
    -0.00099999981466680765,
    0,
    0,
    -1,
    0
  ],
  "exposureDuration" : 0.01666666753590107,
  "averageAngularVelocity" : 0.39353537559509277,
  "time" : 104182.07720229169,
  "intrinsics" : [
    1589.7537841796875,
    0,
    947.21356201171875,
    0,
    1589.7537841796875,
    727.61578369140625,
    0,
    0,
    1
  ]
}