{
  "exposureDuration" : 0.01666666753590107,
  "averageAngularVelocity" : 0.19339093565940857,
  "frame_index" : 50,
  "time" : 104146.07655408335,
  "intrinsics" : [
    1596.0804443359375,
    0,
    947.22369384765625,
    0,
    1596.0804443359375,
    727.56195068359375,
    0,
    0,
    1
  ],
  "averageVelocity" : 0.89127510786056519,
  "projectionMatrix" : [
    1.6625838279724121,
    0,
    0.012787818908691406,
    0,
    0,
    2.2167782783508301,
    0.011197149753570557,
    0,
    0,
    0,
    -0.9999997615814209,
    -0.00099999981466680765,
    0,
    0,
    -1,
    0
  ],
  "cameraGrain" : 0.0017794473096728325,
  "motionQuality" : 0.74535000324249268,
  "cameraPoseARFrame" : [
    0.99936646223068237,
    0.027165589854121208,
    -0.022991513833403587,
    -0.043166030198335648,
    -0.020226987078785896,
    0.96509754657745361,
    0.26110798120498657,
    0.21930484473705292,
    0.029282225295901299,
    -0.26047754287719727,
    0.96503561735153198,
    -5.9118585586547852,
    0,
    0,
    0,
    0.99999982118606567
  ]
}