{
  "intrinsics" : [
    1588.8499755859375,
    0,
    947.19775390625,
    0,
    1588.8499755859375,
    727.57550048828125,
    0,
    0,
    1
  ],
  "time" : 104177.87659554169,
  "projectionMatrix" : [
    1.6550520658493042,
    0,
    0.012814819812774658,
    0,
    0,
    2.2067360877990723,
    0.01121598482131958,
    0,
    0,
    0,
    -0.9999997615814209,
    -0.00099999981466680765,
    0,
    0,
    -1,
    0
  ],
  "exposureDuration" : 0.01666666753590107,
  "frame_index" : 233,
  "averageVelocity" : 1.0427607297897339,
  "motionQuality" : 0.70206832885742188,
  "averageAngularVelocity" : 0.083646558225154877,
  "cameraPoseARFrame" : [
    -0.0019041396444663405,
    -0.2940499484539032,
    0.9557880163192749,
    -10.670029640197754,
    -0.022219663485884666,
    0.95556628704071045,
    0.29393747448921204,
    0.19094318151473999,
    -0.99975121021270752,
    -0.020677590742707253,
    -0.0083532324060797691,
    -24.749338150024414,
    0,
    0,
    0,
    0.99999988079071045
  ],
  "cameraGrain" : 0
}