{
  "intrinsics" : [
    1587.494140625,
    0,
    947.19635009765625,
    0,
    1587.494140625,
    727.58502197265625,
    0,
    0,
    1
  ],
  "averageAngularVelocity" : 0.058684218674898148,
  "projectionMatrix" : [
    1.6536396741867065,
    0,
    0.012816309928894043,
    0,
    0,
    2.2048530578613281,
    0.011229217052459717,
    0,
    0,
    0,
    -0.9999997615814209,
    -0.00099999981466680765,
    0,
    0,
    -1,
    0
  ],
  "cameraGrain" : 0,
  "motionQuality" : 0.74800556898117065,
  "averageVelocity" : 0.88198047876358032,
  "frame_index" : 71,
  "cameraPoseARFrame" : [
    0.99912893772125244,
    0.033038608729839325,
    -0.025490589439868927,
    0.010259408503770828,
    -0.023245688527822495,
    0.9479638934135437,
    0.31752783060073853,
    0.1824338287115097,
    0.034654844552278519,
    -0.31665864586830139,
    0.94790619611740112,
    -9.2501659393310547,
    0,
    0,
    0,
    0.99999994039535522
  ],
  "exposureDuration" : 0.01666666753590107,
  "time" : 104149.74747166669
}