{
  "intrinsics" : [
    1589.7537841796875,
    0,
    947.2276611328125,
    0,
    1589.7537841796875,
    727.60595703125,
    0,
    0,
    1
  ],
  "cameraPoseARFrame" : [
    -0.35776153206825256,
    -0.32871735095977783,
    0.87404316663742065,
    -14.183775901794434,
    0.00081859348574653268,
    0.93588310480117798,
    0.35230961441993713,
    0.19347676634788513,
    -0.93381261825561523,
    0.12675833702087402,
    -0.33455383777618408,
    -24.944290161132812,
    0,
    0,
    0,
    1
  ],
  "exposureDuration" : 0.01666666753590107,
  "projectionMatrix" : [
    1.6559935808181763,
    0,
    0.012783706188201904,
    0,
    0,
    2.207991361618042,
    0.011258244514465332,
    0,
    0,
    0,
    -0.9999997615814209,
    -0.00099999981466680765,
    0,
    0,
    -1,
    0
  ],
  "averageVelocity" : 0.85003131628036499,
  "frame_index" : 254,
  "motionQuality" : 0.75713390111923218,
  "cameraGrain" : 0,
  "averageAngularVelocity" : 0.32431399822235107,
  "time" : 104181.54343866669
}