{
  "cameraPoseARFrame" : [
    -0.99952864646911621,
    -0.024715811014175415,
    0.01820763573050499,
    -16.513286590576172,
    -0.019258489832282066,
    0.9667317271232605,
    0.25506591796875,
    0.23129221796989441,
    -0.023906068876385689,
    0.2545950710773468,
    -0.96675217151641846,
    -13.329261779785156,
    0,
    0,
    0,
    0.99999988079071045
  ],
  "projectionMatrix" : [
    1.6559935808181763,
    0,
    0.012787938117980957,
    0,
    0,
    2.207991361618042,
    0.011195540428161621,
    0,
    0,
    0,
    -0.9999997615814209,
    -0.00099999981466680765,
    0,
    0,
    -1,
    0
  ],
  "intrinsics" : [
    1589.7537841796875,
    0,
    947.22357177734375,
    0,
    1589.7537841796875,
    727.560791015625,
    0,
    0,
    1
  ],
  "frame_index" : 337,
  "cameraGrain" : 0,
  "exposureDuration" : 0.01666666753590107,
  "time" : 104196.05205395835,
  "motionQuality" : 0.73359799385070801,
  "averageVelocity" : 0.9324069619178772,
  "averageAngularVelocity" : 0.15454719960689545
}