{
  "intrinsics" : [
    1581.6195068359375,
    0,
    947.2486572265625,
    0,
    1581.6195068359375,
    727.551513671875,
    0,
    0,
    1
  ],
  "averageAngularVelocity" : 0.088912151753902435,
  "projectionMatrix" : [
    1.6475203037261963,
    0,
    0.012761831283569336,
    0,
    0,
    2.1966936588287354,
    0.011182665824890137,
    0,
    0,
    0,
    -0.9999997615814209,
    -0.00099999981466680765,
    0,
    0,
    -1,
    0
  ],
  "cameraGrain" : 0,
  "motionQuality" : 0.7576177716255188,
  "averageVelocity" : 0.84833776950836182,
  "frame_index" : 33,
  "cameraPoseARFrame" : [
    0.99928277730941772,
    0.024304745718836784,
    -0.02903829887509346,
    -0.089201666414737701,
    -0.017055338248610497,
    0.97353112697601318,
    0.22791694104671478,
    0.20263946056365967,
    0.03380916640162468,
    -0.22725822031497955,
    0.9732474684715271,
    -3.2743539810180664,
    0,
    0,
    0,
    0.99999994039535522
  ],
  "exposureDuration" : 0.01666666753590107,
  "time" : 104143.07496987503
}