{
  "time" : 104210.39561666669,
  "cameraPoseARFrame" : [
    -0.99985456466674805,
    -0.0047021722421050072,
    0.016390344128012657,
    -16.364355087280273,
    0.00076616456499323249,
    0.94786584377288818,
    0.31866821646690369,
    0.23558974266052246,
    -0.017034284770488739,
    0.31863448023796082,
    -0.94772446155548096,
    0.73392397165298462,
    0,
    0,
    0,
    0.99999988079071045
  ],
  "projectionMatrix" : [
    1.6395176649093628,
    0,
    0.012768447399139404,
    0,
    0,
    2.1860237121582031,
    0.011234879493713379,
    0,
    0,
    0,
    -0.9999997615814209,
    -0.00099999981466680765,
    0,
    0,
    -1,
    0
  ],
  "intrinsics" : [
    1573.93701171875,
    0,
    947.2423095703125,
    0,
    1573.93701171875,
    727.589111328125,
    0,
    0,
    1
  ],
  "frame_index" : 420,
  "motionQuality" : 0.72613078355789185,
  "averageAngularVelocity" : 0.22945466637611389,
  "averageVelocity" : 0.95854228734970093,
  "exposureDuration" : 0.01666666753590107,
  "cameraGrain" : 0
}