{
  "intrinsics" : [
    1598.3399658203125,
    0,
    947.2216796875,
    0,
    1598.3399658203125,
    727.58660888671875,
    0,
    0,
    1
  ],
  "averageAngularVelocity" : 0.07360423356294632,
  "projectionMatrix" : [
    1.6649374961853027,
    0,
    0.012789905071258545,
    0,
    0,
    2.2199165821075439,
    0.011231422424316406,
    0,
    0,
    0,
    -0.9999997615814209,
    -0.00099999981466680765,
    0,
    0,
    -1,
    0
  ],
  "cameraGrain" : 0,
  "motionQuality" : 0.7419971227645874,
  "averageVelocity" : 0.90301001071929932,
  "frame_index" : 106,
  "cameraPoseARFrame" : [
    0.99993455410003662,
    0.01107613742351532,
    0.0028619486838579178,
    0.22177642583847046,
    -0.011413536965847015,
    0.94892686605453491,
    0.31528937816619873,
    0.1812109500169754,
    0.00077640614472329617,
    -0.31530135869979858,
    0.94899117946624756,
    -14.70689582824707,
    0,
    0,
    0,
    0.99999994039535522
  ],
  "exposureDuration" : 0.01666666753590107,
  "time" : 104155.7841765417
}