{
  "frame_index" : 195,
  "cameraPoseARFrame" : [
    0.005473800003528595,
    -0.30159035325050354,
    0.95342183113098145,
    -4.1202502250671387,
    -0.019674651324748993,
    0.95321899652481079,
    0.30163916945457458,
    0.20372667908668518,
    -0.99979138374328613,
    -0.020409360527992249,
    -0.00071594561450183392,
    -24.659339904785156,
    0,
    0,
    0,
    0.99999988079071045
  ],
  "averageVelocity" : 1.0149543285369873,
  "time" : 104171.13730983336,
  "projectionMatrix" : [
    1.6531691551208496,
    0,
    0.012835323810577393,
    0,
    0,
    2.2042255401611328,
    0.011219441890716553,
    0,
    0,
    0,
    -0.9999997615814209,
    -0.00099999981466680765,
    0,
    0,
    -1,
    0
  ],
  "motionQuality" : 0.71001303195953369,
  "averageAngularVelocity" : 0.14829535782337189,
  "cameraGrain" : 0,
  "intrinsics" : [
    1587.0423583984375,
    0,
    947.1781005859375,
    0,
    1587.0423583984375,
    727.5780029296875,
    0,
    0,
    1
  ],
  "exposureDuration" : 0.01666666753590107
}