{
  "intrinsics" : [
    1583.4271240234375,
    0,
    947.2786865234375,
    0,
    1583.4271240234375,
    727.5826416015625,
    0,
    0,
    1
  ],
  "averageAngularVelocity" : 0.55639320611953735,
  "frame_index" : 157,
  "exposureDuration" : 0.01666666753590107,
  "time" : 104164.62093116669,
  "motionQuality" : 0.7715446949005127,
  "averageVelocity" : 0.79959368705749512,
  "projectionMatrix" : [
    1.6494032144546509,
    0,
    0.012730538845062256,
    0,
    0,
    2.1992044448852539,
    0.011225879192352295,
    0,
    0,
    0,
    -0.9999997615814209,
    -0.00099999981466680765,
    0,
    0,
    -1,
    0
  ],
  "cameraGrain" : 0,
  "cameraPoseARFrame" : [
    0.97085660696029663,
    -0.080051369965076447,
    0.22589641809463501,
    0.41497477889060974,
    0.0086933104321360588,
    0.95370882749557495,
    0.30060559511184692,
    0.19791240990161896,
    -0.23950330913066864,
    -0.28988116979598999,
    0.92661041021347046,
    -22.784198760986328,
    0,
    0,
    0,
    0.99999994039535522
  ]
}