{
  "exposureDuration" : 0.01666666753590107,
  "averageAngularVelocity" : 0.25395876169204712,
  "frame_index" : 82,
  "time" : 104151.61340962502,
  "intrinsics" : [
    1586.1385498046875,
    0,
    947.2093505859375,
    0,
    1586.1385498046875,
    727.5692138671875,
    0,
    0,
    1
  ],
  "averageVelocity" : 0.87914204597473145,
  "projectionMatrix" : [
    1.6522276401519775,
    0,
    0.012802779674530029,
    0,
    0,
    2.2029702663421631,
    0.011207222938537598,
    0,
    0,
    0,
    -0.9999997615814209,
    -0.00099999981466680765,
    0,
    0,
    -1,
    0
  ],
  "cameraGrain" : 0,
  "motionQuality" : 0.74881654977798462,
  "cameraPoseARFrame" : [
    0.99949014186859131,
    0.030012013390660286,
    -0.010893635451793671,
    0.10987670719623566,
    -0.025791289284825325,
    0.96005707979202271,
    0.27861270308494568,
    0.1924569308757782,
    0.018820237368345261,
    -0.27818971872329712,
    0.96034163236618042,
    -10.951441764831543,
    0,
    0,
    0,
    0.99999988079071045
  ]
}