{
  "intrinsics" : [
    1578.907958984375,
    0,
    947.1661376953125,
    0,
    1578.907958984375,
    727.56146240234375,
    0,
    0,
    1
  ],
  "averageAngularVelocity" : 0.1241384893655777,
  "projectionMatrix" : [
    1.6446957588195801,
    0,
    0.012847781181335449,
    0,
    0,
    2.1929278373718262,
    0.011196494102478027,
    0,
    0,
    0,
    -0.9999997615814209,
    -0.00099999981466680765,
    0,
    0,
    -1,
    0
  ],
  "cameraGrain" : 0,
  "motionQuality" : 0.77201962471008301,
  "averageVelocity" : 0.79793143272399902,
  "frame_index" : 28,
  "cameraPoseARFrame" : [
    0.99663323163986206,
    0.05957084521651268,
    -0.056332506239414215,
    -0.084744811058044434,
    -0.042365491390228271,
    0.96242505311965942,
    0.26822185516357422,
    0.1967405378818512,
    0.070194028317928314,
    -0.26493233442306519,
    0.961708664894104,
    -2.5873267650604248,
    0,
    0,
    0,
    0.99999994039535522
  ],
  "exposureDuration" : 0.01666666753590107,
  "time" : 104142.27432462502
}