{
  "intrinsics" : [
    1588.8499755859375,
    0,
    947.2174072265625,
    0,
    1588.8499755859375,
    727.55126953125,
    0,
    0,
    1
  ],
  "cameraPoseARFrame" : [
    0.018154026940464973,
    -0.22670993208885193,
    0.97379308938980103,
    -6.1134800910949707,
    -0.026797393336892128,
    0.97349333763122559,
    0.22713972628116608,
    0.24193903803825378,
    -0.99947595596313477,
    -0.030218621715903282,
    0.011597596108913422,
    -24.701421737670898,
    0,
    0,
    0,
    0.99999994039535522
  ],
  "exposureDuration" : 0.01666666753590107,
  "projectionMatrix" : [
    1.6550520658493042,
    0,
    0.012794375419616699,
    0,
    0,
    2.2067360877990723,
    0.011182308197021484,
    0,
    0,
    0,
    -0.9999997615814209,
    -0.00099999981466680765,
    0,
    0,
    -1,
    0
  ],
  "averageVelocity" : 0.97067373991012573,
  "frame_index" : 206,
  "motionQuality" : 0.72266465425491333,
  "cameraGrain" : 0,
  "averageAngularVelocity" : 0.28637060523033142,
  "time" : 104173.17171679169
}