{
  "exposureDuration" : 0.01666666753590107,
  "averageAngularVelocity" : 0.13013020157814026,
  "frame_index" : 47,
  "time" : 104145.57803316669,
  "intrinsics" : [
    1596.5323486328125,
    0,
    947.276123046875,
    0,
    1596.5323486328125,
    727.55816650390625,
    0,
    0,
    1
  ],
  "averageVelocity" : 0.95375782251358032,
  "projectionMatrix" : [
    1.6630545854568481,
    0,
    0.012733221054077148,
    0,
    0,
    2.2174060344696045,
    0.011191904544830322,
    0,
    0,
    0,
    -0.9999997615814209,
    -0.00099999981466680765,
    0,
    0,
    -1,
    0
  ],
  "cameraGrain" : 0.00646177027374506,
  "motionQuality" : 0.72749775648117065,
  "cameraPoseARFrame" : [
    0.99971878528594971,
    0.0094299130141735077,
    -0.021753842011094093,
    -0.0059286653995513916,
    -0.0037984272930771112,
    0.96935415267944336,
    0.24563780426979065,
    0.23389726877212524,
    0.023403523489832878,
    -0.24548614025115967,
    0.96911746263504028,
    -5.45147705078125,
    0,
    0,
    0,
    0.99999988079071045
  ]
}