{
  "cameraPoseARFrame" : [
    -0.94389438629150391,
    -0.1396465003490448,
    0.29926925897598267,
    -16.081489562988281,
    -0.015617755241692066,
    0.92405897378921509,
    0.38193061947822571,
    0.16309642791748047,
    -0.32987773418426514,
    0.35582831501960754,
    -0.87439513206481934,
    -24.472497940063477,
    0,
    0,
    0,
    0.99999994039535522
  ],
  "intrinsics" : [
    1589.7537841796875,
    0,
    947.1541748046875,
    0,
    1589.7537841796875,
    727.61810302734375,
    0,
    0,
    1
  ],
  "exposureDuration" : 0.01666666753590107,
  "projectionMatrix" : [
    1.6559935808181763,
    0,
    0.012860238552093506,
    0,
    0,
    2.207991361618042,
    0.011275172233581543,
    0,
    0,
    0,
    -0.9999997615814209,
    -0.00099999981466680765,
    0,
    0,
    -1,
    0
  ],
  "averageVelocity" : 0.79915237426757812,
  "frame_index" : 268,
  "motionQuality" : 0.77167075872421265,
  "cameraGrain" : 0,
  "averageAngularVelocity" : 0.4683079719543457,
  "time" : 104183.97831650003
}