{
  "averageAngularVelocity" : 0.054482892155647278,
  "time" : 104212.6970904167,
  "motionQuality" : 0.96621638536453247,
  "cameraPoseARFrame" : [
    -0.99969369173049927,
    -0.014551746658980846,
    -0.020015954971313477,
    -16.336391448974609,
    -0.019407272338867188,
    0.96286541223526001,
    0.26928293704986572,
    0.2576967179775238,
    0.015354120172560215,
    0.26958894729614258,
    -0.96285295486450195,
    1.9739651679992676,
    0,
    0,
    0,
    0.99999988079071045
  ],
  "cameraGrain" : 0,
  "exposureDuration" : 0.01666666753590107,
  "intrinsics" : [
    1593.8209228515625,
    0,
    947.21923828125,
    0,
    1593.8209228515625,
    727.57080078125,
    0,
    0,
    1
  ],
  "projectionMatrix" : [
    1.6602301597595215,
    0,
    0.012792468070983887,
    0,
    0,
    2.2136402130126953,
    0.011209428310394287,
    0,
    0,
    0,
    -0.9999997615814209,
    -0.00099999981466680765,
    0,
    0,
    -1,
    0
  ],
  "frame_index" : 433,
  "averageVelocity" : 0.11824263632297516
}