{
  "averageAngularVelocity" : 0.072501502931118011,
  "time" : 104163.32030991669,
  "cameraGrain" : 0,
  "frame_index" : 150,
  "projectionMatrix" : [
    1.6489323377609253,
    0,
    0.012862503528594971,
    0,
    0,
    2.1985764503479004,
    0.011274576187133789,
    0,
    0,
    0,
    -0.9999997615814209,
    -0.00099999981466680765,
    0,
    0,
    -1,
    0
  ],
  "motionQuality" : 0.75052982568740845,
  "averageVelocity" : 0.87314558029174805,
  "cameraPoseARFrame" : [
    0.99689733982086182,
    0.049592737108469009,
    -0.061123363673686981,
    0.40071612596511841,
    -0.022462485358119011,
    0.92350244522094727,
    0.38293415307998657,
    0.19485795497894287,
    0.075438328087329865,
    -0.38037309050559998,
    0.92175126075744629,
    -21.628007888793945,
    0,
    0,
    0,
    0.99999988079071045
  ],
  "intrinsics" : [
    1582.97509765625,
    0,
    947.1519775390625,
    0,
    1582.97509765625,
    727.61767578125,
    0,
    0,
    1
  ],
  "exposureDuration" : 0.01666666753590107
}