{
  "time" : 104169.05832212503,
  "exposureDuration" : 0.01666666753590107,
  "cameraPoseARFrame" : [
    0.013916050083935261,
    -0.27352055907249451,
    0.96176528930664062,
    -2.1142816543579102,
    -0.017876241356134415,
    0.96163666248321533,
    0.27374261617660522,
    0.24468007683753967,
    -0.99974322319030762,
    -0.02100217342376709,
    0.0084926625713706017,
    -24.689903259277344,
    0,
    0,
    0,
    0.99999994039535522
  ],
  "intrinsics" : [
    1587.494140625,
    0,
    947.2022705078125,
    0,
    1587.494140625,
    727.566650390625,
    0,
    0,
    1
  ],
  "projectionMatrix" : [
    1.6536396741867065,
    0,
    0.012810111045837402,
    0,
    0,
    2.2048530578613281,
    0.01120370626449585,
    0,
    0,
    0,
    -0.9999997615814209,
    -0.00099999981466680765,
    0,
    0,
    -1,
    0
  ],
  "averageAngularVelocity" : 0.14250971376895905,
  "motionQuality" : 0.72905611991882324,
  "cameraGrain" : 0,
  "averageVelocity" : 0.94830358028411865,
  "frame_index" : 183
}