{
  "intrinsics" : [
    1586.1385498046875,
    0,
    947.2467041015625,
    0,
    1586.1385498046875,
    727.5618896484375,
    0,
    0,
    1
  ],
  "averageAngularVelocity" : 0.17920854687690735,
  "projectionMatrix" : [
    1.6522276401519775,
    0,
    0.012763857841491699,
    0,
    0,
    2.2029702663421631,
    0.011197090148925781,
    0,
    0,
    0,
    -0.9999997615814209,
    -0.00099999981466680765,
    0,
    0,
    -1,
    0
  ],
  "cameraGrain" : 0,
  "motionQuality" : 0.73407399654388428,
  "averageVelocity" : 0.93074095249176025,
  "frame_index" : 30,
  "cameraPoseARFrame" : [
    0.99893951416015625,
    0.023932855576276779,
    -0.039330922067165375,
    -0.06781536340713501,
    -0.012893994338810444,
    0.96551448106765747,
    0.26002943515777588,
    0.20170839130878448,
    0.044197827577590942,
    -0.2592465877532959,
    0.96479928493499756,
    -2.8519392013549805,
    0,
    0,
    0,
    0.99999988079071045
  ],
  "exposureDuration" : 0.01666666753590107,
  "time" : 104142.57457766669
}