{
  "time" : 104211.96338612502,
  "intrinsics" : [
    1594.2728271484375,
    0,
    947.20159912109375,
    0,
    1594.2728271484375,
    727.5748291015625,
    0,
    0,
    1
  ],
  "frame_index" : 429,
  "cameraPoseARFrame" : [
    -0.99975603818893433,
    -0.019891448318958282,
    -0.0095998430624604225,
    -16.31028938293457,
    -0.021804060786962509,
    0.95818024873733521,
    0.28533318638801575,
    0.24918082356452942,
    0.0035226871259510517,
    0.28547292947769165,
    -0.95838028192520142,
    1.8318605422973633,
    0,
    0,
    0,
    0.99999994039535522
  ],
  "projectionMatrix" : [
    1.6607009172439575,
    0,
    0.012810826301574707,
    0,
    0,
    2.2142677307128906,
    0.011215031147003174,
    0,
    0,
    0,
    -0.9999997615814209,
    -0.00099999981466680765,
    0,
    0,
    -1,
    0
  ],
  "motionQuality" : 0.86001145839691162,
  "averageAngularVelocity" : 0.21745829284191132,
  "averageVelocity" : 0.48995992541313171,
  "exposureDuration" : 0.01666666753590107,
  "cameraGrain" : 0
}