{
  "averageVelocity" : 1.0327913761138916,
  "projectionMatrix" : [
    1.6531691551208496,
    0,
    0.012784600257873535,
    0,
    0,
    2.2042255401611328,
    0.011228322982788086,
    0,
    0,
    0,
    -0.9999997615814209,
    -0.00099999981466680765,
    0,
    0,
    -1,
    0
  ],
  "motionQuality" : 0.70491671562194824,
  "time" : 104202.25770420836,
  "frame_index" : 373,
  "averageAngularVelocity" : 0.27350789308547974,
  "intrinsics" : [
    1587.0423583984375,
    0,
    947.226806640625,
    0,
    1587.0423583984375,
    727.58441162109375,
    0,
    0,
    1
  ],
  "cameraPoseARFrame" : [
    -0.99969524145126343,
    -0.013374803587794304,
    0.020747721195220947,
    -16.464509963989258,
    -0.0063182078301906586,
    0.95113605260848999,
    0.30870714783668518,
    0.21499288082122803,
    -0.023862820118665695,
    0.30848202109336853,
    -0.95093077421188354,
    -7.2306694984436035,
    0,
    0,
    0,
    0.99999994039535522
  ],
  "cameraGrain" : 0,
  "exposureDuration" : 0.01666666753590107
}