{
  "cameraPoseARFrame" : [
    -0.99992203712463379,
    -0.00059521908406168222,
    0.012464325875043869,
    -16.473522186279297,
    0.0031214386690407991,
    0.95517539978027344,
    0.29602360725402832,
    0.20838358998298645,
    -0.012081818655133247,
    0.29603946208953857,
    -0.95509922504425049,
    -7.4321374893188477,
    0,
    0,
    0,
    0.99999988079071045
  ],
  "time" : 104202.05575437502,
  "projectionMatrix" : [
    1.650815486907959,
    0,
    0.012749433517456055,
    0,
    0,
    2.2010872364044189,
    0.011223435401916504,
    0,
    0,
    0,
    -0.9999997615814209,
    -0.00099999981466680765,
    0,
    0,
    -1,
    0
  ],
  "averageAngularVelocity" : 0.057646822184324265,
  "motionQuality" : 0.71882444620132446,
  "exposureDuration" : 0.01666666753590107,
  "cameraGrain" : 0,
  "averageVelocity" : 0.98411446809768677,
  "intrinsics" : [
    1584.7828369140625,
    0,
    947.26055908203125,
    0,
    1584.7828369140625,
    727.58087158203125,
    0,
    0,
    1
  ],
  "frame_index" : 372
}