{
  "intrinsics" : [
    1587.494140625,
    0,
    947.13995361328125,
    0,
    1587.494140625,
    727.59625244140625,
    0,
    0,
    1
  ],
  "averageAngularVelocity" : 0.24192781746387482,
  "projectionMatrix" : [
    1.6536396741867065,
    0,
    0.012875020503997803,
    0,
    0,
    2.2048530578613281,
    0.011244773864746094,
    0,
    0,
    0,
    -0.9999997615814209,
    -0.00099999981466680765,
    0,
    0,
    -1,
    0
  ],
  "cameraGrain" : 0,
  "motionQuality" : 0.7290148138999939,
  "averageVelocity" : 0.94844812154769897,
  "frame_index" : 68,
  "cameraPoseARFrame" : [
    0.99695229530334473,
    0.05869651585817337,
    -0.051388155668973923,
    -0.0030512437224388123,
    -0.037398744374513626,
    0.93767940998077393,
    0.3454832136631012,
    0.18612571060657501,
    0.068464279174804688,
    -0.342508465051651,
    0.93701678514480591,
    -8.7806758880615234,
    0,
    0,
    0,
    0.99999994039535522
  ],
  "exposureDuration" : 0.01666666753590107,
  "time" : 104149.21369512503
}