{
  "intrinsics" : [
    1589.3018798828125,
    0,
    947.1126708984375,
    0,
    1589.3018798828125,
    727.60809326171875,
    0,
    0,
    1
  ],
  "cameraPoseARFrame" : [
    -0.01305928360670805,
    -0.36602556705474854,
    0.93051308393478394,
    -13.042236328125,
    -0.039940714836120605,
    0.93004071712493896,
    0.36527919769287109,
    0.18950493633747101,
    -0.99911659955978394,
    -0.032395076006650925,
    -0.026764994487166405,
    -24.834407806396484,
    0,
    0,
    0,
    0.99999994039535522
  ],
  "exposureDuration" : 0.01666666753590107,
  "projectionMatrix" : [
    1.6555228233337402,
    0,
    0.012903451919555664,
    0,
    0,
    2.2073636054992676,
    0.011261224746704102,
    0,
    0,
    0,
    -0.9999997615814209,
    -0.00099999981466680765,
    0,
    0,
    -1,
    0
  ],
  "averageVelocity" : 0.95250225067138672,
  "frame_index" : 247,
  "motionQuality" : 0.72785651683807373,
  "cameraGrain" : 0,
  "averageAngularVelocity" : 0.18085300922393799,
  "time" : 104180.24385133336
}