{
  "averageAngularVelocity" : 0.12451609224081039,
  "time" : 104164.08905233335,
  "cameraGrain" : 0,
  "frame_index" : 154,
  "projectionMatrix" : [
    1.6494032144546509,
    0,
    0.012741625308990479,
    0,
    0,
    2.1992044448852539,
    0.011249125003814697,
    0,
    0,
    0,
    -0.9999997615814209,
    -0.00099999981466680765,
    0,
    0,
    -1,
    0
  ],
  "motionQuality" : 0.74463498592376709,
  "averageVelocity" : 0.89377766847610474,
  "cameraPoseARFrame" : [
    0.99797028303146362,
    -0.033574014902114868,
    0.054110437631607056,
    0.45493912696838379,
    0.013383179903030396,
    0.94132465124130249,
    0.33723685145378113,
    0.18322955071926117,
    -0.062257882207632065,
    -0.33582821488380432,
    0.93986338376998901,
    -22.309614181518555,
    0,
    0,
    0,
    0.99999994039535522
  ],
  "intrinsics" : [
    1583.4271240234375,
    0,
    947.26806640625,
    0,
    1583.4271240234375,
    727.599365234375,
    0,
    0,
    1
  ],
  "exposureDuration" : 0.01666666753590107
}