{
  "intrinsics" : [
    1589.7537841796875,
    0,
    947.19195556640625,
    0,
    1589.7537841796875,
    727.6278076171875,
    0,
    0,
    1
  ],
  "cameraPoseARFrame" : [
    -0.86649316549301147,
    -0.19683529436588287,
    0.45874318480491638,
    -15.710115432739258,
    0.00049276259960606694,
    0.91863960027694702,
    0.39509609341621399,
    0.16200083494186401,
    -0.49918854236602783,
    0.34257414937019348,
    -0.79589802026748657,
    -24.73719596862793,
    0,
    0,
    0,
    0.99999988079071045
  ],
  "exposureDuration" : 0.01666666753590107,
  "projectionMatrix" : [
    1.6559935808181763,
    0,
    0.012820899486541748,
    0,
    0,
    2.207991361618042,
    0.011288642883300781,
    0,
    0,
    0,
    -0.9999997615814209,
    -0.00099999981466680765,
    0,
    0,
    -1,
    0
  ],
  "averageVelocity" : 0.86591982841491699,
  "frame_index" : 265,
  "motionQuality" : 0.75259435176849365,
  "cameraGrain" : 0,
  "averageAngularVelocity" : 0.36860451102256775,
  "time" : 104183.41315691669
}