{
  "projectionMatrix" : [
    1.6446957588195801,
    0,
    0.012815535068511963,
    0,
    0,
    2.1929278373718262,
    0.011173665523529053,
    0,
    0,
    0,
    -0.9999997615814209,
    -0.00099999981466680765,
    0,
    0,
    -1,
    0
  ],
  "averageAngularVelocity" : 0.32008323073387146,
  "exposureDuration" : 0.01666666753590107,
  "motionQuality" : 0.87384974956512451,
  "frame_index" : 9,
  "intrinsics" : [
    1578.907958984375,
    0,
    947.19708251953125,
    0,
    1578.907958984375,
    727.5450439453125,
    0,
    0,
    1
  ],
  "time" : 104138.90747883335,
  "averageVelocity" : 0.44152587652206421,
  "cameraGrain" : 0,
  "cameraPoseARFrame" : [
    0.99792641401290894,
    0.055515792220830917,
    -0.03256891667842865,
    -0.16543178260326385,
    -0.047280542552471161,
    0.9756205677986145,
    0.2143099457025528,
    0.24935472011566162,
    0.043672505766153336,
    -0.21232570707798004,
    0.97622251510620117,
    -0.10492802411317825,
    0,
    0,
    0,
    0.99999988079071045
  ]
}