{
  "averageAngularVelocity" : 0.088639006018638611,
  "time" : 104159.2178505417,
  "cameraGrain" : 0,
  "frame_index" : 126,
  "motionQuality" : 0.768638014793396,
  "projectionMatrix" : [
    1.6484618186950684,
    0,
    0.012862086296081543,
    0,
    0,
    2.1979489326477051,
    0.011254012584686279,
    0,
    0,
    0,
    -0.9999997615814209,
    -0.00099999981466680765,
    0,
    0,
    -1,
    0
  ],
  "averageVelocity" : 0.80976682901382446,
  "cameraPoseARFrame" : [
    0.99696660041809082,
    0.055407218635082245,
    -0.054658815264701843,
    0.33505460619926453,
    -0.032685130834579468,
    0.93541103601455688,
    0.35204815864562988,
    0.19359074532985687,
    0.070634461939334869,
    -0.3491937518119812,
    0.93438458442687988,
    -17.694337844848633,
    0,
    0,
    0,
    0.99999994039535522
  ],
  "intrinsics" : [
    1582.5233154296875,
    0,
    947.15240478515625,
    0,
    1582.5233154296875,
    727.6029052734375,
    0,
    0,
    1
  ],
  "exposureDuration" : 0.01666666753590107
}