{
  "intrinsics" : [
    1588.8499755859375,
    0,
    947.193115234375,
    0,
    1588.8499755859375,
    727.5640869140625,
    0,
    0,
    1
  ],
  "cameraGrain" : 0,
  "frame_index" : 202,
  "projectionMatrix" : [
    1.6550520658493042,
    0,
    0.012819647789001465,
    0,
    0,
    2.2067360877990723,
    0.011200129985809326,
    0,
    0,
    0,
    -0.9999997615814209,
    -0.00099999981466680765,
    0,
    0,
    -1,
    0
  ],
  "cameraPoseARFrame" : [
    0.0090419817715883255,
    -0.26591545343399048,
    0.96395391225814819,
    -5.3676605224609375,
    -0.025148618966341019,
    0.96362787485122681,
    0.26606139540672302,
    0.23057767748832703,
    -0.99964278936386108,
    -0.026647834107279778,
    0.0020256938878446817,
    -24.70281982421875,
    0,
    0,
    0,
    0.99999994039535522
  ],
  "motionQuality" : 0.72353672981262207,
  "exposureDuration" : 0.01666666753590107,
  "averageAngularVelocity" : 0.19466692209243774,
  "time" : 104172.40668395835,
  "averageVelocity" : 0.9676215648651123
}