{
  "exposureDuration" : 0.01666666753590107,
  "motionQuality" : 0.70931655168533325,
  "frame_index" : 388,
  "cameraPoseARFrame" : [
    -0.99997419118881226,
    -0.00060890067834407091,
    -0.007151472382247448,
    -16.486894607543945,
    -0.0026298584416508675,
    0.95818287134170532,
    0.28614413738250732,
    0.21594551205635071,
    0.0066781807690858841,
    0.2861555814743042,
    -0.95815986394882202,
    -4.6674089431762695,
    0,
    0,
    0,
    0.99999994039535522
  ],
  "intrinsics" : [
    1571.6776123046875,
    0,
    947.253662109375,
    0,
    1571.6776123046875,
    727.57611083984375,
    0,
    0,
    1
  ],
  "averageAngularVelocity" : 0.22515496611595154,
  "cameraGrain" : 0,
  "averageVelocity" : 1.0173920392990112,
  "time" : 104204.92421708336,
  "projectionMatrix" : [
    1.6371642351150513,
    0,
    0.012756586074829102,
    0,
    0,
    2.1828856468200684,
    0.011216819286346436,
    0,
    0,
    0,
    -0.9999997615814209,
    -0.00099999981466680765,
    0,
    0,
    -1,
    0
  ]
}