{
  "motionQuality" : 0.69017815589904785,
  "projectionMatrix" : [
    1.6574057340621948,
    0,
    0.012810587882995605,
    0,
    0,
    2.2098743915557861,
    0.011213004589080811,
    0,
    0,
    0,
    -0.9999997615814209,
    -0.00099999981466680765,
    0,
    0,
    -1,
    0
  ],
  "frame_index" : 346,
  "averageVelocity" : 1.084376335144043,
  "averageAngularVelocity" : 0.21088069677352905,
  "exposureDuration" : 0.01666666753590107,
  "intrinsics" : [
    1591.1094970703125,
    0,
    947.20184326171875,
    0,
    1591.1094970703125,
    727.5733642578125,
    0,
    0,
    1
  ],
  "time" : 104197.58768766669,
  "cameraGrain" : 0,
  "cameraPoseARFrame" : [
    -0.99958688020706177,
    -0.025580745190382004,
    0.013101287186145782,
    -16.52543830871582,
    -0.020773187279701233,
    0.95807784795761108,
    0.2857535183429718,
    0.22510159015655518,
    -0.019861850887537003,
    0.28536337614059448,
    -0.95821350812911987,
    -11.816686630249023,
    0,
    0,
    0,
    0.99999988079071045
  ]
}