{
  "exposureDuration" : 0.01666666753590107,
  "averageAngularVelocity" : 0.16867968440055847,
  "frame_index" : 20,
  "time" : 104140.87375087502,
  "intrinsics" : [
    1578.907958984375,
    0,
    947.2239990234375,
    0,
    1578.907958984375,
    727.556640625,
    0,
    0,
    1
  ],
  "averageVelocity" : 0.82046926021575928,
  "projectionMatrix" : [
    1.6446957588195801,
    0,
    0.012787520885467529,
    0,
    0,
    2.1929278373718262,
    0.011189758777618408,
    0,
    0,
    0,
    -0.9999997615814209,
    -0.00099999981466680765,
    0,
    0,
    -1,
    0
  ],
  "cameraGrain" : 0,
  "motionQuality" : 0.76558017730712891,
  "cameraPoseARFrame" : [
    0.99940013885498047,
    0.032101340591907501,
    -0.012993479147553444,
    -0.038017291575670242,
    -0.027842311188578606,
    0.96790415048599243,
    0.24977236986160278,
    0.21332859992980957,
    0.02059447392821312,
    -0.24926076829433441,
    0.96821737289428711,
    -1.4617530107498169,
    0,
    0,
    0,
    0.99999994039535522
  ]
}