{
  "cameraPoseARFrame" : [
    -0.99946475028991699,
    -0.022682454437017441,
    0.02357180044054985,
    -16.506786346435547,
    -0.015050536952912807,
    0.9586186408996582,
    0.28429487347602844,
    0.24856719374656677,
    -0.029044881463050842,
    0.28378799557685852,
    -0.95844703912734985,
    -11.003521919250488,
    0,
    0,
    0,
    0.99999994039535522
  ],
  "projectionMatrix" : [
    1.6569349765777588,
    0,
    0.012795150279998779,
    0,
    0,
    2.2092466354370117,
    0.011212587356567383,
    0,
    0,
    0,
    -0.9999997615814209,
    -0.00099999981466680765,
    0,
    0,
    -1,
    0
  ],
  "frame_index" : 351,
  "cameraGrain" : 0,
  "exposureDuration" : 0.01666666753590107,
  "time" : 104198.42012716668,
  "intrinsics" : [
    1590.6575927734375,
    0,
    947.2166748046875,
    0,
    1590.6575927734375,
    727.57305908203125,
    0,
    0,
    1
  ],
  "averageAngularVelocity" : 0.20064927637577057,
  "averageVelocity" : 0.97503608465194702,
  "motionQuality" : 0.72141826152801514
}