{
  "exposureDuration" : 0.01666666753590107,
  "averageAngularVelocity" : 0.35667845606803894,
  "frame_index" : 223,
  "time" : 104176.07364566669,
  "intrinsics" : [
    1589.3018798828125,
    0,
    947.23809814453125,
    0,
    1589.3018798828125,
    727.5833740234375,
    0,
    0,
    1
  ],
  "averageVelocity" : 1.0152304172515869,
  "projectionMatrix" : [
    1.6555228233337402,
    0,
    0.012772798538208008,
    0,
    0,
    2.2073636054992676,
    0.011226892471313477,
    0,
    0,
    0,
    -0.9999997615814209,
    -0.00099999981466680765,
    0,
    0,
    -1,
    0
  ],
  "cameraGrain" : 0,
  "motionQuality" : 0.70993417501449585,
  "cameraPoseARFrame" : [
    -0.0040368698537349701,
    -0.30610796809196472,
    0.95198816061019897,
    -8.9572658538818359,
    -0.0029384198132902384,
    0.9519953727722168,
    0.30609780550003052,
    0.21494275331497192,
    -0.99998748302459717,
    -0.0015616638120263815,
    -0.0047425571829080582,
    -24.769989013671875,
    0,
    0,
    0,
    0.99999994039535522
  ]
}