{
  "intrinsics" : [
    1595.1766357421875,
    0,
    947.21807861328125,
    0,
    1595.1766357421875,
    727.56695556640625,
    0,
    0,
    1
  ],
  "averageAngularVelocity" : 0.24700170755386353,
  "projectionMatrix" : [
    1.66164231300354,
    0,
    0.012793660163879395,
    0,
    0,
    2.2155230045318604,
    0.011204123497009277,
    0,
    0,
    0,
    -0.9999997615814209,
    -0.00099999981466680765,
    0,
    0,
    -1,
    0
  ],
  "cameraGrain" : 0,
  "motionQuality" : 0.72207069396972656,
  "averageVelocity" : 0.97275269031524658,
  "cameraPoseARFrame" : [
    -0.99946796894073486,
    -0.02599487267434597,
    0.019696686416864395,
    -16.470846176147461,
    -0.01982545293867588,
    0.96378105878829956,
    0.26595649123191833,
    0.23074975609779358,
    -0.025896808132529259,
    0.26542451977729797,
    -0.96378374099731445,
    -6.7120928764343262,
    0,
    0,
    0,
    1
  ],
  "frame_index" : 376,
  "exposureDuration" : 0.01666666753590107,
  "time" : 104202.78941587503
}