{
  "averageVelocity" : 0.84956759214401245,
  "motionQuality" : 0.75726640224456787,
  "intrinsics" : [
    1581.6195068359375,
    0,
    947.3902587890625,
    0,
    1581.6195068359375,
    727.55218505859375,
    0,
    0,
    1
  ],
  "time" : 104144.10883545836,
  "frame_index" : 39,
  "projectionMatrix" : [
    1.6475203037261963,
    0,
    0.012614309787750244,
    0,
    0,
    2.1966936588287354,
    0.011183619499206543,
    0,
    0,
    0,
    -0.9999997615814209,
    -0.00099999981466680765,
    0,
    0,
    -1,
    0
  ],
  "averageAngularVelocity" : 0.063674159348011017,
  "exposureDuration" : 0.01666666753590107,
  "cameraGrain" : 0,
  "cameraPoseARFrame" : [
    0.99291473627090454,
    -0.0048129535280168056,
    -0.11873161792755127,
    -0.026359103620052338,
    0.029156509786844254,
    0.97850281000137329,
    0.20416159927845001,
    0.24485230445861816,
    0.11519662290811539,
    -0.20617687702178955,
    0.97171014547348022,
    -4.1638922691345215,
    0,
    0,
    0,
    0.99999994039535522
  ]
}