{
  "exposureDuration" : 0.01666666753590107,
  "averageAngularVelocity" : 0.19757926464080811,
  "frame_index" : 84,
  "time" : 104151.91346812503,
  "intrinsics" : [
    1586.5904541015625,
    0,
    947.16485595703125,
    0,
    1586.5904541015625,
    727.5841064453125,
    0,
    0,
    1
  ],
  "averageVelocity" : 0.89235997200012207,
  "projectionMatrix" : [
    1.6526983976364136,
    0,
    0.012849092483520508,
    0,
    0,
    2.2035977840423584,
    0.011227905750274658,
    0,
    0,
    0,
    -0.9999997615814209,
    -0.00099999981466680765,
    0,
    0,
    -1,
    0
  ],
  "cameraGrain" : 0,
  "motionQuality" : 0.74503999948501587,
  "cameraPoseARFrame" : [
    0.99839013814926147,
    0.047163553535938263,
    -0.031506240367889404,
    0.10609881579875946,
    -0.034722078591585159,
    0.94745349884033203,
    0.31800329685211182,
    0.20574738085269928,
    0.044848866760730743,
    -0.31639742851257324,
    0.94756591320037842,
    -11.224282264709473,
    0,
    0,
    0,
    0.99999994039535522
  ]
}