{
  "averageAngularVelocity" : 0.062868699431419373,
  "averageVelocity" : 0.97094368934631348,
  "cameraPoseARFrame" : [
    -0.99941951036453247,
    -0.033592540770769119,
    0.0056600207462906837,
    -16.661365509033203,
    -0.029704615473747253,
    0.94069188833236694,
    0.33795899152755737,
    0.2011229544878006,
    -0.016677230596542358,
    0.33759471774101257,
    -0.94114375114440918,
    -18.640743255615234,
    0,
    0,
    0,
    0.99999988079071045
  ],
  "cameraGrain" : 0,
  "frame_index" : 305,
  "exposureDuration" : 0.01666666753590107,
  "time" : 104190.51565125003,
  "motionQuality" : 0.72258752584457397,
  "intrinsics" : [
    1585.2347412109375,
    0,
    947.14208984375,
    0,
    1585.2347412109375,
    727.59228515625,
    0,
    0,
    1
  ],
  "projectionMatrix" : [
    1.651286244392395,
    0,
    0.012872815132141113,
    0,
    0,
    2.2017149925231934,
    0.011239290237426758,
    0,
    0,
    0,
    -0.9999997615814209,
    -0.00099999981466680765,
    0,
    0,
    -1,
    0
  ]
}