{
  "cameraPoseARFrame" : [
    -0.97346389293670654,
    -0.090262994170188904,
    0.21028685569763184,
    -16.203126907348633,
    -0.0050866454839706421,
    0.92723101377487183,
    0.37445512413978577,
    0.18084457516670227,
    -0.22878393530845642,
    0.36344891786575317,
    -0.90308505296707153,
    -24.355117797851562,
    0,
    0,
    0,
    0.99999988079071045
  ],
  "intrinsics" : [
    1589.7537841796875,
    0,
    947.18731689453125,
    0,
    1589.7537841796875,
    727.61474609375,
    0,
    0,
    1
  ],
  "exposureDuration" : 0.01666666753590107,
  "projectionMatrix" : [
    1.6559935808181763,
    0,
    0.012825727462768555,
    0,
    0,
    2.207991361618042,
    0.011270463466644287,
    0,
    0,
    0,
    -0.9999997615814209,
    -0.00099999981466680765,
    0,
    0,
    -1,
    0
  ],
  "averageVelocity" : 0.8337090015411377,
  "frame_index" : 269,
  "motionQuality" : 0.76179742813110352,
  "cameraGrain" : 0,
  "averageAngularVelocity" : 0.53344464302062988,
  "time" : 104184.17834795835
}