{
  "averageAngularVelocity" : 0.29435181617736816,
  "time" : 104161.51896312503,
  "cameraGrain" : 0,
  "frame_index" : 139,
  "projectionMatrix" : [
    1.6630545854568481,
    0,
    0.012718915939331055,
    0,
    0,
    2.2174060344696045,
    0.011208951473236084,
    0,
    0,
    0,
    -0.9999997615814209,
    -0.00099999981466680765,
    0,
    0,
    -1,
    0
  ],
  "motionQuality" : 0.70515000820159912,
  "averageVelocity" : 1.0319749116897583,
  "cameraPoseARFrame" : [
    0.99920362234115601,
    0.0037547813262790442,
    -0.039724074304103851,
    0.32079732418060303,
    0.0070347152650356293,
    0.9633905291557312,
    0.26800957322120667,
    0.21360319852828979,
    0.039276126772165298,
    -0.2680756151676178,
    0.96259689331054688,
    -19.86689567565918,
    0,
    0,
    0,
    0.99999988079071045
  ],
  "intrinsics" : [
    1596.5323486328125,
    0,
    947.28985595703125,
    0,
    1596.5323486328125,
    727.5704345703125,
    0,
    0,
    1
  ],
  "exposureDuration" : 0.01666666753590107
}