{
  "intrinsics" : [
    1587.494140625,
    0,
    947.16717529296875,
    0,
    1587.494140625,
    727.58172607421875,
    0,
    0,
    1
  ],
  "averageAngularVelocity" : 0.20553013682365417,
  "projectionMatrix" : [
    1.6536396741867065,
    0,
    0.012846708297729492,
    0,
    0,
    2.2048530578613281,
    0.011224627494812012,
    0,
    0,
    0,
    -0.9999997615814209,
    -0.00099999981466680765,
    0,
    0,
    -1,
    0
  ],
  "cameraGrain" : 0,
  "motionQuality" : 0.73732364177703857,
  "averageVelocity" : 0.91936713457107544,
  "frame_index" : 78,
  "cameraPoseARFrame" : [
    0.99709469079971313,
    0.05603330209851265,
    -0.051597952842712402,
    0.068677432835102081,
    -0.037218444049358368,
    0.94941616058349609,
    0.3118070662021637,
    0.17088918387889862,
    0.066459506750106812,
    -0.30898082256317139,
    0.94874334335327148,
    -10.269745826721191,
    0,
    0,
    0,
    1
  ],
  "exposureDuration" : 0.01666666753590107,
  "time" : 104150.87944529169
}