{
  "averageAngularVelocity" : 0.12674722075462341,
  "time" : 104154.21470579169,
  "cameraGrain" : 0,
  "frame_index" : 97,
  "projectionMatrix" : [
    1.6503447294235229,
    0,
    0.012781500816345215,
    0,
    0,
    2.2004597187042236,
    0.011230409145355225,
    0,
    0,
    0,
    -0.9999997615814209,
    -0.00099999981466680765,
    0,
    0,
    -1,
    0
  ],
  "motionQuality" : 0.76431286334991455,
  "averageVelocity" : 0.82490503787994385,
  "cameraPoseARFrame" : [
    0.99996036291122437,
    0.0086198858916759491,
    0.0021878990810364485,
    0.18334110081195831,
    -0.0088704628869891167,
    0.94915729761123657,
    0.31467700004577637,
    0.19858382642269135,
    0.00063581322319805622,
    -0.31468397378921509,
    0.94919627904891968,
    -13.281776428222656,
    0,
    0,
    0,
    0.99999994039535522
  ],
  "intrinsics" : [
    1584.3309326171875,
    0,
    947.229736328125,
    0,
    1584.3309326171875,
    727.58587646484375,
    0,
    0,
    1
  ],
  "exposureDuration" : 0.01666666753590107
}