{
  "intrinsics" : [
    1605.1185302734375,
    0,
    947.08056640625,
    0,
    1605.1185302734375,
    727.619140625,
    0,
    0,
    1
  ],
  "cameraGrain" : 0,
  "frame_index" : 290,
  "projectionMatrix" : [
    1.6719985008239746,
    0,
    0.012936890125274658,
    0,
    0,
    2.2293312549591064,
    0.011276602745056152,
    0,
    0,
    0,
    -0.9999997615814209,
    -0.00099999981466680765,
    0,
    0,
    -1,
    0
  ],
  "cameraPoseARFrame" : [
    -0.99909818172454834,
    -0.042445804923772812,
    -0.0010303768794983625,
    -16.666879653930664,
    -0.039460364729166031,
    0.91932195425033569,
    0.391522616147995,
    0.19827894866466522,
    -0.015671245753765106,
    0.39121019840240479,
    -0.92016792297363281,
    -21.205059051513672,
    0,
    0,
    0,
    0.99999994039535522
  ],
  "motionQuality" : 0.74595510959625244,
  "exposureDuration" : 0.01666666753590107,
  "averageAngularVelocity" : 0.11735068261623383,
  "time" : 104187.88060200002,
  "averageVelocity" : 0.88915711641311646
}