{
  "intrinsics" : [
    1593.8209228515625,
    0,
    947.22857666015625,
    0,
    1593.8209228515625,
    727.5728759765625,
    0,
    0,
    1
  ],
  "averageAngularVelocity" : 0.05002058669924736,
  "projectionMatrix" : [
    1.6602301597595215,
    0,
    0.012782752513885498,
    0,
    0,
    2.2136402130126953,
    0.011212348937988281,
    0,
    0,
    0,
    -0.9999997615814209,
    -0.00099999981466680765,
    0,
    0,
    -1,
    0
  ],
  "cameraGrain" : 0,
  "motionQuality" : 0.98414164781570435,
  "averageVelocity" : 0.055504236370325089,
  "cameraPoseARFrame" : [
    -0.99950492382049561,
    -0.0049240030348300934,
    -0.031074082478880882,
    -16.347929000854492,
    -0.013246302492916584,
    0.96173107624053955,
    0.27367424964904785,
    0.2560427188873291,
    0.028537336736917496,
    0.27395039796829224,
    -0.96132034063339233,
    1.9976423978805542,
    0,
    0,
    0,
    0.99999988079071045
  ],
  "frame_index" : 435,
  "exposureDuration" : 0.01666666753590107,
  "time" : 104213.03061916669
}