{
  "projectionMatrix" : [
    1.6734106540679932,
    0,
    0.012798011302947998,
    0,
    0,
    2.2312142848968506,
    0.011230647563934326,
    0,
    0,
    0,
    -0.9999997615814209,
    -0.00099999981466680765,
    0,
    0,
    -1,
    0
  ],
  "intrinsics" : [
    1606.4742431640625,
    0,
    947.21392822265625,
    0,
    1606.4742431640625,
    727.5860595703125,
    0,
    0,
    1
  ],
  "frame_index" : 400,
  "motionQuality" : 0.70540511608123779,
  "time" : 104206.99188466668,
  "averageVelocity" : 1.0310821533203125,
  "averageAngularVelocity" : 0.31448400020599365,
  "cameraGrain" : 0,
  "exposureDuration" : 0.01666666753590107,
  "cameraPoseARFrame" : [
    -0.99966883659362793,
    -0.018524501472711563,
    0.017859624698758125,
    -16.461719512939453,
    -0.01194639690220356,
    0.94885265827178955,
    0.3154928982257843,
    0.17922687530517578,
    -0.022790510207414627,
    0.31517508625984192,
    -0.94875973463058472,
    -2.5941872596740723,
    0,
    0,
    0,
    0.99999994039535522
  ]
}