{
  "exposureDuration" : 0.01666666753590107,
  "averageAngularVelocity" : 0.12178979814052582,
  "frame_index" : 394,
  "time" : 104205.92448762502,
  "intrinsics" : [
    1613.2528076171875,
    0,
    947.21392822265625,
    0,
    1613.2528076171875,
    727.58587646484375,
    0,
    0,
    1
  ],
  "averageVelocity" : 1.0273061990737915,
  "projectionMatrix" : [
    1.680471658706665,
    0,
    0.012798011302947998,
    0,
    0,
    2.2406289577484131,
    0.011230409145355225,
    0,
    0,
    0,
    -0.9999997615814209,
    -0.00099999981466680765,
    0,
    0,
    -1,
    0
  ],
  "cameraGrain" : 0,
  "motionQuality" : 0.70648396015167236,
  "cameraPoseARFrame" : [
    -0.99991744756698608,
    -0.01282893680036068,
    -0.0006531996768899262,
    -16.477170944213867,
    -0.012393259443342686,
    0.95008730888366699,
    0.31173768639564514,
    0.2278173565864563,
    -0.0033786760177463293,
    0.31172004342079163,
    -0.95016789436340332,
    -3.6652119159698486,
    0,
    0,
    0,
    0.99999988079071045
  ]
}