{
  "time" : 104169.49036216669,
  "exposureDuration" : 0.01666666753590107,
  "cameraPoseARFrame" : [
    0.0046791550703346729,
    -0.30270418524742126,
    0.95307296514511108,
    -2.5481870174407959,
    -0.016092212870717049,
    0.95293718576431274,
    0.30274006724357605,
    0.26289656758308411,
    -0.9998595118522644,
    -0.016753623262047768,
    -0.0004122476966585964,
    -24.705280303955078,
    0,
    0,
    0,
    0.99999982118606567
  ],
  "intrinsics" : [
    1587.0423583984375,
    0,
    947.18731689453125,
    0,
    1587.0423583984375,
    727.577880859375,
    0,
    0,
    1
  ],
  "projectionMatrix" : [
    1.6531691551208496,
    0,
    0.012825727462768555,
    0,
    0,
    2.2042255401611328,
    0.011219263076782227,
    0,
    0,
    0,
    -0.9999997615814209,
    -0.00099999981466680765,
    0,
    0,
    -1,
    0
  ],
  "averageAngularVelocity" : 0.11668208241462708,
  "motionQuality" : 0.72518360614776611,
  "cameraGrain" : 0,
  "averageVelocity" : 0.9618573784828186,
  "frame_index" : 185
}