{
  "cameraPoseARFrame" : [
    -0.99991136789321899,
    -0.0028108279220759869,
    -0.013005548156797886,
    -16.513547897338867,
    -0.0065206820145249367,
    0.95553106069564819,
    0.29481807351112366,
    0.24792155623435974,
    0.011598533019423485,
    0.2948768138885498,
    -0.95546483993530273,
    -4.9582681655883789,
    0,
    0,
    0,
    0.99999994039535522
  ],
  "cameraGrain" : 0,
  "frame_index" : 386,
  "exposureDuration" : 0.01666666753590107,
  "intrinsics" : [
    1589.7537841796875,
    0,
    947.236572265625,
    0,
    1589.7537841796875,
    727.5799560546875,
    0,
    0,
    1
  ],
  "motionQuality" : 0.72497296333312988,
  "averageVelocity" : 0.96259468793869019,
  "time" : 104204.62399066669,
  "averageAngularVelocity" : 0.11365076154470444,
  "projectionMatrix" : [
    1.6559935808181763,
    0,
    0.012774407863616943,
    0,
    0,
    2.207991361618042,
    0.011222183704376221,
    0,
    0,
    0,
    -0.9999997615814209,
    -0.00099999981466680765,
    0,
    0,
    -1,
    0
  ]
}