{
  "time" : 104209.79345133336,
  "intrinsics" : [
    1601.5032958984375,
    0,
    947.1654052734375,
    0,
    1601.5032958984375,
    727.58355712890625,
    0,
    0,
    1
  ],
  "cameraPoseARFrame" : [
    -0.99951660633087158,
    -0.028556732460856438,
    -0.012286963872611523,
    -16.410665512084961,
    -0.030967561528086662,
    0.94932264089584351,
    0.31277364492416382,
    0.23780056834220886,
    0.0027324969414621592,
    0.31300291419029236,
    -0.94974815845489502,
    0.17462310194969177,
    0,
    0,
    0,
    0.99999994039535522
  ],
  "projectionMatrix" : [
    1.6682325601577759,
    0,
    0.012848556041717529,
    0,
    0,
    2.2243101596832275,
    0.011227190494537354,
    0,
    0,
    0,
    -0.9999997615814209,
    -0.00099999981466680765,
    0,
    0,
    -1,
    0
  ],
  "frame_index" : 416,
  "motionQuality" : 0.73302876949310303,
  "averageAngularVelocity" : 0.23969314992427826,
  "averageVelocity" : 0.93439924716949463,
  "exposureDuration" : 0.01666666753590107,
  "cameraGrain" : 0
}