{
  "averageVelocity" : 0.85460329055786133,
  "motionQuality" : 0.75582766532897949,
  "intrinsics" : [
    1569.41796875,
    0,
    947.22332763671875,
    0,
    1569.41796875,
    727.5589599609375,
    0,
    0,
    1
  ],
  "time" : 104142.80840345836,
  "frame_index" : 31,
  "projectionMatrix" : [
    1.6348103284835815,
    0,
    0.012788176536560059,
    0,
    0,
    2.1797471046447754,
    0.011192977428436279,
    0,
    0,
    0,
    -0.9999997615814209,
    -0.00099999981466680765,
    0,
    0,
    -1,
    0
  ],
  "averageAngularVelocity" : 0.1000266894698143,
  "exposureDuration" : 0.01666666753590107,
  "cameraGrain" : 0,
  "cameraPoseARFrame" : [
    0.99939173460006714,
    0.028090193867683411,
    -0.020666586235165596,
    -0.067553557455539703,
    -0.021941464394330978,
    0.96710002422332764,
    0.25344809889793396,
    0.21320757269859314,
    0.027106072753667831,
    -0.2528405487537384,
    0.96712815761566162,
    -3.0520496368408203,
    0,
    0,
    0,
    0.99999994039535522
  ]
}