{
  "intrinsics" : [
    1583.4271240234375,
    0,
    947.1810302734375,
    0,
    1583.4271240234375,
    727.58514404296875,
    0,
    0,
    1
  ],
  "averageAngularVelocity" : 0.19685718417167664,
  "projectionMatrix" : [
    1.6494032144546509,
    0,
    0.012832283973693848,
    0,
    0,
    2.1992044448852539,
    0.011229395866394043,
    0,
    0,
    0,
    -0.9999997615814209,
    -0.00099999981466680765,
    0,
    0,
    -1,
    0
  ],
  "cameraGrain" : 0,
  "motionQuality" : 0.73238527774810791,
  "averageVelocity" : 0.93665158748626709,
  "frame_index" : 129,
  "cameraPoseARFrame" : [
    0.99931633472442627,
    0.033830020576715469,
    -0.014911291189491749,
    0.37712934613227844,
    -0.027483386918902397,
    0.94954639673233032,
    0.31241965293884277,
    0.20553296804428101,
    0.024728147312998772,
    -0.31179624795913696,
    0.94982707500457764,
    -18.148582458496094,
    0,
    0,
    0,
    0.99999994039535522
  ],
  "exposureDuration" : 0.01666666753590107,
  "time" : 104159.71997391668
}