{
  "projectionMatrix" : [
    1.6550520658493042,
    0,
    0.012872695922851562,
    0,
    0,
    2.2067360877990723,
    0.011260390281677246,
    0,
    0,
    0,
    -0.9999997615814209,
    -0.00099999981466680765,
    0,
    0,
    -1,
    0
  ],
  "averageVelocity" : 0.80713623762130737,
  "cameraPoseARFrame" : [
    -0.9994584321975708,
    -0.021268958225846291,
    -0.025105690583586693,
    -16.355520248413086,
    -0.028944743797183037,
    0.9311751127243042,
    0.36342135071754456,
    0.22283518314361572,
    0.015648204833269119,
    0.36395123600959778,
    -0.9312865138053894,
    1.3466610908508301,
    0,
    0,
    0,
    0.99999994039535522
  ],
  "averageAngularVelocity" : 0.33308261632919312,
  "cameraGrain" : 0,
  "intrinsics" : [
    1588.8499755859375,
    0,
    947.1422119140625,
    0,
    1588.8499755859375,
    727.60748291015625,
    0,
    0,
    1
  ],
  "exposureDuration" : 0.01666666753590107,
  "motionQuality" : 0.76938962936401367,
  "time" : 104211.16281562502,
  "frame_index" : 424
}