{
  "exposureDuration" : 0.01666666753590107,
  "averageAngularVelocity" : 0.16175650060176849,
  "frame_index" : 323,
  "time" : 104193.61742916668,
  "intrinsics" : [
    1590.2056884765625,
    0,
    947.20330810546875,
    0,
    1590.2056884765625,
    727.5904541015625,
    0,
    0,
    1
  ],
  "averageVelocity" : 1.0108319520950317,
  "projectionMatrix" : [
    1.6564642190933228,
    0,
    0.012809038162231445,
    0,
    0,
    2.2086191177368164,
    0.011236727237701416,
    0,
    0,
    0,
    -0.9999997615814209,
    -0.00099999981466680765,
    0,
    0,
    -1,
    0
  ],
  "cameraGrain" : 0,
  "motionQuality" : 0.71119087934494019,
  "cameraPoseARFrame" : [
    -0.99913853406906128,
    0.0048769470304250717,
    -0.041211336851119995,
    -16.615388870239258,
    -0.0089648151770234108,
    0.94425636529922485,
    0.32908856868743896,
    0.18950051069259644,
    0.040519028902053833,
    0.32917451858520508,
    -0.94339931011199951,
    -15.637260437011719,
    0,
    0,
    0,
    0.99999988079071045
  ]
}