{
  "motionQuality" : 0.75086796283721924,
  "intrinsics" : [
    1583.4271240234375,
    0,
    947.30364990234375,
    0,
    1583.4271240234375,
    727.57440185546875,
    0,
    0,
    1
  ],
  "frame_index" : 171,
  "cameraGrain" : 0,
  "projectionMatrix" : [
    1.6494032144546509,
    0,
    0.012704551219940186,
    0,
    0,
    2.1992044448852539,
    0.01121443510055542,
    0,
    0,
    0,
    -0.9999997615814209,
    -0.00099999981466680765,
    0,
    0,
    -1,
    0
  ],
  "averageVelocity" : 0.87196218967437744,
  "time" : 104166.98927108335,
  "averageAngularVelocity" : 0.27558767795562744,
  "exposureDuration" : 0.01666666753590107,
  "cameraPoseARFrame" : [
    0.090721458196640015,
    -0.2786831259727478,
    0.95608848333358765,
    -0.28917214274406433,
    0.01868118904531002,
    0.96035468578338623,
    0.27815401554107666,
    0.1834462434053421,
    -0.99570101499557495,
    -0.0073736682534217834,
    0.092330917716026306,
    -24.419204711914062,
    0,
    0,
    0,
    0.99999988079071045
  ]
}