{
  "projectionMatrix" : [
    1.6574057340621948,
    0,
    0.012753784656524658,
    0,
    0,
    2.2098743915557861,
    0.011202156543731689,
    0,
    0,
    0,
    -0.9999997615814209,
    -0.00099999981466680765,
    0,
    0,
    -1,
    0
  ],
  "averageVelocity" : 0.97734743356704712,
  "cameraPoseARFrame" : [
    -0.99955350160598755,
    -0.012317665852606297,
    0.027224281802773476,
    -16.506061553955078,
    -0.0047110454179346561,
    0.96465086936950684,
    0.26348903775215149,
    0.24472671747207642,
    -0.029507504776120186,
    0.26324319839477539,
    -0.96427810192108154,
    -11.100732803344727,
    0,
    0,
    0,
    0.99999994039535522
  ],
  "averageAngularVelocity" : 0.1722828596830368,
  "cameraGrain" : 0,
  "intrinsics" : [
    1591.1094970703125,
    0,
    947.25634765625,
    0,
    1591.1094970703125,
    727.5655517578125,
    0,
    0,
    1
  ],
  "exposureDuration" : 0.01666666753590107,
  "motionQuality" : 0.72075784206390381,
  "time" : 104198.32017108335,
  "frame_index" : 350
}