{
  "exposureDuration" : 0.01666666753590107,
  "averageAngularVelocity" : 0.28934502601623535,
  "frame_index" : 293,
  "time" : 104188.41609300002,
  "intrinsics" : [
    1587.494140625,
    0,
    947.10546875,
    0,
    1587.494140625,
    727.59490966796875,
    0,
    0,
    1
  ],
  "averageVelocity" : 0.95504856109619141,
  "projectionMatrix" : [
    1.6536396741867065,
    0,
    0.012910962104797363,
    0,
    0,
    2.2048530578613281,
    0.011242926120758057,
    0,
    0,
    0,
    -0.9999997615814209,
    -0.00099999981466680765,
    0,
    0,
    -1,
    0
  ],
  "cameraGrain" : 0,
  "motionQuality" : 0.72712898254394531,
  "cameraPoseARFrame" : [
    -0.99865043163299561,
    -0.025153782218694687,
    -0.045437045395374298,
    -16.687681198120117,
    -0.039397239685058594,
    0.93696153163909912,
    0.34720435738563538,
    0.19418123364448547,
    0.033839266747236252,
    0.34852591156959534,
    -0.9366881251335144,
    -20.712127685546875,
    0,
    0,
    0,
    0.99999994039535522
  ]
}