{
  "exposureDuration" : 0.01666666753590107,
  "averageAngularVelocity" : 0.078064106404781342,
  "frame_index" : 22,
  "time" : 104141.20719875002,
  "intrinsics" : [
    1578.4560546875,
    0,
    947.20086669921875,
    0,
    1578.4560546875,
    727.5643310546875,
    0,
    0,
    1
  ],
  "averageVelocity" : 0.79893678426742554,
  "projectionMatrix" : [
    1.644225001335144,
    0,
    0.012811601161956787,
    0,
    0,
    2.1923000812530518,
    0.011200487613677979,
    0,
    0,
    0,
    -0.9999997615814209,
    -0.00099999981466680765,
    0,
    0,
    -1,
    0
  ],
  "cameraGrain" : 0,
  "motionQuality" : 0.77173233032226562,
  "cameraPoseARFrame" : [
    0.99956399202346802,
    0.028888950124382973,
    0.0060922787524759769,
    -0.013229578733444214,
    -0.029459312558174133,
    0.96220868825912476,
    0.27071473002433777,
    0.22456040978431702,
    0.0019586337730288506,
    -0.2707761824131012,
    0.96264022588729858,
    -1.7362438440322876,
    0,
    0,
    0,
    0.99999988079071045
  ]
}