{
  "averageAngularVelocity" : 0.14447173476219177,
  "time" : 104154.74837812502,
  "cameraGrain" : 0,
  "frame_index" : 100,
  "projectionMatrix" : [
    1.6498739719390869,
    0,
    0.012768924236297607,
    0,
    0,
    2.1998319625854492,
    0.011228680610656738,
    0,
    0,
    0,
    -0.9999997615814209,
    -0.00099999981466680765,
    0,
    0,
    -1,
    0
  ],
  "motionQuality" : 0.7444382905960083,
  "averageVelocity" : 0.89446592330932617,
  "cameraPoseARFrame" : [
    0.99922281503677368,
    0.017740089446306229,
    -0.035199429839849472,
    0.15867792069911957,
    -0.0060037910006940365,
    0.95107591152191162,
    0.3088984489440918,
    0.19791401922702789,
    0.038957219570875168,
    -0.30844703316688538,
    0.95044338703155518,
    -13.765840530395508,
    0,
    0,
    0,
    0.99999994039535522
  ],
  "intrinsics" : [
    1583.8790283203125,
    0,
    947.2418212890625,
    0,
    1583.8790283203125,
    727.58465576171875,
    0,
    0,
    1
  ],
  "exposureDuration" : 0.01666666753590107
}