{
  "intrinsics" : [
    1596.5323486328125,
    0,
    947.2169189453125,
    0,
    1596.5323486328125,
    727.59722900390625,
    0,
    0,
    1
  ],
  "cameraGrain" : 0,
  "frame_index" : 274,
  "projectionMatrix" : [
    1.6630545854568481,
    0,
    0.012794852256774902,
    0,
    0,
    2.2174060344696045,
    0.011246144771575928,
    0,
    0,
    0,
    -0.9999997615814209,
    -0.00099999981466680765,
    0,
    0,
    -1,
    0
  ],
  "cameraPoseARFrame" : [
    -0.99105334281921387,
    -0.044122632592916489,
    0.12596110999584198,
    -16.581851959228516,
    0.0014590743230655789,
    0.94013535976409912,
    0.3407977819442749,
    0.21806201338768005,
    -0.13345739245414734,
    0.33793264627456665,
    -0.93166005611419678,
    -23.700275421142578,
    0,
    0,
    0,
    0.99999994039535522
  ],
  "motionQuality" : 0.74215555191040039,
  "exposureDuration" : 0.01666666753590107,
  "averageAngularVelocity" : 0.24084466695785522,
  "time" : 104185.04572620835,
  "averageVelocity" : 0.90245568752288818
}