{
  "cameraPoseARFrame" : [
    -0.99897760152816772,
    -0.034550823271274567,
    0.029152242466807365,
    -16.473651885986328,
    -0.023935802280902863,
    0.95132124423980713,
    0.30726981163024902,
    0.23502004146575928,
    -0.03834957629442215,
    0.3062579333782196,
    -0.9511757493019104,
    -9.7120456695556641,
    0,
    0,
    0,
    0.99999994039535522
  ],
  "frame_index" : 358,
  "projectionMatrix" : [
    1.6597594022750854,
    0,
    0.012832999229431152,
    0,
    0,
    2.2130124568939209,
    0.011224806308746338,
    0,
    0,
    0,
    -0.9999997615814209,
    -0.00099999981466680765,
    0,
    0,
    -1,
    0
  ],
  "cameraGrain" : 0,
  "exposureDuration" : 0.01666666753590107,
  "time" : 104199.72114187502,
  "intrinsics" : [
    1593.3690185546875,
    0,
    947.1802978515625,
    0,
    1593.3690185546875,
    727.58184814453125,
    0,
    0,
    1
  ],
  "averageAngularVelocity" : 0.18710881471633911,
  "averageVelocity" : 0.96052044630050659,
  "motionQuality" : 0.72556555271148682
}