{
  "intrinsics" : [
    1595.6285400390625,
    0,
    947.2440185546875,
    0,
    1595.6285400390625,
    727.574462890625,
    0,
    0,
    1
  ],
  "averageAngularVelocity" : 0.16459853947162628,
  "projectionMatrix" : [
    1.6621130704879761,
    0,
    0.012766659259796143,
    0,
    0,
    2.2161507606506348,
    0.011214554309844971,
    0,
    0,
    0,
    -0.9999997615814209,
    -0.00099999981466680765,
    0,
    0,
    -1,
    0
  ],
  "cameraGrain" : 0,
  "motionQuality" : 0.71761214733123779,
  "averageVelocity" : 0.98835748434066772,
  "cameraPoseARFrame" : [
    -0.99993741512298584,
    -0.0029145788867026567,
    -0.010790686123073101,
    -16.474346160888672,
    -0.0058593638241291046,
    0.95880860090255737,
    0.2839922308921814,
    0.24769166111946106,
    0.0095184957608580589,
    0.28403770923614502,
    -0.95876580476760864,
    -6.4082036018371582,
    0,
    0,
    0,
    0.99999994039535522
  ],
  "frame_index" : 378,
  "exposureDuration" : 0.01666666753590107,
  "time" : 104203.09063062503
}