{
  "intrinsics" : [
    1600.1475830078125,
    0,
    947.12127685546875,
    0,
    1600.1475830078125,
    727.59033203125,
    0,
    0,
    1
  ],
  "cameraGrain" : 0,
  "frame_index" : 282,
  "cameraPoseARFrame" : [
    -0.99901497364044189,
    -0.041525091975927353,
    0.015645837411284447,
    -16.706415176391602,
    -0.033868230879306793,
    0.9413260817527771,
    0.33579450845718384,
    0.23487383127212524,
    -0.028671741485595703,
    0.33493387699127197,
    -0.94180524349212646,
    -22.554122924804688,
    0,
    0,
    0,
    0.99999988079071045
  ],
  "projectionMatrix" : [
    1.6668204069137573,
    0,
    0.012894511222839355,
    0,
    0,
    2.2224271297454834,
    0.01123654842376709,
    0,
    0,
    0,
    -0.9999997615814209,
    -0.00099999981466680765,
    0,
    0,
    -1,
    0
  ],
  "motionQuality" : 0.76821529865264893,
  "exposureDuration" : 0.01666666753590107,
  "averageAngularVelocity" : 0.13450951874256134,
  "time" : 104186.38153045835,
  "averageVelocity" : 0.81124633550643921
}