{
  "time" : 104212.19510933336,
  "intrinsics" : [
    1593.8209228515625,
    0,
    947.20599365234375,
    0,
    1593.8209228515625,
    727.581298828125,
    0,
    0,
    1
  ],
  "frame_index" : 430,
  "projectionMatrix" : [
    1.6602301597595215,
    0,
    0.012806236743927002,
    0,
    0,
    2.2136402130126953,
    0.011224031448364258,
    0,
    0,
    0,
    -0.9999997615814209,
    -0.00099999981466680765,
    0,
    0,
    -1,
    0
  ],
  "cameraPoseARFrame" : [
    -0.99982798099517822,
    -0.018320892006158829,
    -0.0028710502665489912,
    -16.299671173095703,
    -0.018349645659327507,
    0.95501101016998291,
    0.29600176215171814,
    0.25499162077903748,
    -0.0026811358984559774,
    0.29600358009338379,
    -0.95518302917480469,
    1.9164149761199951,
    0,
    0,
    0,
    0.99999994039535522
  ],
  "motionQuality" : 0.90727269649505615,
  "averageAngularVelocity" : 0.15652787685394287,
  "averageVelocity" : 0.32454565167427063,
  "exposureDuration" : 0.01666666753590107,
  "cameraGrain" : 0
}