{
  "averageVelocity" : 1.0052288770675659,
  "projectionMatrix" : [
    1.6526983976364136,
    0,
    0.012794375419616699,
    0,
    0,
    2.2035977840423584,
    0.011207640171051025,
    0,
    0,
    0,
    -0.9999997615814209,
    -0.00099999981466680765,
    0,
    0,
    -1,
    0
  ],
  "motionQuality" : 0.71279174089431763,
  "time" : 104201.52294020835,
  "frame_index" : 369,
  "averageAngularVelocity" : 0.34927445650100708,
  "intrinsics" : [
    1586.5904541015625,
    0,
    947.2174072265625,
    0,
    1586.5904541015625,
    727.56951904296875,
    0,
    0,
    1
  ],
  "cameraPoseARFrame" : [
    -0.99947166442871094,
    -0.026423979550600052,
    0.018919955939054489,
    -16.476072311401367,
    -0.020219774916768074,
    0.96136665344238281,
    0.27452710270881653,
    0.21310698986053467,
    -0.025443116202950478,
    0.27399951219558716,
    -0.96139311790466309,
    -7.9554014205932617,
    0,
    0,
    0,
    0.99999988079071045
  ],
  "cameraGrain" : 0,
  "exposureDuration" : 0.01666666753590107
}