{
  "averageAngularVelocity" : 0.12133108824491501,
  "time" : 104153.98138129168,
  "cameraGrain" : 0,
  "frame_index" : 96,
  "projectionMatrix" : [
    1.6475203037261963,
    0,
    0.012778520584106445,
    0,
    0,
    2.1966936588287354,
    0.011213421821594238,
    0,
    0,
    0,
    -0.9999997615814209,
    -0.00099999981466680765,
    0,
    0,
    -1,
    0
  ],
  "motionQuality" : 0.74316632747650146,
  "averageVelocity" : 0.89891791343688965,
  "cameraPoseARFrame" : [
    0.99988597631454468,
    0.01478565763682127,
    0.0030338231008499861,
    0.1754930168390274,
    -0.015034626238048077,
    0.95788103342056274,
    0.28677099943161011,
    0.19344057142734528,
    0.0013340503210201859,
    -0.28678393363952637,
    0.95799428224563599,
    -13.080672264099121,
    0,
    0,
    0,
    0.99999988079071045
  ],
  "intrinsics" : [
    1581.6195068359375,
    0,
    947.23260498046875,
    0,
    1581.6195068359375,
    727.57366943359375,
    0,
    0,
    1
  ],
  "exposureDuration" : 0.01666666753590107
}