{
  "exposureDuration" : 0.01666666753590107,
  "motionQuality" : 0.71281886100769043,
  "frame_index" : 390,
  "cameraPoseARFrame" : [
    -0.99953299760818481,
    -0.022416224703192711,
    0.020765284076333046,
    -16.470598220825195,
    -0.014529032632708549,
    0.94649434089660645,
    0.32239285111427307,
    0.22980284690856934,
    -0.026881057769060135,
    0.32194063067436218,
    -0.94637805223464966,
    -4.396061897277832,
    0,
    0,
    0,
    0.99999988079071045
  ],
  "intrinsics" : [
    1582.97509765625,
    0,
    947.20135498046875,
    0,
    1582.97509765625,
    727.59075927734375,
    0,
    0,
    1
  ],
  "averageAngularVelocity" : 0.17940628528594971,
  "cameraGrain" : 0,
  "averageVelocity" : 1.0051339864730835,
  "time" : 104205.19072204169,
  "projectionMatrix" : [
    1.6489323377609253,
    0,
    0.012811064720153809,
    0,
    0,
    2.1985764503479004,
    0.011237144470214844,
    0,
    0,
    0,
    -0.9999997615814209,
    -0.00099999981466680765,
    0,
    0,
    -1,
    0
  ]
}