{
  "averageAngularVelocity" : 0.26067712903022766,
  "time" : 104153.18080670836,
  "cameraGrain" : 0,
  "frame_index" : 91,
  "projectionMatrix" : [
    1.6625838279724121,
    0,
    0.012804687023162842,
    0,
    0,
    2.2167782783508301,
    0.011217176914215088,
    0,
    0,
    0,
    -0.9999997615814209,
    -0.00099999981466680765,
    0,
    0,
    -1,
    0
  ],
  "motionQuality" : 0.72148752212524414,
  "averageVelocity" : 0.97479379177093506,
  "cameraPoseARFrame" : [
    0.99907326698303223,
    0.031377002596855164,
    -0.029460620135068893,
    0.1268700510263443,
    -0.021170461550354958,
    0.95422011613845825,
    0.2983548641204834,
    0.20052172243595123,
    0.037473402917385101,
    -0.29745471477508545,
    0.95400011539459229,
    -12.367585182189941,
    0,
    0,
    0,
    0.99999994039535522
  ],
  "intrinsics" : [
    1596.0804443359375,
    0,
    947.20751953125,
    0,
    1596.0804443359375,
    727.57635498046875,
    0,
    0,
    1
  ],
  "exposureDuration" : 0.01666666753590107
}