{
  "time" : 104207.49209816669,
  "frame_index" : 403,
  "exposureDuration" : 0.01666666753590107,
  "projectionMatrix" : [
    1.6555228233337402,
    0,
    0.012740433216094971,
    0,
    0,
    2.2073636054992676,
    0.011249005794525146,
    0,
    0,
    0,
    -0.9999997615814209,
    -0.00099999981466680765,
    0,
    0,
    -1,
    0
  ],
  "cameraGrain" : 0,
  "cameraPoseARFrame" : [
    -0.99919098615646362,
    0.00083473097765818238,
    0.040206171572208405,
    -16.461277008056641,
    0.014245873317122459,
    0.94229841232299805,
    0.33447057008743286,
    0.1893361508846283,
    -0.037607017904520035,
    0.33477282524108887,
    -0.94154804944992065,
    -2.0820493698120117,
    0,
    0,
    0,
    0.99999994039535522
  ],
  "intrinsics" : [
    1589.3018798828125,
    0,
    947.2691650390625,
    0,
    1589.3018798828125,
    727.59930419921875,
    0,
    0,
    1
  ],
  "motionQuality" : 0.69823771715164185,
  "averageVelocity" : 1.0561679601669312,
  "averageAngularVelocity" : 0.17874330282211304
}