{
  "exposureDuration" : 0.01666666753590107,
  "averageAngularVelocity" : 0.19888126850128174,
  "frame_index" : 41,
  "time" : 104144.54242600003,
  "intrinsics" : [
    1581.6195068359375,
    0,
    947.4080810546875,
    0,
    1581.6195068359375,
    727.55316162109375,
    0,
    0,
    1
  ],
  "averageVelocity" : 0.77738744020462036,
  "projectionMatrix" : [
    1.6475203037261963,
    0,
    0.012595772743225098,
    0,
    0,
    2.1966936588287354,
    0.011184930801391602,
    0,
    0,
    0,
    -0.9999997615814209,
    -0.00099999981466680765,
    0,
    0,
    -1,
    0
  ],
  "cameraGrain" : 0,
  "motionQuality" : 0.77788931131362915,
  "cameraPoseARFrame" : [
    0.9976537823677063,
    -0.025374801829457283,
    -0.063584625720977783,
    -0.0098997429013252258,
    0.037768673151731491,
    0.97864723205566406,
    0.20204702019691467,
    0.23607414960861206,
    0.057100012898445129,
    -0.20397450029850006,
    0.97730958461761475,
    -4.5005431175231934,
    0,
    0,
    0,
    0.99999994039535522
  ]
}