{
  "exposureDuration" : 0.01666666753590107,
  "averageAngularVelocity" : 0.1541057825088501,
  "frame_index" : 92,
  "time" : 104153.38101795835,
  "intrinsics" : [
    1596.0804443359375,
    0,
    947.21063232421875,
    0,
    1596.0804443359375,
    727.5888671875,
    0,
    0,
    1
  ],
  "averageVelocity" : 0.88957422971725464,
  "projectionMatrix" : [
    1.6625838279724121,
    0,
    0.012801408767700195,
    0,
    0,
    2.2167782783508301,
    0.011234521865844727,
    0,
    0,
    0,
    -0.9999997615814209,
    -0.00099999981466680765,
    0,
    0,
    -1,
    0
  ],
  "cameraGrain" : 0,
  "motionQuality" : 0.74583590030670166,
  "cameraPoseARFrame" : [
    0.99822235107421875,
    0.032868634909391403,
    -0.049715999513864517,
    0.12032881379127502,
    -0.015019757673144341,
    0.94599026441574097,
    0.32384645938873291,
    0.20518010854721069,
    0.057675253599882126,
    -0.32252407073974609,
    0.94480240345001221,
    -12.54728889465332,
    0,
    0,
    0,
    0.99999988079071045
  ]
}