{
  "motionQuality" : 0.79539859294891357,
  "intrinsics" : [
    1583.8790283203125,
    0,
    947.28936767578125,
    0,
    1583.8790283203125,
    727.5797119140625,
    0,
    0,
    1
  ],
  "frame_index" : 162,
  "cameraGrain" : 0,
  "projectionMatrix" : [
    1.6498739719390869,
    0,
    0.012719392776489258,
    0,
    0,
    2.1998319625854492,
    0.011221826076507568,
    0,
    0,
    0,
    -0.9999997615814209,
    -0.00099999981466680765,
    0,
    0,
    -1,
    0
  ],
  "averageVelocity" : 0.71610492467880249,
  "time" : 104165.42331895836,
  "averageAngularVelocity" : 0.48215702176094055,
  "exposureDuration" : 0.01666666753590107,
  "cameraPoseARFrame" : [
    0.66048413515090942,
    -0.22723843157291412,
    0.71562790870666504,
    0.30820763111114502,
    0.012215016409754753,
    0.95622885227203369,
    0.29236438870429993,
    0.18985612690448761,
    -0.75074058771133423,
    -0.18436066806316376,
    0.63434970378875732,
    -23.382175445556641,
    0,
    0,
    0,
    0.99999988079071045
  ]
}