{
  "averageVelocity" : 0.88594561815261841,
  "motionQuality" : 0.7468726634979248,
  "intrinsics" : [
    1596.0804443359375,
    0,
    947.16729736328125,
    0,
    1596.0804443359375,
    727.56634521484375,
    0,
    0,
    1
  ],
  "time" : 104146.67868341669,
  "frame_index" : 54,
  "projectionMatrix" : [
    1.6625838279724121,
    0,
    0.012846589088439941,
    0,
    0,
    2.2167782783508301,
    0.011203229427337646,
    0,
    0,
    0,
    -0.9999997615814209,
    -0.00099999981466680765,
    0,
    0,
    -1,
    0
  ],
  "averageAngularVelocity" : 0.16966687142848969,
  "exposureDuration" : 0.01666666753590107,
  "cameraGrain" : 0,
  "cameraPoseARFrame" : [
    0.99689888954162598,
    0.058819923549890518,
    -0.052276052534580231,
    -0.024189405143260956,
    -0.042136076837778091,
    0.96003693342208862,
    0.27668297290802002,
    0.21269488334655762,
    0.066461421549320221,
    -0.27362224459648132,
    0.95953828096389771,
    -6.4502511024475098,
    0,
    0,
    0,
    0.99999994039535522
  ]
}