{
  "intrinsics" : [
    1571.2257080078125,
    0,
    947.2542724609375,
    0,
    1571.2257080078125,
    727.56365966796875,
    0,
    0,
    1
  ],
  "cameraPoseARFrame" : [
    0.073636248707771301,
    -0.25813430547714233,
    0.96329861879348755,
    -0.68279731273651123,
    -0.0038877148181200027,
    0.96583926677703857,
    0.25911229848861694,
    0.21584621071815491,
    -0.99727743864059448,
    -0.022825092077255249,
    0.07011723518371582,
    -24.612407684326172,
    0,
    0,
    0,
    0.99999988079071045
  ],
  "exposureDuration" : 0.01666666753590107,
  "projectionMatrix" : [
    1.6366934776306152,
    0,
    0.012755990028381348,
    0,
    0,
    2.1822578907012939,
    0.011199533939361572,
    0,
    0,
    0,
    -0.9999997615814209,
    -0.00099999981466680765,
    0,
    0,
    -1,
    0
  ],
  "averageVelocity" : 0.94606965780258179,
  "frame_index" : 173,
  "motionQuality" : 0.72969436645507812,
  "cameraGrain" : 0,
  "averageAngularVelocity" : 0.17923024296760559,
  "time" : 104167.4560514167
}