{
  "intrinsics" : [
    1588.8499755859375,
    0,
    947.20123291015625,
    0,
    1588.8499755859375,
    727.54791259765625,
    0,
    0,
    1
  ],
  "cameraGrain" : 0,
  "frame_index" : 208,
  "projectionMatrix" : [
    1.6550520658493042,
    0,
    0.012811243534088135,
    0,
    0,
    2.2067360877990723,
    0.011177659034729004,
    0,
    0,
    0,
    -0.9999997615814209,
    -0.00099999981466680765,
    0,
    0,
    -1,
    0
  ],
  "cameraPoseARFrame" : [
    -0.026930913329124451,
    -0.21972225606441498,
    0.97519063949584961,
    -6.384211540222168,
    -0.03439674898982048,
    0.97517037391662598,
    0.21876780688762665,
    0.267356276512146,
    -0.99904531240463257,
    -0.027651773765683174,
    -0.033819973468780518,
    -24.715463638305664,
    0,
    0,
    0,
    0.99999994039535522
  ],
  "motionQuality" : 0.70774519443511963,
  "exposureDuration" : 0.01666666753590107,
  "averageAngularVelocity" : 0.15072049200534821,
  "time" : 104173.44037383335,
  "averageVelocity" : 1.0228918790817261
}