{
  "cameraPoseARFrame" : [
    -0.99838405847549438,
    -0.032604701817035675,
    0.046541735529899597,
    -16.450593948364258,
    -0.016249131411314011,
    0.94862335920333862,
    0.31598964333534241,
    0.20799678564071655,
    -0.054453328251838684,
    0.31472277641296387,
    -0.94762033224105835,
    -1.2324401140213013,
    0,
    0,
    0,
    0.99999994039535522
  ],
  "averageVelocity" : 1.0204313993453979,
  "averageAngularVelocity" : 0.39580452442169189,
  "projectionMatrix" : [
    1.67011559009552,
    0,
    0.012806713581085205,
    0,
    0,
    2.226820707321167,
    0.011228799819946289,
    0,
    0,
    0,
    -0.9999997615814209,
    -0.00099999981466680765,
    0,
    0,
    -1,
    0
  ],
  "frame_index" : 408,
  "exposureDuration" : 0.01666666753590107,
  "motionQuality" : 0.70844817161560059,
  "cameraGrain" : 0,
  "time" : 104208.32601158335,
  "intrinsics" : [
    1603.3109130859375,
    0,
    947.20556640625,
    0,
    1603.3109130859375,
    727.584716796875,
    0,
    0,
    1
  ]
}