{
  "intrinsics" : [
    1590.2056884765625,
    0,
    947.31182861328125,
    0,
    1590.2056884765625,
    727.5516357421875,
    0,
    0,
    1
  ],
  "averageAngularVelocity" : 0.040632609277963638,
  "projectionMatrix" : [
    1.6564642190933228,
    0,
    0.012696027755737305,
    0,
    0,
    2.2086191177368164,
    0.011182844638824463,
    0,
    0,
    0,
    -0.9999997615814209,
    -0.00099999981466680765,
    0,
    0,
    -1,
    0
  ],
  "cameraGrain" : 0,
  "motionQuality" : 0.98839068412780762,
  "averageVelocity" : 0.021320568397641182,
  "frame_index" : 1,
  "cameraPoseARFrame" : [
    0.99906861782073975,
    0.009370795451104641,
    -0.042117420583963394,
    -0.18377953767776489,
    -0.00014242410543374717,
    0.97684204578399658,
    0.21396119892597198,
    0.25790080428123474,
    0.043147053569555283,
    -0.21375596523284912,
    0.97593367099761963,
    0.00051245436770841479,
    0,
    0,
    0,
    0.99999988079071045
  ],
  "exposureDuration" : 0.01666666753590107,
  "time" : 104137.57157295836
}