{
  "intrinsics" : [
    1589.7537841796875,
    0,
    947.21575927734375,
    0,
    1589.7537841796875,
    727.55206298828125,
    0,
    0,
    1
  ],
  "cameraGrain" : 0,
  "frame_index" : 215,
  "cameraPoseARFrame" : [
    0.011877721175551414,
    -0.22734060883522034,
    0.9737427830696106,
    -7.6292743682861328,
    -0.029300902038812637,
    0.97331416606903076,
    0.22759795188903809,
    0.25096699595451355,
    -0.99950003623962402,
    -0.031234888359904289,
    0.0048994668759405613,
    -24.756107330322266,
    0,
    0,
    0,
    0.99999994039535522
  ],
  "projectionMatrix" : [
    1.6559935808181763,
    0,
    0.012796103954315186,
    0,
    0,
    2.207991361618042,
    0.011183440685272217,
    0,
    0,
    0,
    -0.9999997615814209,
    -0.00099999981466680765,
    0,
    0,
    -1,
    0
  ],
  "motionQuality" : 0.72244012355804443,
  "exposureDuration" : 0.01666666753590107,
  "averageAngularVelocity" : 0.19225385785102844,
  "time" : 104174.67449504169,
  "averageVelocity" : 0.97145962715148926
}