{
  "exposureDuration" : 0.01666666753590107,
  "averageAngularVelocity" : 0.085473567247390747,
  "frame_index" : 23,
  "time" : 104141.44044850003,
  "intrinsics" : [
    1578.4560546875,
    0,
    947.209716796875,
    0,
    1578.4560546875,
    727.55975341796875,
    0,
    0,
    1
  ],
  "averageVelocity" : 0.75805574655532837,
  "projectionMatrix" : [
    1.644225001335144,
    0,
    0.012802362442016602,
    0,
    0,
    2.1923000812530518,
    0.011194109916687012,
    0,
    0,
    0,
    -0.9999997615814209,
    -0.00099999981466680765,
    0,
    0,
    -1,
    0
  ],
  "cameraGrain" : 0,
  "motionQuality" : 0.7834126353263855,
  "cameraPoseARFrame" : [
    0.9995461106300354,
    0.029782494530081749,
    -0.0045289350673556328,
    -0.021191760897636414,
    -0.027613440528512001,
    0.96589821577072144,
    0.25744500756263733,
    0.21116647124290466,
    0.012041850015521049,
    -0.25720313191413879,
    0.96628230810165405,
    -1.9126099348068237,
    0,
    0,
    0,
    0.99999994039535522
  ]
}