{
  "cameraPoseARFrame" : [
    0.99999314546585083,
    0.0028121003415435553,
    -0.0023583583533763885,
    0.34039205312728882,
    -0.0021528129000216722,
    0.96986603736877441,
    0.24362905323505402,
    0.24826231598854065,
    0.0029723909683525562,
    -0.24362233281135559,
    0.96986556053161621,
    -19.326375961303711,
    0,
    0,
    0,
    0.99999994039535522
  ],
  "intrinsics" : [
    1596.5323486328125,
    0,
    947.28253173828125,
    0,
    1596.5323486328125,
    727.560302734375,
    0,
    0,
    1
  ],
  "exposureDuration" : 0.01666666753590107,
  "projectionMatrix" : [
    1.6630545854568481,
    0,
    0.012726545333862305,
    0,
    0,
    2.2174060344696045,
    0.011194884777069092,
    0,
    0,
    0,
    -0.9999997615814209,
    -0.00099999981466680765,
    0,
    0,
    -1,
    0
  ],
  "averageVelocity" : 1.0049234628677368,
  "frame_index" : 136,
  "motionQuality" : 0.7128790020942688,
  "cameraGrain" : 0,
  "averageAngularVelocity" : 0.15073177218437195,
  "time" : 104160.98544608336
}