{
  "averageAngularVelocity" : 0.2688409686088562,
  "time" : 104163.75559775002,
  "cameraGrain" : 0,
  "frame_index" : 152,
  "projectionMatrix" : [
    1.6494032144546509,
    0,
    0.0128021240234375,
    0,
    0,
    2.1992044448852539,
    0.011228203773498535,
    0,
    0,
    0,
    -0.9999997615814209,
    -0.00099999981466680765,
    0,
    0,
    -1,
    0
  ],
  "motionQuality" : 0.73677730560302734,
  "averageVelocity" : 0.92127954959869385,
  "cameraPoseARFrame" : [
    0.99986618757247925,
    0.012914862483739853,
    0.010036704130470753,
    0.45175796747207642,
    -0.015404623933136463,
    0.94981253147125244,
    0.31243973970413208,
    0.19631287455558777,
    -0.0054978714324533939,
    -0.31255257129669189,
    0.94988447427749634,
    -22.010112762451172,
    0,
    0,
    0,
    0.99999994039535522
  ],
  "intrinsics" : [
    1583.4271240234375,
    0,
    947.2099609375,
    0,
    1583.4271240234375,
    727.58428955078125,
    0,
    0,
    1
  ],
  "exposureDuration" : 0.01666666753590107
}