{
  "averageAngularVelocity" : 0.19974592328071594,
  "time" : 104157.01827691669,
  "cameraGrain" : 0,
  "frame_index" : 113,
  "motionQuality" : 0.76378452777862549,
  "projectionMatrix" : [
    1.6541105508804321,
    0,
    0.012795448303222656,
    0,
    0,
    2.2054808139801025,
    0.011253416538238525,
    0,
    0,
    0,
    -0.9999997615814209,
    -0.00099999981466680765,
    0,
    0,
    -1,
    0
  ],
  "averageVelocity" : 0.82675421237945557,
  "cameraPoseARFrame" : [
    0.99996984004974365,
    0.0045769503340125084,
    0.006259020883589983,
    0.2731766402721405,
    -0.0064689535647630692,
    0.9374840259552002,
    0.34796804189682007,
    0.19901049137115479,
    -0.0042751184664666653,
    -0.34799808263778687,
    0.93748551607131958,
    -15.761319160461426,
    0,
    0,
    0,
    0.99999994039535522
  ],
  "intrinsics" : [
    1587.9461669921875,
    0,
    947.21636962890625,
    0,
    1587.9461669921875,
    727.60247802734375,
    0,
    0,
    1
  ],
  "exposureDuration" : 0.01666666753590107
}