{
  "averageAngularVelocity" : 0.09070509672164917,
  "time" : 104154.41506150003,
  "cameraGrain" : 0,
  "frame_index" : 98,
  "projectionMatrix" : [
    1.6498739719390869,
    0,
    0.012794613838195801,
    0,
    0,
    2.1998319625854492,
    0.011233925819396973,
    0,
    0,
    0,
    -0.9999997615814209,
    -0.00099999981466680765,
    0,
    0,
    -1,
    0
  ],
  "motionQuality" : 0.74209833145141602,
  "averageVelocity" : 0.90265572071075439,
  "cameraPoseARFrame" : [
    0.99984228610992432,
    0.015224390663206577,
    -0.0091418270021677017,
    0.17766502499580383,
    -0.011472705751657486,
    0.94671964645385742,
    0.32185423374176025,
    0.18383072316646576,
    0.013554793782532215,
    -0.32169860601425171,
    0.94674497842788696,
    -13.457687377929688,
    0,
    0,
    0,
    0.99999994039535522
  ],
  "intrinsics" : [
    1583.8790283203125,
    0,
    947.2171630859375,
    0,
    1583.8790283203125,
    727.58843994140625,
    0,
    0,
    1
  ],
  "exposureDuration" : 0.01666666753590107
}