{
  "averageAngularVelocity" : 0.09619990736246109,
  "time" : 104152.64715987502,
  "cameraGrain" : 0,
  "frame_index" : 88,
  "projectionMatrix" : [
    1.6625838279724121,
    0,
    0.012859165668487549,
    0,
    0,
    2.2167782783508301,
    0.011215627193450928,
    0,
    0,
    0,
    -0.9999997615814209,
    -0.00099999981466680765,
    0,
    0,
    -1,
    0
  ],
  "motionQuality" : 0.72976851463317871,
  "averageVelocity" : 0.94581013917922974,
  "cameraPoseARFrame" : [
    0.99907279014587402,
    0.041699197143316269,
    0.010708296671509743,
    0.14461526274681091,
    -0.042994052171707153,
    0.95344710350036621,
    0.29847919940948486,
    0.20905615389347076,
    0.002236552070826292,
    -0.29866284132003784,
    0.95435595512390137,
    -11.876121520996094,
    0,
    0,
    0,
    0.99999988079071045
  ],
  "intrinsics" : [
    1596.0804443359375,
    0,
    947.15521240234375,
    0,
    1596.0804443359375,
    727.57525634765625,
    0,
    0,
    1
  ],
  "exposureDuration" : 0.01666666753590107
}