{
  "frame_index" : 3,
  "averageVelocity" : 0.0084547512233257294,
  "exposureDuration" : 0.01666666753590107,
  "averageAngularVelocity" : 0.072839371860027313,
  "projectionMatrix" : [
    1.6564642190933228,
    0,
    0.012711524963378906,
    0,
    0,
    2.2086191177368164,
    0.011180222034454346,
    0,
    0,
    0,
    -0.9999997615814209,
    -0.00099999981466680765,
    0,
    0,
    -1,
    0
  ],
  "motionQuality" : 0.97918874025344849,
  "cameraGrain" : 0,
  "time" : 104137.87225650002,
  "cameraPoseARFrame" : [
    0.99942415952682495,
    0.013740691356360912,
    -0.031019583344459534,
    -0.1824648529291153,
    -0.0069127860479056835,
    0.97760695219039917,
    0.21032485365867615,
    0.25823619961738586,
    0.033214986324310303,
    -0.20998935401439667,
    0.9771391749382019,
    0.001493878080509603,
    0,
    0,
    0,
    0.99999982118606567
  ],
  "intrinsics" : [
    1590.2056884765625,
    0,
    947.29693603515625,
    0,
    1590.2056884765625,
    727.54974365234375,
    0,
    0,
    1
  ]
}