{
  "exposureDuration" : 0.01666666753590107,
  "averageAngularVelocity" : 0.29972416162490845,
  "frame_index" : 83,
  "time" : 104151.81427141669,
  "intrinsics" : [
    1586.1385498046875,
    0,
    947.173828125,
    0,
    1586.1385498046875,
    727.5791015625,
    0,
    0,
    1
  ],
  "averageVelocity" : 0.93401086330413818,
  "projectionMatrix" : [
    1.6522276401519775,
    0,
    0.012839734554290771,
    0,
    0,
    2.2029702663421631,
    0.011220991611480713,
    0,
    0,
    0,
    -0.9999997615814209,
    -0.00099999981466680765,
    0,
    0,
    -1,
    0
  ],
  "cameraGrain" : 0,
  "motionQuality" : 0.7331397533416748,
  "cameraPoseARFrame" : [
    0.99895483255386353,
    0.041738584637641907,
    -0.018627811223268509,
    0.10546553134918213,
    -0.03402378037571907,
    0.95119494199752808,
    0.30670878291130066,
    0.20300270617008209,
    0.030520277097821236,
    -0.30575448274612427,
    0.95162105560302734,
    -11.135701179504395,
    0,
    0,
    0,
    0.99999988079071045
  ]
}