{
  "intrinsics" : [
    1601.0513916015625,
    0,
    947.17578125,
    0,
    1601.0513916015625,
    727.59552001953125,
    0,
    0,
    1
  ],
  "averageAngularVelocity" : 0.13781186938285828,
  "projectionMatrix" : [
    1.6677619218826294,
    0,
    0.012837707996368408,
    0,
    0,
    2.2236824035644531,
    0.011243760585784912,
    0,
    0,
    0,
    -0.9999997615814209,
    -0.00099999981466680765,
    0,
    0,
    -1,
    0
  ],
  "cameraGrain" : 0,
  "motionQuality" : 0.74402594566345215,
  "averageVelocity" : 0.89590924978256226,
  "cameraPoseARFrame" : [
    -0.99842369556427002,
    -0.037930212914943695,
    0.041371289640665054,
    -16.419565200805664,
    -0.02183566614985466,
    0.94152164459228516,
    0.3362443745136261,
    0.23398211598396301,
    -0.051705788820981979,
    0.33481097221374512,
    -0.94086557626724243,
    -0.21947860717773438,
    0,
    0,
    0,
    0.99999994039535522
  ],
  "frame_index" : 414,
  "exposureDuration" : 0.01666666753590107,
  "time" : 104209.35998920836
}