{
  "exposureDuration" : 0.01666666753590107,
  "averageAngularVelocity" : 0.12081711739301682,
  "frame_index" : 45,
  "time" : 104145.14262195835,
  "intrinsics" : [
    1584.7828369140625,
    0,
    947.326904296875,
    0,
    1584.7828369140625,
    727.55621337890625,
    0,
    0,
    1
  ],
  "averageVelocity" : 0.92413794994354248,
  "projectionMatrix" : [
    1.650815486907959,
    0,
    0.012680292129516602,
    0,
    0,
    2.2010872364044189,
    0.011189162731170654,
    0,
    0,
    0,
    -0.9999997615814209,
    -0.00099999981466680765,
    0,
    0,
    -1,
    0
  ],
  "cameraGrain" : 0.00047345843631774187,
  "motionQuality" : 0.73596060276031494,
  "cameraPoseARFrame" : [
    0.99975508451461792,
    -0.006068625021725893,
    -0.021280327811837196,
    -0.012380208820104599,
    0.010833072476089001,
    0.97276705503463745,
    0.23153135180473328,
    0.24298083782196045,
    0.019295720383524895,
    -0.2317051887512207,
    0.97259467840194702,
    -5.028719425201416,
    0,
    0,
    0,
    0.99999988079071045
  ]
}