{
  "cameraPoseARFrame" : [
    -0.99979996681213379,
    -0.014956730417907238,
    0.013272459618747234,
    -16.532793045043945,
    -0.010807878337800503,
    0.96262204647064209,
    0.27063241600990295,
    0.24684628844261169,
    -0.016824131831526756,
    0.27043488621711731,
    -0.96259117126464844,
    -11.584162712097168,
    0,
    0,
    0,
    0.99999994039535522
  ],
  "projectionMatrix" : [
    1.6574057340621948,
    0,
    0.012778699398040771,
    0,
    0,
    2.2098743915557861,
    0.011206388473510742,
    0,
    0,
    0,
    -0.9999997615814209,
    -0.00099999981466680765,
    0,
    0,
    -1,
    0
  ],
  "intrinsics" : [
    1591.1094970703125,
    0,
    947.232421875,
    0,
    1591.1094970703125,
    727.568603515625,
    0,
    0,
    1
  ],
  "frame_index" : 347,
  "cameraGrain" : 0,
  "exposureDuration" : 0.01666666753590107,
  "motionQuality" : 0.72536110877990723,
  "time" : 104197.81958695836,
  "averageVelocity" : 0.96123611927032471,
  "averageAngularVelocity" : 0.12180113792419434
}