{
  "intrinsics" : [
    1589.7537841796875,
    0,
    947.2615966796875,
    0,
    1589.7537841796875,
    727.55670166015625,
    0,
    0,
    1
  ],
  "cameraGrain" : 0,
  "frame_index" : 217,
  "projectionMatrix" : [
    1.6559935808181763,
    0,
    0.012748360633850098,
    0,
    0,
    2.207991361618042,
    0.011189877986907959,
    0,
    0,
    0,
    -0.9999997615814209,
    -0.00099999981466680765,
    0,
    0,
    -1,
    0
  ],
  "cameraPoseARFrame" : [
    0.0011893010232597589,
    -0.23632439970970154,
    0.97167342901229858,
    -7.9473891258239746,
    -0.0091893486678600311,
    0.97163045406341553,
    0.23632518947124481,
    0.25206053256988525,
    -0.99995696544647217,
    -0.009210110642015934,
    -0.0010161020327359438,
    -24.762157440185547,
    0,
    0,
    0,
    0.99999994039535522
  ],
  "motionQuality" : 0.7310982346534729,
  "exposureDuration" : 0.01666666753590107,
  "averageAngularVelocity" : 0.11828544735908508,
  "time" : 104175.00645333335,
  "averageVelocity" : 0.94115620851516724
}