{
  "intrinsics" : [
    1589.3018798828125,
    0,
    947.14715576171875,
    0,
    1589.3018798828125,
    727.56951904296875,
    0,
    0,
    1
  ],
  "averageAngularVelocity" : 0.19832964241504669,
  "projectionMatrix" : [
    1.6555228233337402,
    0,
    0.012867569923400879,
    0,
    0,
    2.2073636054992676,
    0.011207640171051025,
    0,
    0,
    0,
    -0.9999997615814209,
    -0.00099999981466680765,
    0,
    0,
    -1,
    0
  ],
  "cameraGrain" : 0,
  "motionQuality" : 0.74845576286315918,
  "averageVelocity" : 0.88040482997894287,
  "cameraPoseARFrame" : [
    -0.99822717905044556,
    -0.055531006306409836,
    0.021418105810880661,
    -16.490581512451172,
    -0.047395110130310059,
    0.95932024717330933,
    0.27831295132637024,
    0.24133655428886414,
    -0.036001823842525482,
    0.27680447697639465,
    -0.9602515697479248,
    -5.4833498001098633,
    0,
    0,
    0,
    0.99999994039535522
  ],
  "frame_index" : 383,
  "exposureDuration" : 0.01666666753590107,
  "time" : 104204.09015550002
}