{
  "averageVelocity" : 0.98687702417373657,
  "projectionMatrix" : [
    1.6602301597595215,
    0,
    0.012771487236022949,
    0,
    0,
    2.2136402130126953,
    0.011217772960662842,
    0,
    0,
    0,
    -0.9999997615814209,
    -0.00099999981466680765,
    0,
    0,
    -1,
    0
  ],
  "motionQuality" : 0.71803510189056396,
  "time" : 104199.48737266668,
  "frame_index" : 357,
  "averageAngularVelocity" : 0.24047346413135529,
  "intrinsics" : [
    1593.8209228515625,
    0,
    947.2393798828125,
    0,
    1593.8209228515625,
    727.5767822265625,
    0,
    0,
    1
  ],
  "cameraPoseARFrame" : [
    -0.99996119737625122,
    -0.0013087269617244601,
    -0.0087022176012396812,
    -16.484710693359375,
    -0.003788017900660634,
    0.9565892219543457,
    0.29141461849212646,
    0.2108561098575592,
    0.0079430732876062393,
    0.29143628478050232,
    -0.95655715465545654,
    -9.9385309219360352,
    0,
    0,
    0,
    0.99999988079071045
  ],
  "cameraGrain" : 0,
  "exposureDuration" : 0.01666666753590107
}