{
  "averageVelocity" : 0.95447570085525513,
  "motionQuality" : 0.72729265689849854,
  "intrinsics" : [
    1583.4271240234375,
    0,
    947.2049560546875,
    0,
    1583.4271240234375,
    727.56103515625,
    0,
    0,
    1
  ],
  "time" : 104147.64425516668,
  "frame_index" : 59,
  "projectionMatrix" : [
    1.6494032144546509,
    0,
    0.012807309627532959,
    0,
    0,
    2.1992044448852539,
    0.011195898056030273,
    0,
    0,
    0,
    -0.9999997615814209,
    -0.00099999981466680765,
    0,
    0,
    -1,
    0
  ],
  "averageAngularVelocity" : 0.19540764391422272,
  "exposureDuration" : 0.01666666753590107,
  "cameraGrain" : 0,
  "cameraPoseARFrame" : [
    0.99892008304595947,
    0.038351211696863174,
    -0.026221683248877525,
    0.0052887797355651855,
    -0.030194273218512535,
    0.96487915515899658,
    0.2609526515007019,
    0.20667174458503723,
    0.035308610647916794,
    -0.25987911224365234,
    0.96499532461166382,
    -7.3047881126403809,
    0,
    0,
    0,
    0.99999988079071045
  ]
}