{
  "projectionMatrix" : [
    1.6559935808181763,
    0,
    0.012814342975616455,
    0,
    0,
    2.207991361618042,
    0.01125258207321167,
    0,
    0,
    0,
    -0.9999997615814209,
    -0.00099999981466680765,
    0,
    0,
    -1,
    0
  ],
  "frame_index" : 253,
  "time" : 104181.34333329169,
  "intrinsics" : [
    1589.7537841796875,
    0,
    947.1982421875,
    0,
    1589.7537841796875,
    727.60186767578125,
    0,
    0,
    1
  ],
  "averageVelocity" : 0.90818160772323608,
  "motionQuality" : 0.74051952362060547,
  "averageAngularVelocity" : 0.66731584072113037,
  "exposureDuration" : 0.01666666753590107,
  "cameraGrain" : 0,
  "cameraPoseARFrame" : [
    -0.28562870621681213,
    -0.33678197860717773,
    0.89721453189849854,
    -14.013383865356445,
    -0.011630761437118053,
    0.9373663067817688,
    0.3481508195400238,
    0.17888441681861877,
    -0.95826965570449829,
    0.089006602764129639,
    -0.27165579795837402,
    -24.910581588745117,
    0,
    0,
    0,
    0.99999994039535522
  ]
}