{
  "exposureDuration" : 0.01666666753590107,
  "averageAngularVelocity" : 0.1052253469824791,
  "frame_index" : 49,
  "time" : 104145.84496054168,
  "intrinsics" : [
    1596.0804443359375,
    0,
    947.23858642578125,
    0,
    1596.0804443359375,
    727.5596923828125,
    0,
    0,
    1
  ],
  "averageVelocity" : 0.93308478593826294,
  "projectionMatrix" : [
    1.6625838279724121,
    0,
    0.012772321701049805,
    0,
    0,
    2.2167782783508301,
    0.011193990707397461,
    0,
    0,
    0,
    -0.9999997615814209,
    -0.00099999981466680765,
    0,
    0,
    -1,
    0
  ],
  "cameraGrain" : 0.0057819364592432976,
  "motionQuality" : 0.73340433835983276,
  "cameraPoseARFrame" : [
    0.99969738721847534,
    0.020431213080883026,
    -0.013695267960429192,
    -0.020506657660007477,
    -0.01628786139190197,
    0.96711081266403198,
    0.2538331151008606,
    0.23497897386550903,
    0.018430951982736588,
    -0.25353330373764038,
    0.9671509861946106,
    -5.6972599029541016,
    0,
    0,
    0,
    0.99999994039535522
  ]
}