{
  "exposureDuration" : 0.01666666753590107,
  "averageAngularVelocity" : 0.16606780886650085,
  "frame_index" : 227,
  "time" : 104176.74239179169,
  "intrinsics" : [
    1588.3980712890625,
    0,
    947.2493896484375,
    0,
    1588.3980712890625,
    727.59039306640625,
    0,
    0,
    1
  ],
  "averageVelocity" : 0.93218523263931274,
  "projectionMatrix" : [
    1.6545813083648682,
    0,
    0.012761056423187256,
    0,
    0,
    2.2061083316802979,
    0.011236667633056641,
    0,
    0,
    0,
    -0.9999997615814209,
    -0.00099999981466680765,
    0,
    0,
    -1,
    0
  ],
  "cameraGrain" : 0,
  "motionQuality" : 0.73366135358810425,
  "cameraPoseARFrame" : [
    0.014122465625405312,
    -0.32005426287651062,
    0.94729381799697876,
    -9.5770759582519531,
    0.0049284677952528,
    0.94739913940429688,
    0.32001632452011108,
    0.19340275228023529,
    -0.99988806247711182,
    0.00014928718155715615,
    0.014956982806324959,
    -24.763395309448242,
    0,
    0,
    0,
    0.99999994039535522
  ]
}