{
  "exposureDuration" : 0.01666666753590107,
  "averageAngularVelocity" : 0.080091163516044617,
  "frame_index" : 24,
  "time" : 104141.50734375003,
  "intrinsics" : [
    1578.4560546875,
    0,
    947.21148681640625,
    0,
    1578.4560546875,
    727.55889892578125,
    0,
    0,
    1
  ],
  "averageVelocity" : 0.78143006563186646,
  "projectionMatrix" : [
    1.644225001335144,
    0,
    0.012800514698028564,
    0,
    0,
    2.1923000812530518,
    0.011192917823791504,
    0,
    0,
    0,
    -0.9999997615814209,
    -0.00099999981466680765,
    0,
    0,
    -1,
    0
  ],
  "cameraGrain" : 0,
  "motionQuality" : 0.77673423290252686,
  "cameraPoseARFrame" : [
    0.99953889846801758,
    0.028866823762655258,
    -0.0094110798090696335,
    -0.029388394206762314,
    -0.025511685758829117,
    0.96655720472335815,
    0.25517886877059937,
    0.20483306050300598,
    0.016462545841932297,
    -0.25482115149497986,
    0.96684801578521729,
    -1.964432954788208,
    0,
    0,
    0,
    0.99999994039535522
  ]
}