{
  "averageVelocity" : 0.9273255467414856,
  "motionQuality" : 0.73504984378814697,
  "intrinsics" : [
    1596.5323486328125,
    0,
    947.1953125,
    0,
    1596.5323486328125,
    727.555908203125,
    0,
    0,
    1
  ],
  "time" : 104146.91059395835,
  "frame_index" : 55,
  "projectionMatrix" : [
    1.6630545854568481,
    0,
    0.0128173828125,
    0,
    0,
    2.2174060344696045,
    0.011188745498657227,
    0,
    0,
    0,
    -0.9999997615814209,
    -0.00099999981466680765,
    0,
    0,
    -1,
    0
  ],
  "averageAngularVelocity" : 0.082235850393772125,
  "exposureDuration" : 0.01666666753590107,
  "cameraGrain" : 0,
  "cameraPoseARFrame" : [
    0.99865114688873291,
    0.044913548976182938,
    -0.026047259569168091,
    0.0059380494058132172,
    -0.037111766636371613,
    0.96834105253219604,
    0.24685609340667725,
    0.22481624782085419,
    0.036309834569692612,
    -0.24555648863315582,
    0.96870177984237671,
    -6.6597175598144531,
    0,
    0,
    0,
    0.99999982118606567
  ]
}