{
  "intrinsics" : [
    1589.7537841796875,
    0,
    947.21820068359375,
    0,
    1589.7537841796875,
    727.56817626953125,
    0,
    0,
    1
  ],
  "cameraGrain" : 0,
  "frame_index" : 212,
  "cameraPoseARFrame" : [
    0.041473448276519775,
    -0.27093505859375,
    0.96170371770858765,
    -7.1908473968505859,
    -0.01732928492128849,
    0.96219205856323242,
    0.27181991934776306,
    0.25622791051864624,
    -0.9989892840385437,
    -0.027938950806856155,
    0.035210307687520981,
    -24.695646286010742,
    0,
    0,
    0,
    0.99999994039535522
  ],
  "projectionMatrix" : [
    1.6559935808181763,
    0,
    0.012793540954589844,
    0,
    0,
    2.207991361618042,
    0.011205792427062988,
    0,
    0,
    0,
    -0.9999997615814209,
    -0.00099999981466680765,
    0,
    0,
    -1,
    0
  ],
  "motionQuality" : 0.71393299102783203,
  "exposureDuration" : 0.01666666753590107,
  "averageAngularVelocity" : 0.1057397648692131,
  "time" : 104174.20602575003,
  "averageVelocity" : 1.0012346506118774
}