{
  "intrinsics" : [
    1587.0423583984375,
    0,
    947.1837158203125,
    0,
    1587.0423583984375,
    727.57720947265625,
    0,
    0,
    1
  ],
  "cameraGrain" : 0,
  "frame_index" : 280,
  "cameraPoseARFrame" : [
    -0.999553382396698,
    -0.008409496396780014,
    -0.028676422312855721,
    -16.717723846435547,
    -0.016729351133108139,
    0.95259886980056763,
    0.30376869440078735,
    0.21964120864868164,
    0.024762583896517754,
    0.3041127622127533,
    -0.95231413841247559,
    -22.838336944580078,
    0,
    0,
    0,
    1
  ],
  "projectionMatrix" : [
    1.6531691551208496,
    0,
    0.012829482555389404,
    0,
    0,
    2.2042255401611328,
    0.011218369007110596,
    0,
    0,
    0,
    -0.9999997615814209,
    -0.00099999981466680765,
    0,
    0,
    -1,
    0
  ],
  "motionQuality" : 0.74762082099914551,
  "exposureDuration" : 0.01666666753590107,
  "averageAngularVelocity" : 0.25076800584793091,
  "time" : 104186.04821350002,
  "averageVelocity" : 0.88332712650299072
}