{
  "intrinsics" : [
    1578.4560546875,
    0,
    947.17169189453125,
    0,
    1578.4560546875,
    727.59320068359375,
    0,
    0,
    1
  ],
  "averageAngularVelocity" : 0.16900937259197235,
  "projectionMatrix" : [
    1.644225001335144,
    0,
    0.012841999530792236,
    0,
    0,
    2.1923000812530518,
    0.011240541934967041,
    0,
    0,
    0,
    -0.9999997615814209,
    -0.00099999981466680765,
    0,
    0,
    -1,
    0
  ],
  "cameraGrain" : 0,
  "motionQuality" : 0.76512598991394043,
  "averageVelocity" : 0.82205915451049805,
  "frame_index" : 109,
  "cameraPoseARFrame" : [
    0.99834144115447998,
    0.043126478791236877,
    -0.03813665360212326,
    0.20634452998638153,
    -0.027960684150457382,
    0.94229072332382202,
    0.33362588286399841,
    0.19907990097999573,
    0.05032392218708992,
    -0.33200621604919434,
    0.94193387031555176,
    -15.168456077575684,
    0,
    0,
    0,
    1
  ],
  "exposureDuration" : 0.01666666753590107,
  "time" : 104156.31565325003
}