{
  "intrinsics" : [
    1578.4560546875,
    0,
    947.23028564453125,
    0,
    1578.4560546875,
    727.56982421875,
    0,
    0,
    1
  ],
  "averageAngularVelocity" : 0.31380492448806763,
  "projectionMatrix" : [
    1.644225001335144,
    0,
    0.012780964374542236,
    0,
    0,
    2.1923000812530518,
    0.011208117008209229,
    0,
    0,
    0,
    -0.9999997615814209,
    -0.00099999981466680765,
    0,
    0,
    -1,
    0
  ],
  "cameraGrain" : 0,
  "motionQuality" : 0.7415996789932251,
  "averageVelocity" : 0.90440100431442261,
  "frame_index" : 25,
  "cameraPoseARFrame" : [
    0.99948620796203613,
    0.019776949658989906,
    -0.025219794362783432,
    -0.072356998920440674,
    -0.011818540282547474,
    0.95888197422027588,
    0.28355869650840759,
    0.19430918991565704,
    0.029790733009576797,
    -0.28311499953269958,
    0.95862317085266113,
    -2.1621370315551758,
    0,
    0,
    0,
    0.99999994039535522
  ],
  "exposureDuration" : 0.01666666753590107,
  "time" : 104141.74086554169
}