{
  "cameraPoseARFrame" : [
    0.99978041648864746,
    0.017004977911710739,
    0.01224156841635704,
    0.22811535000801086,
    -0.019946517422795296,
    0.95132189989089966,
    0.3075525164604187,
    0.20208586752414703,
    -0.0064157471060752869,
    -0.30772921442985535,
    0.95145219564437866,
    -14.49973201751709,
    0,
    0,
    0,
    0.99999994039535522
  ],
  "intrinsics" : [
    1583.8790283203125,
    0,
    947.205078125,
    0,
    1583.8790283203125,
    727.58233642578125,
    0,
    0,
    1
  ],
  "exposureDuration" : 0.01666666753590107,
  "projectionMatrix" : [
    1.6498739719390869,
    0,
    0.012807190418243408,
    0,
    0,
    2.1998319625854492,
    0.011225461959838867,
    0,
    0,
    0,
    -0.9999997615814209,
    -0.00099999981466680765,
    0,
    0,
    -1,
    0
  ],
  "averageVelocity" : 0.93685817718505859,
  "frame_index" : 105,
  "motionQuality" : 0.73232626914978027,
  "cameraGrain" : 0,
  "averageAngularVelocity" : 0.28720155358314514,
  "time" : 104155.54894858335
}