{
  "intrinsics" : [
    1574.8409423828125,
    0,
    947.24517822265625,
    0,
    1574.8409423828125,
    727.568603515625,
    0,
    0,
    1
  ],
  "cameraPoseARFrame" : [
    -0.0085865091532468796,
    -0.27473786473274231,
    0.96148079633712769,
    -1.1988722085952759,
    -0.0040804934687912464,
    0.9615178108215332,
    0.27471199631690979,
    0.22850048542022705,
    -0.9999547004699707,
    -0.0015645012026652694,
    -0.0093771489337086678,
    -24.772024154663086,
    0,
    0,
    0,
    0.99999994039535522
  ],
  "exposureDuration" : 0.01666666753590107,
  "projectionMatrix" : [
    1.6404592990875244,
    0,
    0.012765467166900635,
    0,
    0,
    2.1872789859771729,
    0.011206388473510742,
    0,
    0,
    0,
    -0.9999997615814209,
    -0.00099999981466680765,
    0,
    0,
    -1,
    0
  ],
  "averageVelocity" : 0.95569521188735962,
  "frame_index" : 177,
  "motionQuality" : 0.7269442081451416,
  "cameraGrain" : 0,
  "averageAngularVelocity" : 0.399524986743927,
  "time" : 104168.02424954169
}