{
  "averageVelocity" : 0.93465954065322876,
  "averageAngularVelocity" : 0.12876400351524353,
  "time" : 104205.39268987502,
  "frame_index" : 391,
  "motionQuality" : 0.73295438289642334,
  "intrinsics" : [
    1582.97509765625,
    0,
    947.17193603515625,
    0,
    1582.97509765625,
    727.58935546875,
    0,
    0,
    1
  ],
  "cameraGrain" : 0,
  "cameraPoseARFrame" : [
    -0.99942541122436523,
    -0.031614925712347031,
    0.012220985256135464,
    -16.470054626464844,
    -0.026023637503385544,
    0.94673770666122437,
    0.32095235586166382,
    0.22186332941055298,
    -0.021716957911849022,
    0.32044991850852966,
    -0.94701647758483887,
    -4.2096138000488281,
    0,
    0,
    0,
    0.99999994039535522
  ],
  "projectionMatrix" : [
    1.6489323377609253,
    0,
    0.012841761112213135,
    0,
    0,
    2.1985764503479004,
    0.011235237121582031,
    0,
    0,
    0,
    -0.9999997615814209,
    -0.00099999981466680765,
    0,
    0,
    -1,
    0
  ],
  "exposureDuration" : 0.01666666753590107
}