{
  "exposureDuration" : 0.01666666753590107,
  "averageAngularVelocity" : 0.088796533644199371,
  "frame_index" : 15,
  "time" : 104139.93998908336,
  "intrinsics" : [
    1578.4560546875,
    0,
    947.2545166015625,
    0,
    1578.4560546875,
    727.56219482421875,
    0,
    0,
    1
  ],
  "averageVelocity" : 0.63496750593185425,
  "projectionMatrix" : [
    1.644225001335144,
    0,
    0.012755692005157471,
    0,
    0,
    2.1923000812530518,
    0.011197507381439209,
    0,
    0,
    0,
    -0.9999997615814209,
    -0.00099999981466680765,
    0,
    0,
    -1,
    0
  ],
  "cameraGrain" : 0,
  "motionQuality" : 0.8185807466506958,
  "cameraPoseARFrame" : [
    0.99990886449813843,
    0.010375543497502804,
    -0.008629688061773777,
    -0.049476467072963715,
    -0.0078044198453426361,
    0.96625876426696777,
    0.25745481252670288,
    0.22519201040267944,
    0.011009733192622662,
    -0.25736403465270996,
    0.96625173091888428,
    -0.73064357042312622,
    0,
    0,
    0,
    0.99999994039535522
  ]
}