{
  "intrinsics" : [
    1599.2437744140625,
    0,
    947.1287841796875,
    0,
    1599.2437744140625,
    727.59454345703125,
    0,
    0,
    1
  ],
  "cameraPoseARFrame" : [
    -0.99954527616500854,
    -0.02940913662314415,
    -0.0066456100903451443,
    -16.717411041259766,
    -0.029895151033997536,
    0.93806743621826172,
    0.34516033530235291,
    0.21166181564331055,
    -0.0039168344810605049,
    0.34520208835601807,
    -0.93852013349533081,
    -22.165740966796875,
    0,
    0,
    0,
    0.99999988079071045
  ],
  "exposureDuration" : 0.01666666753590107,
  "projectionMatrix" : [
    1.6658788919448853,
    0,
    0.012886703014373779,
    0,
    0,
    2.2211718559265137,
    0.011242449283599854,
    0,
    0,
    0,
    -0.9999997615814209,
    -0.00099999981466680765,
    0,
    0,
    -1,
    0
  ],
  "averageVelocity" : 1.000795841217041,
  "frame_index" : 284,
  "motionQuality" : 0.71405833959579468,
  "cameraGrain" : 0,
  "averageAngularVelocity" : 0.30329054594039917,
  "time" : 104186.81539312503
}