{
  "exposureDuration" : 0.01666666753590107,
  "averageAngularVelocity" : 0.12091709673404694,
  "frame_index" : 64,
  "time" : 104148.47969125002,
  "intrinsics" : [
    1585.2347412109375,
    0,
    947.1732177734375,
    0,
    1585.2347412109375,
    727.57843017578125,
    0,
    0,
    1
  ],
  "averageVelocity" : 0.93604612350463867,
  "projectionMatrix" : [
    1.651286244392395,
    0,
    0.012840390205383301,
    0,
    0,
    2.2017149925231934,
    0.011220037937164307,
    0,
    0,
    0,
    -0.9999997615814209,
    -0.00099999981466680765,
    0,
    0,
    -1,
    0
  ],
  "cameraGrain" : 0,
  "motionQuality" : 0.73255825042724609,
  "cameraPoseARFrame" : [
    0.9994165301322937,
    0.030314691364765167,
    0.015732841566205025,
    0.057386234402656555,
    -0.033667299896478653,
    0.95192056894302368,
    0.30448895692825317,
    0.20674867928028107,
    -0.0057459212839603424,
    -0.30484098196029663,
    0.95238584280014038,
    -8.0851907730102539,
    0,
    0,
    0,
    0.99999988079071045
  ]
}