{
  "exposureDuration" : 0.01666666753590107,
  "averageAngularVelocity" : 0.15537233650684357,
  "frame_index" : 228,
  "time" : 104176.87584320836,
  "intrinsics" : [
    1588.3980712890625,
    0,
    947.222412109375,
    0,
    1588.3980712890625,
    727.5889892578125,
    0,
    0,
    1
  ],
  "averageVelocity" : 0.92439007759094238,
  "projectionMatrix" : [
    1.6545813083648682,
    0,
    0.012789130210876465,
    0,
    0,
    2.2061083316802979,
    0.011234700679779053,
    0,
    0,
    0,
    -0.9999997615814209,
    -0.00099999981466680765,
    0,
    0,
    -1,
    0
  ],
  "cameraGrain" : 0,
  "motionQuality" : 0.73588854074478149,
  "cameraPoseARFrame" : [
    0.034352254122495651,
    -0.32029899954795837,
    0.94669336080551147,
    -9.6992368698120117,
    -0.008501020260155201,
    0.94712454080581665,
    0.32075333595275879,
    0.20236983895301819,
    -0.99937355518341064,
    -0.019066460430622101,
    0.029812995344400406,
    -24.76643180847168,
    0,
    0,
    0,
    0.99999994039535522
  ]
}