{
  "cameraPoseARFrame" : [
    -0.99993091821670532,
    -0.0053656110540032387,
    0.010452778078615665,
    -16.501941680908203,
    -0.0025076710153371096,
    0.96659785509109497,
    0.25628527998924255,
    0.221453458070755,
    -0.011478748172521591,
    0.25624135136604309,
    -0.96654462814331055,
    -12.555520057678223,
    0,
    0,
    0,
    0.99999994039535522
  ],
  "projectionMatrix" : [
    1.6564642190933228,
    0,
    0.012748360633850098,
    0,
    0,
    2.2086191177368164,
    0.011199355125427246,
    0,
    0,
    0,
    -0.9999997615814209,
    -0.00099999981466680765,
    0,
    0,
    -1,
    0
  ],
  "intrinsics" : [
    1590.2056884765625,
    0,
    947.2615966796875,
    0,
    1590.2056884765625,
    727.56353759765625,
    0,
    0,
    1
  ],
  "frame_index" : 342,
  "cameraGrain" : 0,
  "exposureDuration" : 0.01666666753590107,
  "time" : 104196.85257812502,
  "motionQuality" : 0.71450132131576538,
  "averageVelocity" : 0.99924540519714355,
  "averageAngularVelocity" : 0.24187181890010834
}