{
  "intrinsics" : [
    1585.2347412109375,
    0,
    947.18939208984375,
    0,
    1585.2347412109375,
    727.5927734375,
    0,
    0,
    1
  ],
  "cameraGrain" : 0,
  "frame_index" : 275,
  "projectionMatrix" : [
    1.651286244392395,
    0,
    0.012823522090911865,
    0,
    0,
    2.2017149925231934,
    0.011239945888519287,
    0,
    0,
    0,
    -0.9999997615814209,
    -0.00099999981466680765,
    0,
    0,
    -1,
    0
  ],
  "cameraPoseARFrame" : [
    -0.9945029616355896,
    -0.044522978365421295,
    0.094770073890686035,
    -16.657077789306641,
    -0.010263686999678612,
    0.94218581914901733,
    0.33493325114250183,
    0.20505496859550476,
    -0.10420326143503189,
    0.33211946487426758,
    -0.93746370077133179,
    -23.539602279663086,
    0,
    0,
    0,
    0.99999994039535522
  ],
  "motionQuality" : 0.74273854494094849,
  "exposureDuration" : 0.01666666753590107,
  "averageAngularVelocity" : 0.18446195125579834,
  "time" : 104185.24581325002,
  "averageVelocity" : 0.90041506290435791
}