{
  "exposureDuration" : 0.01666666753590107,
  "averageAngularVelocity" : 0.28061264753341675,
  "frame_index" : 140,
  "time" : 104161.71936700003,
  "intrinsics" : [
    1602.8590087890625,
    0,
    947.2508544921875,
    0,
    1602.8590087890625,
    727.56524658203125,
    0,
    0,
    1
  ],
  "averageVelocity" : 1.0379854440689087,
  "projectionMatrix" : [
    1.669644832611084,
    0,
    0.012759506702423096,
    0,
    0,
    2.2261929512023926,
    0.011201739311218262,
    0,
    0,
    0,
    -0.9999997615814209,
    -0.00099999981466680765,
    0,
    0,
    -1,
    0
  ],
  "cameraGrain" : 0,
  "motionQuality" : 0.70343273878097534,
  "cameraPoseARFrame" : [
    0.99828600883483887,
    0.024558825418353081,
    -0.05312105268239975,
    0.31422016024589539,
    -0.0096986051648855209,
    0.96456342935562134,
    0.26367253065109253,
    0.21648883819580078,
    0.057714119553565979,
    -0.26270538568496704,
    0.96314835548400879,
    -20.069087982177734,
    0,
    0,
    0,
    0.99999994039535522
  ]
}