{
  "exposureDuration" : 0.01666666753590107,
  "averageAngularVelocity" : 0.084009483456611633,
  "frame_index" : 18,
  "time" : 104140.44197700002,
  "intrinsics" : [
    1578.907958984375,
    0,
    947.2608642578125,
    0,
    1578.907958984375,
    727.575439453125,
    0,
    0,
    1
  ],
  "averageVelocity" : 0.78250986337661743,
  "projectionMatrix" : [
    1.6446957588195801,
    0,
    0.012749075889587402,
    0,
    0,
    2.1929278373718262,
    0.011215865612030029,
    0,
    0,
    0,
    -0.9999997615814209,
    -0.00099999981466680765,
    0,
    0,
    -1,
    0
  ],
  "cameraGrain" : 0,
  "motionQuality" : 0.77642571926116943,
  "cameraPoseARFrame" : [
    0.99875962734222412,
    0.016731105744838715,
    -0.046894807368516922,
    -0.073666773736476898,
    -0.0023006033152341843,
    0.95635169744491577,
    0.29220870137214661,
    0.22634276747703552,
    0.049736905843019485,
    -0.29173839092254639,
    0.9552040696144104,
    -1.1266183853149414,
    0,
    0,
    0,
    0.99999994039535522
  ]
}