{
  "intrinsics" : [
    1588.3980712890625,
    0,
    947.1983642578125,
    0,
    1588.3980712890625,
    727.58050537109375,
    0,
    0,
    1
  ],
  "cameraGrain" : 0,
  "frame_index" : 232,
  "projectionMatrix" : [
    1.6545813083648682,
    0,
    0.012814223766326904,
    0,
    0,
    2.2061083316802979,
    0.011222898960113525,
    0,
    0,
    0,
    -0.9999997615814209,
    -0.00099999981466680765,
    0,
    0,
    -1,
    0
  ],
  "cameraPoseARFrame" : [
    -0.0012638150947168469,
    -0.30575436353683472,
    0.95210951566696167,
    -10.430665016174316,
    -0.019313763827085495,
    0.95194017887115479,
    0.30567431449890137,
    0.21402654051780701,
    -0.99981266260147095,
    -0.018002510070800781,
    -0.0071083442308008671,
    -24.771678924560547,
    0,
    0,
    0,
    1
  ],
  "motionQuality" : 0.70664477348327637,
  "exposureDuration" : 0.01666666753590107,
  "averageAngularVelocity" : 0.17508299648761749,
  "time" : 104177.64120058336,
  "averageVelocity" : 1.0267432928085327
}