{
  "frame_index" : 199,
  "projectionMatrix" : [
    1.6541105508804321,
    0,
    0.012866079807281494,
    0,
    0,
    2.2054808139801025,
    0.011210858821868896,
    0,
    0,
    0,
    -0.9999997615814209,
    -0.00099999981466680765,
    0,
    0,
    -1,
    0
  ],
  "time" : 104171.90458133335,
  "motionQuality" : 0.72013795375823975,
  "cameraGrain" : 0,
  "exposureDuration" : 0.01666666753590107,
  "intrinsics" : [
    1587.9461669921875,
    0,
    947.1485595703125,
    0,
    1587.9461669921875,
    727.57183837890625,
    0,
    0,
    1
  ],
  "averageAngularVelocity" : 0.06610415130853653,
  "averageVelocity" : 0.97951728105545044,
  "cameraPoseARFrame" : [
    0.028840899467468262,
    -0.2883850634098053,
    0.95708000659942627,
    -4.8852272033691406,
    -0.038670334964990616,
    0.95643961429595947,
    0.28935739398002625,
    0.20211988687515259,
    -0.99883568286895752,
    -0.045355938374996185,
    0.016432628035545349,
    -24.679134368896484,
    0,
    0,
    0,
    0.99999988079071045
  ]
}