{
  "cameraPoseARFrame" : [
    -0.99994534254074097,
    -0.004812226165086031,
    -0.0092680519446730614,
    -16.475498199462891,
    -0.0074443267658352852,
    0.95088475942611694,
    0.30945506691932678,
    0.23292618989944458,
    0.0073236855678260326,
    0.30950719118118286,
    -0.95086878538131714,
    -9.0031013488769531,
    0,
    0,
    0,
    0.99999994039535522
  ],
  "frame_index" : 362,
  "projectionMatrix" : [
    1.6668204069137573,
    0,
    0.012791574001312256,
    0,
    0,
    2.2224271297454834,
    0.011228322982788086,
    0,
    0,
    0,
    -0.9999997615814209,
    -0.00099999981466680765,
    0,
    0,
    -1,
    0
  ],
  "cameraGrain" : 0,
  "exposureDuration" : 0.01666666753590107,
  "time" : 104200.45505795836,
  "intrinsics" : [
    1600.1475830078125,
    0,
    947.2200927734375,
    0,
    1600.1475830078125,
    727.58441162109375,
    0,
    0,
    1
  ],
  "averageAngularVelocity" : 0.1400606632232666,
  "averageVelocity" : 0.99139362573623657,
  "motionQuality" : 0.71674466133117676
}