{
  "intrinsics" : [
    1594.2728271484375,
    0,
    947.19622802734375,
    0,
    1594.2728271484375,
    727.57196044921875,
    0,
    0,
    1
  ],
  "averageAngularVelocity" : 0.12967191636562347,
  "projectionMatrix" : [
    1.6607009172439575,
    0,
    0.012816429138183594,
    0,
    0,
    2.2142677307128906,
    0.011211037635803223,
    0,
    0,
    0,
    -0.9999997615814209,
    -0.00099999981466680765,
    0,
    0,
    -1,
    0
  ],
  "cameraGrain" : 0,
  "motionQuality" : 0.7093050479888916,
  "averageVelocity" : 1.0174322128295898,
  "frame_index" : 143,
  "cameraPoseARFrame" : [
    0.99795180559158325,
    0.042318191379308701,
    -0.047971926629543304,
    0.3549138605594635,
    -0.026936888694763184,
    0.95818120241165161,
    0.28489121794700623,
    0.19751559197902679,
    0.058021891862154007,
    -0.28301551938056946,
    0.95735865831375122,
    -20.548368453979492,
    0,
    0,
    0,
    0.99999994039535522
  ],
  "exposureDuration" : 0.01666666753590107,
  "time" : 104162.22119375003
}