{
  "cameraPoseARFrame" : [
    -0.99961477518081665,
    -0.0082152709364891052,
    -0.026510601863265038,
    -16.617103576660156,
    -0.0162490364164114,
    0.94760143756866455,
    0.31904134154319763,
    0.19939294457435608,
    0.022500472143292427,
    0.31934922933578491,
    -0.94736987352371216,
    -16.571138381958008,
    0,
    0,
    0,
    0.99999994039535522
  ],
  "intrinsics" : [
    1586.5904541015625,
    0,
    947.18670654296875,
    0,
    1586.5904541015625,
    727.584716796875,
    0,
    0,
    1
  ],
  "exposureDuration" : 0.01666666753590107,
  "projectionMatrix" : [
    1.6526983976364136,
    0,
    0.012826323509216309,
    0,
    0,
    2.2035977840423584,
    0.011228799819946289,
    0,
    0,
    0,
    -0.9999997615814209,
    -0.00099999981466680765,
    0,
    0,
    -1,
    0
  ],
  "averageVelocity" : 0.96090489625930786,
  "frame_index" : 318,
  "motionQuality" : 0.72545576095581055,
  "cameraGrain" : 0,
  "averageAngularVelocity" : 0.081782020628452301,
  "time" : 104192.65181870836
}