{
  "intrinsics" : [
    1587.494140625,
    0,
    947.1998291015625,
    0,
    1587.494140625,
    727.5767822265625,
    0,
    0,
    1
  ],
  "averageAngularVelocity" : 0.29102012515068054,
  "projectionMatrix" : [
    1.6536396741867065,
    0,
    0.012812674045562744,
    0,
    0,
    2.2048530578613281,
    0.011217772960662842,
    0,
    0,
    0,
    -0.9999997615814209,
    -0.00099999981466680765,
    0,
    0,
    -1,
    0
  ],
  "cameraGrain" : 0,
  "motionQuality" : 0.74707388877868652,
  "averageVelocity" : 0.88524150848388672,
  "frame_index" : 74,
  "cameraPoseARFrame" : [
    0.99816924333572388,
    0.039190072566270828,
    -0.046065632253885269,
    0.0067637860774993896,
    -0.023696145042777061,
    0.95417702198028564,
    0.29830265045166016,
    0.1639314591884613,
    0.055645275861024857,
    -0.29666504263877869,
    0.95335894823074341,
    -9.7307186126708984,
    0,
    0,
    0,
    0.99999988079071045
  ],
  "exposureDuration" : 0.01666666753590107,
  "time" : 104150.2791159167
}