{
  "time" : 104170.05744883335,
  "exposureDuration" : 0.01666666753590107,
  "cameraPoseARFrame" : [
    0.01961313933134079,
    -0.29854509234428406,
    0.95419394969940186,
    -3.0947589874267578,
    -0.0036645368672907352,
    0.9543495774269104,
    0.29866909980773926,
    0.24352410435676575,
    -0.99980080127716064,
    -0.0093545196577906609,
    0.017623782157897949,
    -24.656955718994141,
    0,
    0,
    0,
    0.99999988079071045
  ],
  "intrinsics" : [
    1587.0423583984375,
    0,
    947.22637939453125,
    0,
    1587.0423583984375,
    727.5780029296875,
    0,
    0,
    1
  ],
  "projectionMatrix" : [
    1.6531691551208496,
    0,
    0.012785017490386963,
    0,
    0,
    2.2042255401611328,
    0.011219441890716553,
    0,
    0,
    0,
    -0.9999997615814209,
    -0.00099999981466680765,
    0,
    0,
    -1,
    0
  ],
  "averageAngularVelocity" : 0.15008172392845154,
  "motionQuality" : 0.72792673110961914,
  "cameraGrain" : 0,
  "averageVelocity" : 0.95225656032562256,
  "frame_index" : 188
}