{
  "cameraPoseARFrame" : [
    -0.99995279312133789,
    -0.0048623462207615376,
    -0.0084033077582716942,
    -16.522493362426758,
    -0.0068622375838458538,
    0.96626138687133789,
    0.25747188925743103,
    0.240263432264328,
    0.006867874413728714,
    0.25751745700836182,
    -0.96624916791915894,
    -13.033506393432617,
    0,
    0,
    0,
    0.99999994039535522
  ],
  "projectionMatrix" : [
    1.6559935808181763,
    0,
    0.012760579586029053,
    0,
    0,
    2.207991361618042,
    0.011199355125427246,
    0,
    0,
    0,
    -0.9999997615814209,
    -0.00099999981466680765,
    0,
    0,
    -1,
    0
  ],
  "intrinsics" : [
    1589.7537841796875,
    0,
    947.24981689453125,
    0,
    1589.7537841796875,
    727.56353759765625,
    0,
    0,
    1
  ],
  "frame_index" : 339,
  "cameraGrain" : 0,
  "exposureDuration" : 0.01666666753590107,
  "time" : 104196.35216204169,
  "motionQuality" : 0.72326600551605225,
  "averageVelocity" : 0.96856898069381714,
  "averageAngularVelocity" : 0.096811667084693909
}