{
  "time" : 104170.32426358336,
  "exposureDuration" : 0.01666666753590107,
  "cameraPoseARFrame" : [
    0.033314820379018784,
    -0.30001792311668396,
    0.95335155725479126,
    -3.3350615501403809,
    -0.028526658192276955,
    0.95320695638656616,
    0.30096924304962158,
    0.24238911271095276,
    -0.99903762340545654,
    -0.037222679704427719,
    0.023197408765554428,
    -24.666458129882812,
    0,
    0,
    0,
    0.99999988079071045
  ],
  "intrinsics" : [
    1587.0423583984375,
    0,
    947.15960693359375,
    0,
    1587.0423583984375,
    727.5767822265625,
    0,
    0,
    1
  ],
  "projectionMatrix" : [
    1.6531691551208496,
    0,
    0.012854576110839844,
    0,
    0,
    2.2042255401611328,
    0.011217772960662842,
    0,
    0,
    0,
    -0.9999997615814209,
    -0.00099999981466680765,
    0,
    0,
    -1,
    0
  ],
  "averageAngularVelocity" : 0.10022104531526566,
  "motionQuality" : 0.7449418306350708,
  "cameraGrain" : 0,
  "averageVelocity" : 0.89270371198654175,
  "frame_index" : 190
}