{
  "frame_index" : 197,
  "time" : 104171.57277900002,
  "intrinsics" : [
    1601.5032958984375,
    0,
    947.1517333984375,
    0,
    1601.5032958984375,
    727.57659912109375,
    0,
    0,
    1
  ],
  "cameraPoseARFrame" : [
    0.037016544491052628,
    -0.2977449893951416,
    0.95392745733261108,
    -4.5692071914672852,
    -0.033462550491094589,
    0.95367699861526489,
    0.29896527528762817,
    0.2271675169467926,
    -0.99875420331954956,
    -0.042987518012523651,
    0.025338523089885712,
    -24.647872924804688,
    0,
    0,
    0,
    1
  ],
  "motionQuality" : 0.71862232685089111,
  "projectionMatrix" : [
    1.6682325601577759,
    0,
    0.012862801551818848,
    0,
    0,
    2.2243101596832275,
    0.011217474937438965,
    0,
    0,
    0,
    -0.9999997615814209,
    -0.00099999981466680765,
    0,
    0,
    -1,
    0
  ],
  "cameraGrain" : 0,
  "averageAngularVelocity" : 0.1419118195772171,
  "exposureDuration" : 0.01666666753590107,
  "averageVelocity" : 0.9848218560218811
}