{
  "cameraPoseARFrame" : [
    -0.99998146295547485,
    -0.0013948499690741301,
    -0.0059223119169473648,
    -16.471908569335938,
    -0.0031490668188780546,
    0.95150494575500488,
    0.30761700868606567,
    0.22912585735321045,
    0.0052060303278267384,
    0.30762997269630432,
    -0.95149177312850952,
    -8.937922477722168,
    0,
    0,
    0,
    0.99999994039535522
  ],
  "frame_index" : 363,
  "projectionMatrix" : [
    1.6738814115524292,
    0,
    0.012779772281646729,
    0,
    0,
    2.2318418025970459,
    0.011228084564208984,
    0,
    0,
    0,
    -0.9999997615814209,
    -0.00099999981466680765,
    0,
    0,
    -1,
    0
  ],
  "cameraGrain" : 0,
  "exposureDuration" : 0.01666666753590107,
  "time" : 104200.52135425003,
  "intrinsics" : [
    1606.9261474609375,
    0,
    947.2314453125,
    0,
    1606.9261474609375,
    727.584228515625,
    0,
    0,
    1
  ],
  "averageAngularVelocity" : 0.092922471463680267,
  "averageVelocity" : 0.98854237794876099,
  "motionQuality" : 0.7175593376159668
}