{
  "motionQuality" : 0.77738195657730103,
  "intrinsics" : [
    1583.8790283203125,
    0,
    947.3388671875,
    0,
    1583.8790283203125,
    727.59442138671875,
    0,
    0,
    1
  ],
  "frame_index" : 169,
  "cameraGrain" : 0,
  "projectionMatrix" : [
    1.6498739719390869,
    0,
    0.012667834758758545,
    0,
    0,
    2.1998319625854492,
    0.011242270469665527,
    0,
    0,
    0,
    -0.9999997615814209,
    -0.00099999981466680765,
    0,
    0,
    -1,
    0
  ],
  "averageVelocity" : 0.7791631817817688,
  "time" : 104166.68880441668,
  "averageAngularVelocity" : 0.41466757655143738,
  "exposureDuration" : 0.01666666753590107,
  "cameraPoseARFrame" : [
    0.16348451375961304,
    -0.31903541088104248,
    0.93353575468063354,
    -0.09108223021030426,
    0.03985317051410675,
    0.94763022661209106,
    0.31687292456626892,
    0.19731168448925018,
    -0.98574048280715942,
    -0.014599456451833248,
    0.16763743758201599,
    -24.268251419067383,
    0,
    0,
    0,
    0.99999994039535522
  ]
}