{
  "exposureDuration" : 0.01666666753590107,
  "averageAngularVelocity" : 0.20685076713562012,
  "frame_index" : 229,
  "time" : 104177.10762629169,
  "intrinsics" : [
    1588.3980712890625,
    0,
    947.1580810546875,
    0,
    1588.3980712890625,
    727.58062744140625,
    0,
    0,
    1
  ],
  "averageVelocity" : 0.92229872941970825,
  "projectionMatrix" : [
    1.6545813083648682,
    0,
    0.012856185436248779,
    0,
    0,
    2.2061083316802979,
    0.011223077774047852,
    0,
    0,
    0,
    -0.9999997615814209,
    -0.00099999981466680765,
    0,
    0,
    -1,
    0
  ],
  "cameraGrain" : 0,
  "motionQuality" : 0.73648607730865479,
  "cameraPoseARFrame" : [
    0.056585725396871567,
    -0.30562663078308105,
    0.95046848058700562,
    -9.9073753356933594,
    -0.034480292350053787,
    0.95082765817642212,
    0.30779489874839783,
    0.19620233774185181,
    -0.99780207872390747,
    -0.050189230591058731,
    0.043265186250209808,
    -24.778350830078125,
    0,
    0,
    0,
    0.99999988079071045
  ]
}