{
  "averageAngularVelocity" : 0.17001853883266449,
  "time" : 104157.31673666669,
  "cameraGrain" : 0,
  "frame_index" : 115,
  "projectionMatrix" : [
    1.6531691551208496,
    0,
    0.012827455997467041,
    0,
    0,
    2.2042255401611328,
    0.011237859725952148,
    0,
    0,
    0,
    -0.9999997615814209,
    -0.00099999981466680765,
    0,
    0,
    -1,
    0
  ],
  "motionQuality" : 0.76318269968032837,
  "averageVelocity" : 0.8288605809211731,
  "cameraPoseARFrame" : [
    0.99973052740097046,
    0.022695984691381454,
    0.0048745409585535526,
    0.27369734644889832,
    -0.023037558421492577,
    0.94422239065170288,
    0.32850140333175659,
    0.1781410276889801,
    0.0028530247509479523,
    -0.32852518558502197,
    0.94449079036712646,
    -16.004362106323242,
    0,
    0,
    0,
    0.99999994039535522
  ],
  "intrinsics" : [
    1587.0423583984375,
    0,
    947.1856689453125,
    0,
    1587.0423583984375,
    727.59124755859375,
    0,
    0,
    1
  ],
  "exposureDuration" : 0.01666666753590107
}