{
  "cameraPoseARFrame" : [
    0.9997517466545105,
    0.022014075890183449,
    0.0034238542430102825,
    0.16972309350967407,
    -0.022050274536013603,
    0.9557914137840271,
    0.29321709275245667,
    0.18976110219955444,
    0.0031824016477912664,
    -0.29321980476379395,
    0.95603972673416138,
    -13.022337913513184,
    0,
    0,
    0,
    0.99999988079071045
  ],
  "intrinsics" : [
    1568.0623779296875,
    0,
    947.21307373046875,
    0,
    1568.0623779296875,
    727.5750732421875,
    0,
    0,
    1
  ],
  "exposureDuration" : 0.01666666753590107,
  "projectionMatrix" : [
    1.6333982944488525,
    0,
    0.012798905372619629,
    0,
    0,
    2.1778643131256104,
    0.011215388774871826,
    0,
    0,
    0,
    -0.9999997615814209,
    -0.00099999981466680765,
    0,
    0,
    -1,
    0
  ],
  "averageVelocity" : 0.93213510513305664,
  "frame_index" : 95,
  "motionQuality" : 0.73367571830749512,
  "cameraGrain" : 0,
  "averageAngularVelocity" : 0.1803557425737381,
  "time" : 104153.91476195835
}