{
  "cameraPoseARFrame" : [
    -0.99751651287078857,
    -0.057991575449705124,
    0.039971698075532913,
    -16.479873657226562,
    -0.042351536452770233,
    0.94731903076171875,
    0.31747880578041077,
    0.21868002414703369,
    -0.056277055293321609,
    0.31499749422073364,
    -0.94742244482040405,
    -9.4584121704101562,
    0,
    0,
    0,
    0.99999988079071045
  ],
  "frame_index" : 360,
  "projectionMatrix" : [
    1.6602301597595215,
    0,
    0.012888848781585693,
    0,
    0,
    2.2136402130126953,
    0.011228799819946289,
    0,
    0,
    0,
    -0.9999997615814209,
    -0.00099999981466680765,
    0,
    0,
    -1,
    0
  ],
  "cameraGrain" : 0,
  "exposureDuration" : 0.01666666753590107,
  "time" : 104199.98948616668,
  "intrinsics" : [
    1593.8209228515625,
    0,
    947.126708984375,
    0,
    1593.8209228515625,
    727.584716796875,
    0,
    0,
    1
  ],
  "averageAngularVelocity" : 0.07384917140007019,
  "averageVelocity" : 0.95106542110443115,
  "motionQuality" : 0.72826701402664185
}