{
  "intrinsics" : [
    1599.2437744140625,
    0,
    947.17156982421875,
    0,
    1599.2437744140625,
    727.5831298828125,
    0,
    0,
    1
  ],
  "cameraGrain" : 0,
  "frame_index" : 240,
  "projectionMatrix" : [
    1.6658788919448853,
    0,
    0.012842118740081787,
    0,
    0,
    2.2211718559265137,
    0.0112265944480896,
    0,
    0,
    0,
    -0.9999997615814209,
    -0.00099999981466680765,
    0,
    0,
    -1,
    0
  ],
  "cameraPoseARFrame" : [
    0.0069668241776525974,
    -0.31196415424346924,
    0.95006835460662842,
    -11.777157783508301,
    -0.027169784530997276,
    0.94968158006668091,
    0.31203633546829224,
    0.19404001533985138,
    -0.99960649013519287,
    -0.027987055480480194,
    -0.0018597223097458482,
    -24.745384216308594,
    0,
    0,
    0,
    0.99999994039535522
  ],
  "motionQuality" : 0.72192734479904175,
  "exposureDuration" : 0.01666666753590107,
  "averageAngularVelocity" : 0.18027158081531525,
  "time" : 104178.97541520836,
  "averageVelocity" : 0.97325432300567627
}