{
  "frame_index" : 367,
  "projectionMatrix" : [
    1.6531691551208496,
    0,
    0.012805640697479248,
    0,
    0,
    2.2042255401611328,
    0.011217176914215088,
    0,
    0,
    0,
    -0.9999997615814209,
    -0.00099999981466680765,
    0,
    0,
    -1,
    0
  ],
  "cameraPoseARFrame" : [
    -0.99875110387802124,
    -0.033022839576005936,
    0.03749224916100502,
    -16.456573486328125,
    -0.020721929147839546,
    0.95662647485733032,
    0.29057914018630981,
    0.22829234600067139,
    -0.045461837202310562,
    0.28943938016891479,
    -0.95611602067947388,
    -8.2126398086547852,
    0,
    0,
    0,
    0.99999994039535522
  ],
  "cameraGrain" : 0,
  "exposureDuration" : 0.01666666753590107,
  "time" : 104201.25518550002,
  "intrinsics" : [
    1587.0423583984375,
    0,
    947.20660400390625,
    0,
    1587.0423583984375,
    727.57635498046875,
    0,
    0,
    1
  ],
  "averageAngularVelocity" : 0.048252273350954056,
  "averageVelocity" : 0.97904115915298462,
  "motionQuality" : 0.72027397155761719
}