{
  "intrinsics" : [
    1589.7537841796875,
    0,
    947.15557861328125,
    0,
    1589.7537841796875,
    727.59124755859375,
    0,
    0,
    1
  ],
  "projectionMatrix" : [
    1.6559935808181763,
    0,
    0.012858748435974121,
    0,
    0,
    2.207991361618042,
    0.011237859725952148,
    0,
    0,
    0,
    -0.9999997615814209,
    -0.00099999981466680765,
    0,
    0,
    -1,
    0
  ],
  "time" : 104179.97601675002,
  "frame_index" : 245,
  "averageVelocity" : 1.0565357208251953,
  "motionQuality" : 0.69813263416290283,
  "averageAngularVelocity" : 0.29554164409637451,
  "exposureDuration" : 0.01666666753590107,
  "cameraGrain" : 0,
  "cameraPoseARFrame" : [
    0.039685525000095367,
    -0.33151894807815552,
    0.94261342287063599,
    -12.780905723571777,
    -0.031295593827962875,
    0.94248133897781372,
    0.3327900767326355,
    0.1759846955537796,
    -0.99872195720672607,
    -0.042706601321697235,
    0.027027791365981102,
    -24.815563201904297,
    0,
    0,
    0,
    0.99999982118606567
  ]
}