{
  "averageAngularVelocity" : 0.53135907649993896,
  "time" : 104166.38840983335,
  "cameraGrain" : 0,
  "frame_index" : 167,
  "projectionMatrix" : [
    1.6498739719390869,
    0,
    0.012697041034698486,
    0,
    0,
    2.1998319625854492,
    0.011222600936889648,
    0,
    0,
    0,
    -0.9999997615814209,
    -0.00099999981466680765,
    0,
    0,
    -1,
    0
  ],
  "motionQuality" : 0.78689569234848022,
  "averageVelocity" : 0.74586504697799683,
  "cameraPoseARFrame" : [
    0.29831483960151672,
    -0.28365591168403625,
    0.91134375333786011,
    0.046690773218870163,
    0.023305747658014297,
    0.95669907331466675,
    0.2901439368724823,
    0.17576581239700317,
    -0.95418292284011841,
    -0.065314702689647675,
    0.29200834035873413,
    -24.070816040039062,
    0,
    0,
    0,
    0.99999994039535522
  ],
  "intrinsics" : [
    1583.8790283203125,
    0,
    947.31085205078125,
    0,
    1583.8790283203125,
    727.58026123046875,
    0,
    0,
    1
  ],
  "exposureDuration" : 0.01666666753590107
}