{
  "intrinsics" : [
    1588.3980712890625,
    0,
    947.16961669921875,
    0,
    1588.3980712890625,
    727.60009765625,
    0,
    0,
    1
  ],
  "cameraPoseARFrame" : [
    0.04984559491276741,
    -0.34685549139976501,
    0.93659305572509766,
    -11.249938011169434,
    -0.022429576143622398,
    0.93713349103927612,
    0.34824931621551514,
    0.18175013363361359,
    -0.99850499629974365,
    -0.038366083055734634,
    0.038932166993618011,
    -24.731163024902344,
    0,
    0,
    0,
    0.99999988079071045
  ],
  "exposureDuration" : 0.01666666753590107,
  "projectionMatrix" : [
    1.6545813083648682,
    0,
    0.01284414529800415,
    0,
    0,
    2.2061083316802979,
    0.011250138282775879,
    0,
    0,
    0,
    -0.9999997615814209,
    -0.00099999981466680765,
    0,
    0,
    -1,
    0
  ],
  "averageVelocity" : 0.95225292444229126,
  "frame_index" : 237,
  "motionQuality" : 0.72792774438858032,
  "cameraGrain" : 0,
  "averageAngularVelocity" : 0.14718995988368988,
  "time" : 104178.44160670835
}