{
  "intrinsics" : [
    1574.388916015625,
    0,
    947.2320556640625,
    0,
    1574.388916015625,
    727.5615234375,
    0,
    0,
    1
  ],
  "cameraPoseARFrame" : [
    0.069513648748397827,
    -0.25368162989616394,
    0.96478664875030518,
    -0.74047392606735229,
    -0.012911525554955006,
    0.96681630611419678,
    0.25514557957649231,
    0.21309925615787506,
    -0.99749737977981567,
    -0.030192971229553223,
    0.06393151730298996,
    -24.638059616088867,
    0,
    0,
    0,
    0.99999982118606567
  ],
  "exposureDuration" : 0.01666666753590107,
  "projectionMatrix" : [
    1.6399884223937988,
    0,
    0.012779116630554199,
    0,
    0,
    2.1866512298583984,
    0.011196553707122803,
    0,
    0,
    0,
    -0.9999997615814209,
    -0.00099999981466680765,
    0,
    0,
    -1,
    0
  ],
  "averageVelocity" : 0.95264500379562378,
  "frame_index" : 174,
  "motionQuality" : 0.72781574726104736,
  "cameraGrain" : 0,
  "averageAngularVelocity" : 0.12746642529964447,
  "time" : 104167.5226679167
}