{
  "exposureDuration" : 0.01666666753590107,
  "averageAngularVelocity" : 0.11600746214389801,
  "frame_index" : 299,
  "time" : 104189.41549304168,
  "intrinsics" : [
    1601.9552001953125,
    0,
    947.1873779296875,
    0,
    1601.9552001953125,
    727.57904052734375,
    0,
    0,
    1
  ],
  "averageVelocity" : 1.0028859376907349,
  "projectionMatrix" : [
    1.6687033176422119,
    0,
    0.012825667858123779,
    0,
    0,
    2.2249376773834229,
    0.011220872402191162,
    0,
    0,
    0,
    -0.9999997615814209,
    -0.00099999981466680765,
    0,
    0,
    -1,
    0
  ],
  "cameraGrain" : 0,
  "motionQuality" : 0.71346116065979004,
  "cameraPoseARFrame" : [
    -0.99980711936950684,
    -0.019611813127994537,
    0.00099025783129036427,
    -16.691841125488281,
    -0.01836741529405117,
    0.9518236517906189,
    0.30609506368637085,
    0.18176710605621338,
    -0.0069456337951123714,
    0.30601784586906433,
    -0.95200031995773315,
    -19.754032135009766,
    0,
    0,
    0,
    0.99999994039535522
  ]
}