{
  "averageAngularVelocity" : 0.24329084157943726,
  "time" : 104154.51501487503,
  "cameraGrain" : 0,
  "frame_index" : 99,
  "projectionMatrix" : [
    1.6498739719390869,
    0,
    0.012790024280548096,
    0,
    0,
    2.1998319625854492,
    0.0112190842628479,
    0,
    0,
    0,
    -0.9999997615814209,
    -0.00099999981466680765,
    0,
    0,
    -1,
    0
  ],
  "motionQuality" : 0.7392231822013855,
  "averageVelocity" : 0.91271883249282837,
  "cameraPoseARFrame" : [
    0.9996870756149292,
    0.019837725907564163,
    -0.015234306454658508,
    0.17103247344493866,
    -0.014403644949197769,
    0.9545256495475769,
    0.29778045415878296,
    0.18210576474666595,
    0.020448826253414154,
    -0.29746785759925842,
    0.95451271533966064,
    -13.548336982727051,
    0,
    0,
    0,
    0.99999988079071045
  ],
  "intrinsics" : [
    1583.8790283203125,
    0,
    947.2215576171875,
    0,
    1583.8790283203125,
    727.5777587890625,
    0,
    0,
    1
  ],
  "exposureDuration" : 0.01666666753590107
}