{
  "averageAngularVelocity" : 0.22611486911773682,
  "time" : 104162.31947033336,
  "cameraGrain" : 0,
  "frame_index" : 144,
  "projectionMatrix" : [
    1.6607009172439575,
    0,
    0.012792646884918213,
    0,
    0,
    2.2142677307128906,
    0.011200785636901855,
    0,
    0,
    0,
    -0.9999997615814209,
    -0.00099999981466680765,
    0,
    0,
    -1,
    0
  ],
  "motionQuality" : 0.7029607892036438,
  "averageVelocity" : 1.0396372079849243,
  "cameraPoseARFrame" : [
    0.99896997213363647,
    0.032349675893783569,
    -0.031818326562643051,
    0.36704018712043762,
    -0.022748060524463654,
    0.96379101276397705,
    0.26568636298179626,
    0.205436110496521,
    0.039261095225811005,
    -0.26468893885612488,
    0.96353417634963989,
    -20.650503158569336,
    0,
    0,
    0,
    0.99999994039535522
  ],
  "intrinsics" : [
    1594.2728271484375,
    0,
    947.21905517578125,
    0,
    1594.2728271484375,
    727.5645751953125,
    0,
    0,
    1
  ],
  "exposureDuration" : 0.01666666753590107
}