{
  "intrinsics" : [
    1581.6195068359375,
    0,
    947.31573486328125,
    0,
    1581.6195068359375,
    727.551513671875,
    0,
    0,
    1
  ],
  "averageAngularVelocity" : 0.16414915025234222,
  "projectionMatrix" : [
    1.6475203037261963,
    0,
    0.012691915035247803,
    0,
    0,
    2.1966936588287354,
    0.011182665824890137,
    0,
    0,
    0,
    -0.9999997615814209,
    -0.00099999981466680765,
    0,
    0,
    -1,
    0
  ],
  "cameraGrain" : 0,
  "motionQuality" : 0.75990307331085205,
  "averageVelocity" : 0.84033936262130737,
  "frame_index" : 37,
  "cameraPoseARFrame" : [
    0.99575060606002808,
    0.017861850559711456,
    -0.090341299772262573,
    -0.07489420473575592,
    0.0020806526299566031,
    0.9763951301574707,
    0.2159813791513443,
    0.22428658604621887,
    0.092066645622253418,
    -0.21525156497955322,
    0.97220897674560547,
    -3.90657639503479,
    0,
    0,
    0,
    0.99999988079071045
  ],
  "exposureDuration" : 0.01666666753590107,
  "time" : 104143.80872287502
}