{
  "intrinsics" : [
    1605.5704345703125,
    0,
    947.06488037109375,
    0,
    1605.5704345703125,
    727.6119384765625,
    0,
    0,
    1
  ],
  "cameraGrain" : 0,
  "frame_index" : 291,
  "projectionMatrix" : [
    1.6724692583084106,
    0,
    0.012953221797943115,
    0,
    0,
    2.2299590110778809,
    0.011266589164733887,
    0,
    0,
    0,
    -0.9999997615814209,
    -0.00099999981466680765,
    0,
    0,
    -1,
    0
  ],
  "cameraPoseARFrame" : [
    -0.99867784976959229,
    -0.051284711807966232,
    -0.0034894940908998251,
    -16.67167854309082,
    -0.048779204487800598,
    0.92409777641296387,
    0.3790300190448761,
    0.19240003824234009,
    -0.01621379517018795,
    0.37869915366172791,
    -0.92537772655487061,
    -21.149028778076172,
    0,
    0,
    0,
    0.99999988079071045
  ],
  "motionQuality" : 0.75490927696228027,
  "exposureDuration" : 0.01666666753590107,
  "averageAngularVelocity" : 0.17010530829429626,
  "time" : 104187.94778341669,
  "averageVelocity" : 0.85781764984130859
}