{
  "averageVelocity" : 0.9612542986869812,
  "projectionMatrix" : [
    1.6621130704879761,
    0,
    0.012758910655975342,
    0,
    0,
    2.2161507606506348,
    0.011200606822967529,
    0,
    0,
    0,
    -0.9999997615814209,
    -0.00099999981466680765,
    0,
    0,
    -1,
    0
  ],
  "motionQuality" : 0.72535592317581177,
  "time" : 104203.52357745836,
  "frame_index" : 380,
  "averageAngularVelocity" : 0.22246555984020233,
  "intrinsics" : [
    1595.6285400390625,
    0,
    947.25146484375,
    0,
    1595.6285400390625,
    727.564453125,
    0,
    0,
    1
  ],
  "cameraPoseARFrame" : [
    -0.99990952014923096,
    -0.011688506230711937,
    0.0066475821658968925,
    -16.464103698730469,
    -0.0095770508050918579,
    0.96607059240341187,
    0.25810012221336365,
    0.23232358694076538,
    -0.0094388313591480255,
    0.25801312923431396,
    -0.9660952091217041,
    -5.9910335540771484,
    0,
    0,
    0,
    0.99999988079071045
  ],
  "cameraGrain" : 0,
  "exposureDuration" : 0.01666666753590107
}