{
  "intrinsics" : [
    1589.7537841796875,
    0,
    947.193115234375,
    0,
    1589.7537841796875,
    727.56732177734375,
    0,
    0,
    1
  ],
  "cameraGrain" : 0,
  "frame_index" : 220,
  "cameraPoseARFrame" : [
    0.035065043717622757,
    -0.27170103788375854,
    0.96174263954162598,
    -8.4555501937866211,
    -0.027603687718510628,
    0.96170389652252197,
    0.27269652485847473,
    0.2433868944644928,
    -0.99900370836257935,
    -0.036109760403633118,
    0.026222236454486847,
    -24.745206832885742,
    0,
    0,
    0,
    0.99999994039535522
  ],
  "projectionMatrix" : [
    1.6559935808181763,
    0,
    0.012819647789001465,
    0,
    0,
    2.207991361618042,
    0.01120460033416748,
    0,
    0,
    0,
    -0.9999997615814209,
    -0.00099999981466680765,
    0,
    0,
    -1,
    0
  ],
  "motionQuality" : 0.72531747817993164,
  "exposureDuration" : 0.01666666753590107,
  "averageAngularVelocity" : 0.17824728786945343,
  "time" : 104175.53982979168,
  "averageVelocity" : 0.96138888597488403
}