{
  "averageVelocity" : 0.0056979572400450706,
  "motionQuality" : 0.98843735456466675,
  "intrinsics" : [
    1590.2056884765625,
    0,
    947.3099365234375,
    0,
    1590.2056884765625,
    727.55169677734375,
    0,
    0,
    1
  ],
  "time" : 104137.77173045835,
  "frame_index" : 2,
  "projectionMatrix" : [
    1.6564642190933228,
    0,
    0.012697994709014893,
    0,
    0,
    2.2086191177368164,
    0.011182904243469238,
    0,
    0,
    0,
    -0.9999997615814209,
    -0.00099999981466680765,
    0,
    0,
    -1,
    0
  ],
  "averageAngularVelocity" : 0.040469184517860413,
  "exposureDuration" : 0.01666666753590107,
  "cameraGrain" : 0,
  "cameraPoseARFrame" : [
    0.99925154447555542,
    0.0097819231450557709,
    -0.037424340844154358,
    -0.18257156014442444,
    -0.0015396308153867722,
    0.97678804397583008,
    0.21420243382453918,
    0.25761890411376953,
    0.038650963455438614,
    -0.21398453414440155,
    0.97607207298278809,
    0.0011905953288078308,
    0,
    0,
    0,
    0.99999994039535522
  ]
}