{
  "averageAngularVelocity" : 0.39999398589134216,
  "time" : 104163.05337220835,
  "cameraGrain" : 0,
  "frame_index" : 148,
  "motionQuality" : 0.69576805830001831,
  "projectionMatrix" : [
    1.642812967300415,
    0,
    0.012797653675079346,
    0,
    0,
    2.1904172897338867,
    0.011240124702453613,
    0,
    0,
    0,
    -0.9999997615814209,
    -0.00099999981466680765,
    0,
    0,
    -1,
    0
  ],
  "averageVelocity" : 1.0648118257522583,
  "cameraPoseARFrame" : [
    0.99830055236816406,
    0.0280633345246315,
    -0.051072888076305389,
    0.38035905361175537,
    -0.0095163872465491295,
    0.94315165281295776,
    0.33222633600234985,
    0.19913275539875031,
    0.057492863386869431,
    -0.33117577433586121,
    0.94181585311889648,
    -21.382335662841797,
    0,
    0,
    0,
    0.99999994039535522
  ],
  "intrinsics" : [
    1577.1004638671875,
    0,
    947.2142333984375,
    0,
    1577.1004638671875,
    727.5928955078125,
    0,
    0,
    1
  ],
  "exposureDuration" : 0.01666666753590107
}