{
  "intrinsics" : [
    1593.8209228515625,
    0,
    947.27178955078125,
    0,
    1593.8209228515625,
    727.57794189453125,
    0,
    0,
    1
  ],
  "averageAngularVelocity" : 0.09292186051607132,
  "projectionMatrix" : [
    1.6602301597595215,
    0,
    0.012737691402435303,
    0,
    0,
    2.2136402130126953,
    0.011219382286071777,
    0,
    0,
    0,
    -0.9999997615814209,
    -0.00099999981466680765,
    0,
    0,
    -1,
    0
  ],
  "cameraGrain" : 0,
  "motionQuality" : 0.70440948009490967,
  "averageVelocity" : 1.0345668792724609,
  "cameraPoseARFrame" : [
    -0.99993789196014404,
    0.0094392858445644379,
    -0.005913053173571825,
    -16.523782730102539,
    0.0073178717866539955,
    0.95695787668228149,
    0.29013419151306152,
    0.2230050265789032,
    0.0083972010761499405,
    0.29007294774055481,
    -0.95696759223937988,
    -10.266803741455078,
    0,
    0,
    0,
    0.99999994039535522
  ],
  "frame_index" : 355,
  "exposureDuration" : 0.01666666753590107,
  "time" : 104199.15684337502
}