{
  "intrinsics" : [
    1578.907958984375,
    0,
    947.2789306640625,
    0,
    1578.907958984375,
    727.5400390625,
    0,
    0,
    1
  ],
  "averageAngularVelocity" : 0.11999727785587311,
  "projectionMatrix" : [
    1.6446957588195801,
    0,
    0.012730300426483154,
    0,
    0,
    2.1929278373718262,
    0.011166691780090332,
    0,
    0,
    0,
    -0.9999997615814209,
    -0.00099999981466680765,
    0,
    0,
    -1,
    0
  ],
  "cameraGrain" : 0,
  "motionQuality" : 0.96040081977844238,
  "averageVelocity" : 0.13859722018241882,
  "frame_index" : 7,
  "cameraPoseARFrame" : [
    0.99834686517715454,
    0.030258402228355408,
    -0.048866979777812958,
    -0.19913940131664276,
    -0.020839029923081398,
    0.98291414976119995,
    0.18288075923919678,
    0.26952558755874634,
    0.053565733134746552,
    -0.18156008422374725,
    0.98191982507705688,
    -0.024101436138153076,
    0,
    0,
    0,
    0.99999994039535522
  ],
  "exposureDuration" : 0.01666666753590107,
  "time" : 104138.6391885417
}