{
  "intrinsics" : [
    1616.8680419921875,
    0,
    947.146240234375,
    0,
    1616.8680419921875,
    727.5877685546875,
    0,
    0,
    1
  ],
  "cameraGrain" : 0,
  "frame_index" : 281,
  "cameraPoseARFrame" : [
    -0.99950200319290161,
    -0.030924638733267784,
    0.0062670535407960415,
    -16.706972122192383,
    -0.02714967168867588,
    0.94408309459686279,
    0.32858759164810181,
    0.23715704679489136,
    -0.01607806608080864,
    0.32825389504432678,
    -0.94445258378982544,
    -22.634626388549805,
    0,
    0,
    0,
    0.99999994039535522
  ],
  "projectionMatrix" : [
    1.6842375993728638,
    0,
    0.012868523597717285,
    0,
    0,
    2.245650053024292,
    0.011233031749725342,
    0,
    0,
    0,
    -0.9999997615814209,
    -0.00099999981466680765,
    0,
    0,
    -1,
    0
  ],
  "motionQuality" : 0.75988292694091797,
  "exposureDuration" : 0.01666666753590107,
  "averageAngularVelocity" : 0.16933543980121613,
  "time" : 104186.28142033335,
  "averageVelocity" : 0.84040987491607666
}