{
  "averageVelocity" : 0.86635410785675049,
  "motionQuality" : 0.75247025489807129,
  "intrinsics" : [
    1596.5323486328125,
    0,
    947.2296142578125,
    0,
    1596.5323486328125,
    727.55755615234375,
    0,
    0,
    1
  ],
  "time" : 104147.44410104169,
  "frame_index" : 58,
  "projectionMatrix" : [
    1.6630545854568481,
    0,
    0.012781679630279541,
    0,
    0,
    2.2174060344696045,
    0.011191070079803467,
    0,
    0,
    0,
    -0.9999997615814209,
    -0.00099999981466680765,
    0,
    0,
    -1,
    0
  ],
  "averageAngularVelocity" : 0.19109542667865753,
  "exposureDuration" : 0.01666666753590107,
  "cameraGrain" : 0,
  "cameraPoseARFrame" : [
    0.99938565492630005,
    0.028870360925793648,
    -0.019869022071361542,
    0.011460494250059128,
    -0.023073483258485794,
    0.96873188018798828,
    0.24703444540500641,
    0.2042081356048584,
    0.026379730552434921,
    -0.24642424285411835,
    0.96880292892456055,
    -7.1160187721252441,
    0,
    0,
    0,
    0.99999994039535522
  ]
}