{
  "averageAngularVelocity" : 0.12361890822649002,
  "time" : 104158.61751608335,
  "cameraGrain" : 0,
  "frame_index" : 122,
  "motionQuality" : 0.74361824989318848,
  "projectionMatrix" : [
    1.6414008140563965,
    0,
    0.01277536153793335,
    0,
    0,
    2.1885342597961426,
    0.011237561702728271,
    0,
    0,
    0,
    -0.9999997615814209,
    -0.00099999981466680765,
    0,
    0,
    -1,
    0
  ],
  "averageVelocity" : 0.89733624458312988,
  "cameraPoseARFrame" : [
    0.99984097480773926,
    0.010162089020013809,
    -0.014650061726570129,
    0.3374159038066864,
    -0.0048971651121973991,
    0.94659507274627686,
    0.32238724827766418,
    0.18870030343532562,
    0.017143808305263519,
    -0.32226431369781494,
    0.94649440050125122,
    -17.149215698242188,
    0,
    0,
    0,
    0.99999988079071045
  ],
  "intrinsics" : [
    1575.7447509765625,
    0,
    947.23565673828125,
    0,
    1575.7447509765625,
    727.591064453125,
    0,
    0,
    1
  ],
  "exposureDuration" : 0.01666666753590107
}