{
  "intrinsics" : [
    1587.0423583984375,
    0,
    947.227294921875,
    0,
    1587.0423583984375,
    727.583740234375,
    0,
    0,
    1
  ],
  "cameraGrain" : 0,
  "frame_index" : 276,
  "projectionMatrix" : [
    1.6531691551208496,
    0,
    0.012784063816070557,
    0,
    0,
    2.2042255401611328,
    0.011227428913116455,
    0,
    0,
    0,
    -0.9999997615814209,
    -0.00099999981466680765,
    0,
    0,
    -1,
    0
  ],
  "cameraPoseARFrame" : [
    -0.99701708555221558,
    -0.0245025884360075,
    0.073189139366149902,
    -16.691762924194336,
    -0.00042901400593109429,
    0.95001429319381714,
    0.31220582127571106,
    0.20795378088951111,
    -0.077180594205856323,
    0.31124314665794373,
    -0.94719088077545166,
    -23.457355499267578,
    0,
    0,
    0,
    0.99999994039535522
  ],
  "motionQuality" : 0.74436330795288086,
  "exposureDuration" : 0.01666666753590107,
  "averageAngularVelocity" : 0.34214946627616882,
  "time" : 104185.34570812502,
  "averageVelocity" : 0.89472854137420654
}