{
  "averageAngularVelocity" : 0.37475210428237915,
  "time" : 104161.78763933336,
  "cameraGrain" : 0,
  "frame_index" : 141,
  "motionQuality" : 0.70499533414840698,
  "projectionMatrix" : [
    1.6762350797653198,
    0,
    0.012768208980560303,
    0,
    0,
    2.2349801063537598,
    0.011213779449462891,
    0,
    0,
    0,
    -0.9999997615814209,
    -0.00099999981466680765,
    0,
    0,
    -1,
    0
  ],
  "averageVelocity" : 1.0325163602828979,
  "cameraPoseARFrame" : [
    0.99769711494445801,
    0.027086291462182999,
    -0.062182683497667313,
    0.31413733959197998,
    -0.0081557566300034523,
    0.95805573463439941,
    0.28646561503410339,
    0.22005990147590637,
    0.067333772778511047,
    -0.28529882431030273,
    0.95607036352157593,
    -20.137004852294922,
    0,
    0,
    0,
    0.99999994039535522
  ],
  "intrinsics" : [
    1609.1856689453125,
    0,
    947.24249267578125,
    0,
    1609.1856689453125,
    727.57391357421875,
    0,
    0,
    1
  ],
  "exposureDuration" : 0.01666666753590107
}