{
  "cameraPoseARFrame" : [
    -0.99919050931930542,
    -0.023001363500952721,
    0.033002734184265137,
    -16.493927001953125,
    -0.012670754455029964,
    0.9585985541343689,
    0.28447872400283813,
    0.23357513546943665,
    -0.038179781287908554,
    0.28383028507232666,
    -0.95811408758163452,
    -12.353843688964844,
    0,
    0,
    0,
    0.99999994039535522
  ],
  "projectionMatrix" : [
    1.6569349765777588,
    0,
    0.012790858745574951,
    0,
    0,
    2.2092466354370117,
    0.011212646961212158,
    0,
    0,
    0,
    -0.9999997615814209,
    -0.00099999981466680765,
    0,
    0,
    -1,
    0
  ],
  "intrinsics" : [
    1590.6575927734375,
    0,
    947.22076416015625,
    0,
    1590.6575927734375,
    727.5731201171875,
    0,
    0,
    1
  ],
  "frame_index" : 343,
  "cameraGrain" : 0,
  "exposureDuration" : 0.01666666753590107,
  "time" : 104197.05445395835,
  "motionQuality" : 0.71592229604721069,
  "averageVelocity" : 0.99427193403244019,
  "averageAngularVelocity" : 0.19524207711219788
}