{
  "exposureDuration" : 0.01666666753590107,
  "averageAngularVelocity" : 0.16821515560150146,
  "frame_index" : 12,
  "time" : 104139.43939716669,
  "intrinsics" : [
    1593.3690185546875,
    0,
    947.170654296875,
    0,
    1593.3690185546875,
    727.57525634765625,
    0,
    0,
    1
  ],
  "averageVelocity" : 0.67890578508377075,
  "projectionMatrix" : [
    1.6597594022750854,
    0,
    0.012843072414398193,
    0,
    0,
    2.2130124568939209,
    0.011215627193450928,
    0,
    0,
    0,
    -0.9999997615814209,
    -0.00099999981466680765,
    0,
    0,
    -1,
    0
  ],
  "cameraGrain" : 0,
  "motionQuality" : 0.80602693557739258,
  "cameraPoseARFrame" : [
    0.99887222051620483,
    0.044916111975908279,
    -0.015388806350529194,
    -0.063014432787895203,
    -0.038266509771347046,
    0.95346146821975708,
    0.29907628893852234,
    0.23497074842453003,
    0.028105989098548889,
    -0.29815015196800232,
    0.95410501956939697,
    -0.43701708316802979,
    0,
    0,
    0,
    0.99999994039535522
  ]
}