{
  "cameraPoseARFrame" : [
    -0.99998277425765991,
    -0.0030365241691470146,
    -0.0050167795270681381,
    -16.521486282348633,
    -0.004286488052457571,
    0.96229845285415649,
    0.27196171879768372,
    0.2329649031162262,
    0.004001811146736145,
    0.27197852730751038,
    -0.96229493618011475,
    -12.814389228820801,
    0,
    0,
    0,
    0.99999994039535522
  ],
  "projectionMatrix" : [
    1.6705862283706665,
    0,
    0.012763261795043945,
    0,
    0,
    2.2274484634399414,
    0.011206984519958496,
    0,
    0,
    0,
    -0.9999997615814209,
    -0.00099999981466680765,
    0,
    0,
    -1,
    0
  ],
  "intrinsics" : [
    1603.7628173828125,
    0,
    947.24725341796875,
    0,
    1603.7628173828125,
    727.56903076171875,
    0,
    0,
    1
  ],
  "frame_index" : 340,
  "cameraGrain" : 0,
  "exposureDuration" : 0.01666666753590107,
  "time" : 104196.58752233336,
  "motionQuality" : 0.72761750221252441,
  "averageVelocity" : 0.9533388614654541,
  "averageAngularVelocity" : 0.13829554617404938
}