{
  "intrinsics" : [
    1574.8409423828125,
    0,
    947.29718017578125,
    0,
    1574.8409423828125,
    727.5511474609375,
    0,
    0,
    1
  ],
  "cameraPoseARFrame" : [
    0.032131783664226532,
    -0.21886514127254486,
    0.97522586584091187,
    -0.94730418920516968,
    0.0050681731663644314,
    0.97575277090072632,
    0.21881638467311859,
    0.21035626530647278,
    -0.99947065114974976,
    -0.0020883469842374325,
    0.032461930066347122,
    -24.718502044677734,
    0,
    0,
    0,
    0.99999988079071045
  ],
  "exposureDuration" : 0.01666666753590107,
  "projectionMatrix" : [
    1.6404592990875244,
    0,
    0.012711286544799805,
    0,
    0,
    2.1872789859771729,
    0.011182129383087158,
    0,
    0,
    0,
    -0.9999997615814209,
    -0.00099999981466680765,
    0,
    0,
    -1,
    0
  ],
  "averageVelocity" : 0.9938056468963623,
  "frame_index" : 175,
  "motionQuality" : 0.71605551242828369,
  "cameraGrain" : 0,
  "averageAngularVelocity" : 0.27044522762298584,
  "time" : 104167.75631970835
}