{
  "intrinsics" : [
    1578.4560546875,
    0,
    947.1392822265625,
    0,
    1578.4560546875,
    727.59283447265625,
    0,
    0,
    1
  ],
  "averageAngularVelocity" : 0.070684358477592468,
  "projectionMatrix" : [
    1.644225001335144,
    0,
    0.012875735759735107,
    0,
    0,
    2.1923000812530518,
    0.011240065097808838,
    0,
    0,
    0,
    -0.9999997615814209,
    -0.00099999981466680765,
    0,
    0,
    -1,
    0
  ],
  "cameraGrain" : 0,
  "motionQuality" : 0.75927889347076416,
  "averageVelocity" : 0.84252399206161499,
  "frame_index" : 110,
  "cameraPoseARFrame" : [
    0.99790853261947632,
    0.055110372602939606,
    -0.033782150596380234,
    0.22958850860595703,
    -0.040642842650413513,
    0.9413224458694458,
    0.33505231142044067,
    0.18707899749279022,
    0.050264757126569748,
    -0.33297860622406006,
    0.94159364700317383,
    -15.332531929016113,
    0,
    0,
    0,
    0.99999994039535522
  ],
  "exposureDuration" : 0.01666666753590107,
  "time" : 104156.51807900002
}