{
  "cameraPoseARFrame" : [
    0.99993008375167847,
    0.0044457507319748402,
    0.010947004891932011,
    0.33782806992530823,
    -0.0070908255875110626,
    0.96690994501113892,
    0.25501862168312073,
    0.24986462295055389,
    -0.0094510084018111229,
    -0.25507846474647522,
    0.96687394380569458,
    -19.632177352905273,
    0,
    0,
    0,
    0.99999982118606567
  ],
  "intrinsics" : [
    1596.0804443359375,
    0,
    947.26190185546875,
    0,
    1596.0804443359375,
    727.5635986328125,
    0,
    0,
    1
  ],
  "exposureDuration" : 0.01666666753590107,
  "projectionMatrix" : [
    1.6625838279724121,
    0,
    0.012748003005981445,
    0,
    0,
    2.2167782783508301,
    0.011199414730072021,
    0,
    0,
    0,
    -0.9999997615814209,
    -0.00099999981466680765,
    0,
    0,
    -1,
    0
  ],
  "averageVelocity" : 0.94696182012557983,
  "frame_index" : 138,
  "motionQuality" : 0.72943949699401855,
  "cameraGrain" : 0,
  "averageAngularVelocity" : 0.059135798364877701,
  "time" : 104161.2855296667
}