{
  "cameraPoseARFrame" : [
    -0.99736213684082031,
    -0.059424366801977158,
    0.041683439165353775,
    -16.478693008422852,
    -0.043051242828369141,
    0.94662940502166748,
    0.31943562626838684,
    0.22225406765937805,
    -0.058441042900085449,
    0.31679850816726685,
    -0.94669067859649658,
    -9.4898996353149414,
    0,
    0,
    0,
    0.99999994039535522
  ],
  "frame_index" : 359,
  "projectionMatrix" : [
    1.6597594022750854,
    0,
    0.012892484664916992,
    0,
    0,
    2.2130124568939209,
    0.011230409145355225,
    0,
    0,
    0,
    -0.9999997615814209,
    -0.00099999981466680765,
    0,
    0,
    -1,
    0
  ],
  "cameraGrain" : 0,
  "exposureDuration" : 0.01666666753590107,
  "time" : 104199.95443345836,
  "intrinsics" : [
    1593.3690185546875,
    0,
    947.12322998046875,
    0,
    1593.3690185546875,
    727.58587646484375,
    0,
    0,
    1
  ],
  "averageAngularVelocity" : 0.076148651540279388,
  "averageVelocity" : 0.94947308301925659,
  "motionQuality" : 0.7287219762802124
}