{
  "intrinsics" : [
    1596.0804443359375,
    0,
    947.25506591796875,
    0,
    1596.0804443359375,
    727.5628662109375,
    0,
    0,
    1
  ],
  "averageAngularVelocity" : 0.14639806747436523,
  "projectionMatrix" : [
    1.6625838279724121,
    0,
    0.012755155563354492,
    0,
    0,
    2.2167782783508301,
    0.01119840145111084,
    0,
    0,
    0,
    -0.9999997615814209,
    -0.00099999981466680765,
    0,
    0,
    -1,
    0
  ],
  "cameraGrain" : 0,
  "motionQuality" : 0.72458076477050781,
  "averageVelocity" : 0.96396720409393311,
  "frame_index" : 137,
  "cameraPoseARFrame" : [
    0.99989074468612671,
    0.0071980850771069527,
    0.012902654707431793,
    0.34153574705123901,
    -0.010242345742881298,
    0.96709448099136353,
    0.25421109795570374,
    0.25848472118377686,
    -0.010648263618350029,
    -0.25431549549102783,
    0.96706265211105347,
    -19.538139343261719,
    0,
    0,
    0,
    1
  ],
  "exposureDuration" : 0.01666666753590107,
  "time" : 104161.18553037502
}