{
  "time" : 104209.89356037503,
  "intrinsics" : [
    1601.5032958984375,
    0,
    947.16265869140625,
    0,
    1601.5032958984375,
    727.5860595703125,
    0,
    0,
    1
  ],
  "cameraPoseARFrame" : [
    -0.99949163198471069,
    -0.025726865977048874,
    -0.018829938024282455,
    -16.405967712402344,
    -0.030395446345210075,
    0.94716674089431763,
    0.31929773092269897,
    0.24497488141059875,
    0.0096205621957778931,
    0.31970778107643127,
    -0.94746720790863037,
    0.27010011672973633,
    0,
    0,
    0,
    0.99999988079071045
  ],
  "projectionMatrix" : [
    1.6682325601577759,
    0,
    0.012851417064666748,
    0,
    0,
    2.2243101596832275,
    0.011230647563934326,
    0,
    0,
    0,
    -0.9999997615814209,
    -0.00099999981466680765,
    0,
    0,
    -1,
    0
  ],
  "frame_index" : 417,
  "motionQuality" : 0.72676461935043335,
  "averageAngularVelocity" : 0.14457808434963226,
  "averageVelocity" : 0.95632386207580566,
  "exposureDuration" : 0.01666666753590107,
  "cameraGrain" : 0
}