{
  "averageAngularVelocity" : 0.2289157509803772,
  "time" : 104162.81983220836,
  "cameraGrain" : 0,
  "frame_index" : 147,
  "motionQuality" : 0.70450282096862793,
  "projectionMatrix" : [
    1.6743521690368652,
    0,
    0.012781798839569092,
    0,
    0,
    2.2324695587158203,
    0.011227190494537354,
    0,
    0,
    0,
    -0.9999997615814209,
    -0.00099999981466680765,
    0,
    0,
    -1,
    0
  ],
  "averageVelocity" : 1.0342401266098022,
  "cameraPoseARFrame" : [
    0.9995151162147522,
    0.017754502594470978,
    -0.025579569861292839,
    0.38336029648780823,
    -0.0089906416833400726,
    0.9510764479637146,
    0.30882483720779419,
    0.19318762421607971,
    0.029811156913638115,
    -0.30844512581825256,
    0.95077496767044067,
    -21.143238067626953,
    0,
    0,
    0,
    1
  ],
  "intrinsics" : [
    1607.3780517578125,
    0,
    947.2294921875,
    0,
    1607.3780517578125,
    727.58355712890625,
    0,
    0,
    1
  ],
  "exposureDuration" : 0.01666666753590107
}