{
  "intrinsics" : [
    1587.494140625,
    0,
    947.1824951171875,
    0,
    1587.494140625,
    727.5863037109375,
    0,
    0,
    1
  ],
  "averageAngularVelocity" : 0.062471717596054077,
  "projectionMatrix" : [
    1.6536396741867065,
    0,
    0.012830734252929688,
    0,
    0,
    2.2048530578613281,
    0.011231005191802979,
    0,
    0,
    0,
    -0.9999997615814209,
    -0.00099999981466680765,
    0,
    0,
    -1,
    0
  ],
  "cameraGrain" : 0,
  "motionQuality" : 0.74223768711090088,
  "averageVelocity" : 0.9021681547164917,
  "frame_index" : 72,
  "cameraPoseARFrame" : [
    0.99888789653778076,
    0.038623422384262085,
    -0.02704009972512722,
    0.013764031231403351,
    -0.027863984927535057,
    0.9462398886680603,
    0.32226300239562988,
    0.18705290555953979,
    0.038033336400985718,
    -0.32115122675895691,
    0.94626384973526001,
    -9.3408422470092773,
    0,
    0,
    0,
    0.99999988079071045
  ],
  "exposureDuration" : 0.01666666753590107,
  "time" : 104149.84543491669
}