{
  "time" : 104170.53699679169,
  "exposureDuration" : 0.01666666753590107,
  "cameraPoseARFrame" : [
    0.020752424374222755,
    -0.27327406406402588,
    0.96171224117279053,
    -3.5183405876159668,
    -0.029913762584328651,
    0.9613189697265625,
    0.27380785346031189,
    0.22519314289093018,
    -0.99933701753616333,
    -0.034450609236955643,
    0.011775053106248379,
    -24.680671691894531,
    0,
    0,
    0,
    0.99999994039535522
  ],
  "intrinsics" : [
    1587.494140625,
    0,
    947.17193603515625,
    0,
    1587.494140625,
    727.566162109375,
    0,
    0,
    1
  ],
  "projectionMatrix" : [
    1.6536396741867065,
    0,
    0.012841761112213135,
    0,
    0,
    2.2048530578613281,
    0.011202991008758545,
    0,
    0,
    0,
    -0.9999997615814209,
    -0.00099999981466680765,
    0,
    0,
    -1,
    0
  ],
  "averageAngularVelocity" : 0.26920080184936523,
  "motionQuality" : 0.73741292953491211,
  "cameraGrain" : 0,
  "averageVelocity" : 0.91905480623245239,
  "frame_index" : 191
}