{
  "intrinsics" : [
    1589.3018798828125,
    0,
    947.18890380859375,
    0,
    1589.3018798828125,
    727.60919189453125,
    0,
    0,
    1
  ],
  "projectionMatrix" : [
    1.6555228233337402,
    0,
    0.012824058532714844,
    0,
    0,
    2.2073636054992676,
    0.011262774467468262,
    0,
    0,
    0,
    -0.9999997615814209,
    -0.00099999981466680765,
    0,
    0,
    -1,
    0
  ],
  "averageAngularVelocity" : 0.6038362979888916,
  "frame_index" : 261,
  "time" : 104182.71088945835,
  "averageVelocity" : 0.89129996299743652,
  "exposureDuration" : 0.01666666753590107,
  "cameraGrain" : 0,
  "motionQuality" : 0.74534285068511963,
  "cameraPoseARFrame" : [
    -0.68431341648101807,
    -0.27107393741607666,
    0.676929771900177,
    -15.167176246643066,
    -0.0095268618315458298,
    0.93157821893692017,
    0.36341610550880432,
    0.16865953803062439,
    -0.72912567853927612,
    0.24224153161048889,
    -0.64007389545440674,
    -24.949542999267578,
    0,
    0,
    0,
    0.99999994039535522
  ]
}