{
  "intrinsics" : [
    1595.6285400390625,
    0,
    947.263916015625,
    0,
    1595.6285400390625,
    727.553955078125,
    0,
    0,
    1
  ],
  "cameraGrain" : 0,
  "frame_index" : 209,
  "cameraPoseARFrame" : [
    -0.019712671637535095,
    -0.23001132905483246,
    0.97298818826675415,
    -6.6212782859802246,
    -0.006926313042640686,
    0.97318536043167114,
    0.22991760075092316,
    0.25843274593353271,
    -0.99978166818618774,
    -0.0022069285623729229,
    -0.020777229219675064,
    -24.705881118774414,
    0,
    0,
    0,
    0.99999994039535522
  ],
  "projectionMatrix" : [
    1.6621130704879761,
    0,
    0.012745916843414307,
    0,
    0,
    2.2161507606506348,
    0.011186063289642334,
    0,
    0,
    0,
    -0.9999997615814209,
    -0.00099999981466680765,
    0,
    0,
    -1,
    0
  ],
  "motionQuality" : 0.7086108922958374,
  "exposureDuration" : 0.01666666753590107,
  "averageAngularVelocity" : 0.11172845959663391,
  "time" : 104173.67393729169,
  "averageVelocity" : 1.0198619365692139
}