{
  "cameraPoseARFrame" : [
    -0.99983006715774536,
    -0.010270111262798309,
    0.015304393135011196,
    -16.532564163208008,
    -0.0059204665012657642,
    0.9653199315071106,
    0.26100227236747742,
    0.24517497420310974,
    -0.017454162240028381,
    0.26086732745170593,
    -0.96521675586700439,
    -11.521875381469727,
    0,
    0,
    0,
    0.99999988079071045
  ],
  "projectionMatrix" : [
    1.6574057340621948,
    0,
    0.012760341167449951,
    0,
    0,
    2.2098743915557861,
    0.011202216148376465,
    0,
    0,
    0,
    -0.9999997615814209,
    -0.00099999981466680765,
    0,
    0,
    -1,
    0
  ],
  "intrinsics" : [
    1591.1094970703125,
    0,
    947.25006103515625,
    0,
    1591.1094970703125,
    727.56561279296875,
    0,
    0,
    1
  ],
  "frame_index" : 348,
  "cameraGrain" : 0,
  "exposureDuration" : 0.01666666753590107,
  "motionQuality" : 0.73278552293777466,
  "time" : 104197.88823720836,
  "averageVelocity" : 0.93525069952011108,
  "averageAngularVelocity" : 0.14855751395225525
}