{
  "exposureDuration" : 0.01666666753590107,
  "averageAngularVelocity" : 0.1418038010597229,
  "frame_index" : 48,
  "time" : 104145.64309950003,
  "intrinsics" : [
    1596.0804443359375,
    0,
    947.273193359375,
    0,
    1596.0804443359375,
    727.561767578125,
    0,
    0,
    1
  ],
  "averageVelocity" : 0.94152027368545532,
  "projectionMatrix" : [
    1.6625838279724121,
    0,
    0.012736260890960693,
    0,
    0,
    2.2167782783508301,
    0.011196911334991455,
    0,
    0,
    0,
    -0.9999997615814209,
    -0.00099999981466680765,
    0,
    0,
    -1,
    0
  ],
  "cameraGrain" : 0.007145363837480545,
  "motionQuality" : 0.73099422454833984,
  "cameraPoseARFrame" : [
    0.99977725744247437,
    0.0079907039180397987,
    -0.019529398530721664,
    -0.0093377716839313507,
    -0.002745708217844367,
    0.96691983938217163,
    0.25506532192230225,
    0.23720988631248474,
    0.020921513438224792,
    -0.25495493412017822,
    0.96672660112380981,
    -5.5137386322021484,
    0,
    0,
    0,
    0.99999994039535522
  ]
}