{
  "intrinsics" : [
    1587.9461669921875,
    0,
    947.16705322265625,
    0,
    1587.9461669921875,
    727.59136962890625,
    0,
    0,
    1
  ],
  "cameraGrain" : 0,
  "frame_index" : 295,
  "projectionMatrix" : [
    1.6541105508804321,
    0,
    0.012846827507019043,
    0,
    0,
    2.2054808139801025,
    0.011238038539886475,
    0,
    0,
    0,
    -0.9999997615814209,
    -0.00099999981466680765,
    0,
    0,
    -1,
    0
  ],
  "cameraPoseARFrame" : [
    -0.99934571981430054,
    -0.0063899699598550797,
    -0.035598769783973694,
    -16.674793243408203,
    -0.01795196533203125,
    0.94210052490234375,
    0.33484938740730286,
    0.17854532599449158,
    0.031397923827171326,
    0.33526936173439026,
    -0.94159889221191406,
    -20.431377410888672,
    0,
    0,
    0,
    0.99999994039535522
  ],
  "motionQuality" : 0.72944939136505127,
  "exposureDuration" : 0.01666666753590107,
  "averageAngularVelocity" : 0.14361502230167389,
  "time" : 104188.71457241669,
  "averageVelocity" : 0.94692713022232056
}