{
  "cameraPoseARFrame" : [
    -0.99660986661911011,
    -0.078394949436187744,
    0.02495824359357357,
    -16.354543685913086,
    -0.066135458648204803,
    0.9438289999961853,
    0.32374769449234009,
    0.23314774036407471,
    -0.048936508595943451,
    0.32099953293800354,
    -0.94581413269042969,
    1.0885828733444214,
    0,
    0,
    0,
    0.99999988079071045
  ],
  "averageVelocity" : 0.70849716663360596,
  "averageAngularVelocity" : 0.32875701785087585,
  "projectionMatrix" : [
    1.6555228233337402,
    0,
    0.01295095682144165,
    0,
    0,
    2.2073636054992676,
    0.011232316493988037,
    0,
    0,
    0,
    -0.9999997615814209,
    -0.00099999981466680765,
    0,
    0,
    -1,
    0
  ],
  "frame_index" : 422,
  "exposureDuration" : 0.01666666753590107,
  "motionQuality" : 0.79757225513458252,
  "cameraGrain" : 0,
  "time" : 104210.82923691669,
  "intrinsics" : [
    1589.3018798828125,
    0,
    947.06707763671875,
    0,
    1589.3018798828125,
    727.5872802734375,
    0,
    0,
    1
  ]
}