{
  "intrinsics" : [
    1589.7537841796875,
    0,
    947.2100830078125,
    0,
    1589.7537841796875,
    727.56805419921875,
    0,
    0,
    1
  ],
  "cameraGrain" : 0,
  "frame_index" : 213,
  "cameraPoseARFrame" : [
    0.042453944683074951,
    -0.27117037773132324,
    0.96159458160400391,
    -7.2228927612304688,
    -0.020566206425428391,
    0.9620211124420166,
    0.27219864726066589,
    0.25594881176948547,
    -0.99888664484024048,
    -0.031332258135080338,
    0.035264648497104645,
    -24.699129104614258,
    0,
    0,
    0,
    0.99999988079071045
  ],
  "projectionMatrix" : [
    1.6559935808181763,
    0,
    0.012802004814147949,
    0,
    0,
    2.207991361618042,
    0.011205613613128662,
    0,
    0,
    0,
    -0.9999997615814209,
    -0.00099999981466680765,
    0,
    0,
    -1,
    0
  ],
  "motionQuality" : 0.71917450428009033,
  "exposureDuration" : 0.01666666753590107,
  "averageAngularVelocity" : 0.062776371836662292,
  "time" : 104174.24089258336,
  "averageVelocity" : 0.98288929462432861
}