{
  "intrinsics" : [
    1593.8209228515625,
    0,
    947.23297119140625,
    0,
    1593.8209228515625,
    727.57257080078125,
    0,
    0,
    1
  ],
  "averageAngularVelocity" : 0.078748814761638641,
  "projectionMatrix" : [
    1.6602301597595215,
    0,
    0.012778162956237793,
    0,
    0,
    2.2136402130126953,
    0.011211931705474854,
    0,
    0,
    0,
    -0.9999997615814209,
    -0.00099999981466680765,
    0,
    0,
    -1,
    0
  ],
  "cameraGrain" : 0,
  "motionQuality" : 0.977500319480896,
  "averageVelocity" : 0.065245203673839569,
  "cameraPoseARFrame" : [
    -0.99961227178573608,
    -0.0045899613760411739,
    -0.027460694313049316,
    -16.345081329345703,
    -0.01188651192933321,
    0.96226662397384644,
    0.27184829115867615,
    0.256294846534729,
    0.025176748633384705,
    0.27206936478614807,
    -0.9619482159614563,
    1.9921985864639282,
    0,
    0,
    0,
    0.99999994039535522
  ],
  "frame_index" : 434,
  "exposureDuration" : 0.01666666753590107,
  "time" : 104212.93056791669
}