{
  "intrinsics" : [
    1578.4560546875,
    0,
    947.20928955078125,
    0,
    1578.4560546875,
    727.5721435546875,
    0,
    0,
    1
  ],
  "averageAngularVelocity" : 0.088141031563282013,
  "projectionMatrix" : [
    1.644225001335144,
    0,
    0.012802839279174805,
    0,
    0,
    2.1923000812530518,
    0.0112113356590271,
    0,
    0,
    0,
    -0.9999997615814209,
    -0.00099999981466680765,
    0,
    0,
    -1,
    0
  ],
  "cameraGrain" : 0,
  "motionQuality" : 0.77695715427398682,
  "averageVelocity" : 0.78064984083175659,
  "frame_index" : 27,
  "cameraPoseARFrame" : [
    0.99690651893615723,
    0.041251938790082932,
    -0.066899649798870087,
    -0.095900595188140869,
    -0.020212417468428612,
    0.9571194052696228,
    0.28898715972900391,
    0.20645257830619812,
    0.075952254235744476,
    -0.28674101829528809,
    0.95499247312545776,
    -2.4054861068725586,
    0,
    0,
    0,
    0.99999988079071045
  ],
  "exposureDuration" : 0.01666666753590107,
  "time" : 104142.04264058336
}