{
  "intrinsics" : [
    1587.494140625,
    0,
    947.2044677734375,
    0,
    1587.494140625,
    727.57525634765625,
    0,
    0,
    1
  ],
  "cameraPoseARFrame" : [
    0.0036877864040434361,
    -0.29278060793876648,
    0.95617246627807617,
    -1.8680672645568848,
    -0.011528175324201584,
    0.95610290765762329,
    0.29280376434326172,
    0.24840825796127319,
    -0.99992668628692627,
    -0.012102720327675343,
    0.0001506725384388119,
    -24.672626495361328,
    0,
    0,
    0,
    0.99999994039535522
  ],
  "exposureDuration" : 0.01666666753590107,
  "projectionMatrix" : [
    1.6536396741867065,
    0,
    0.012807846069335938,
    0,
    0,
    2.2048530578613281,
    0.011215627193450928,
    0,
    0,
    0,
    -0.9999997615814209,
    -0.00099999981466680765,
    0,
    0,
    -1,
    0
  ],
  "averageVelocity" : 0.90491950511932373,
  "frame_index" : 181,
  "motionQuality" : 0.74145156145095825,
  "cameraGrain" : 0,
  "averageAngularVelocity" : 0.21497209370136261,
  "time" : 104168.79048620835
}