{
  "intrinsics" : [
    1587.494140625,
    0,
    947.236328125,
    0,
    1587.494140625,
    727.578125,
    0,
    0,
    1
  ],
  "cameraPoseARFrame" : [
    -0.026154316961765289,
    -0.29401987791061401,
    0.95544129610061646,
    -1.6654560565948486,
    0.0025644563138484955,
    0.95574533939361572,
    0.2941836416721344,
    0.22446784377098083,
    -0.99965459108352661,
    0.010144359432160854,
    -0.02424285002052784,
    -24.689870834350586,
    0,
    0,
    0,
    0.99999988079071045
  ],
  "exposureDuration" : 0.01666666753590107,
  "projectionMatrix" : [
    1.6536396741867065,
    0,
    0.012774646282196045,
    0,
    0,
    2.2048530578613281,
    0.011219620704650879,
    0,
    0,
    0,
    -0.9999997615814209,
    -0.00099999981466680765,
    0,
    0,
    -1,
    0
  ],
  "averageVelocity" : 0.85188692808151245,
  "frame_index" : 180,
  "motionQuality" : 0.75660371780395508,
  "cameraGrain" : 0,
  "averageAngularVelocity" : 0.25982612371444702,
  "time" : 104168.55683866669
}