{
  "cameraPoseARFrame" : [
    -0.99935132265090942,
    -0.035953093320131302,
    0.0020233443938195705,
    -16.455953598022461,
    -0.033005964010953903,
    0.93700385093688965,
    0.34775599837303162,
    0.23080967366695404,
    -0.014398797415196896,
    0.3474636971950531,
    -0.93758279085159302,
    -0.99447882175445557,
    0,
    0,
    0,
    0.99999982118606567
  ],
  "averageVelocity" : 1.0079139471054077,
  "averageAngularVelocity" : 0.24717129766941071,
  "projectionMatrix" : [
    1.6677619218826294,
    0,
    0.012871742248535156,
    0,
    0,
    2.2236824035644531,
    0.011248528957366943,
    0,
    0,
    0,
    -0.9999997615814209,
    -0.00099999981466680765,
    0,
    0,
    -1,
    0
  ],
  "frame_index" : 409,
  "exposureDuration" : 0.01666666753590107,
  "motionQuality" : 0.71202456951141357,
  "cameraGrain" : 0,
  "time" : 104208.55970520836,
  "intrinsics" : [
    1601.0513916015625,
    0,
    947.14312744140625,
    0,
    1601.0513916015625,
    727.59893798828125,
    0,
    0,
    1
  ]
}