{
  "intrinsics" : [
    1596.5323486328125,
    0,
    947.18603515625,
    0,
    1596.5323486328125,
    727.5621337890625,
    0,
    0,
    1
  ],
  "averageAngularVelocity" : 0.082205295562744141,
  "projectionMatrix" : [
    1.6630545854568481,
    0,
    0.012827038764953613,
    0,
    0,
    2.2174060344696045,
    0.011197388172149658,
    0,
    0,
    0,
    -0.9999997615814209,
    -0.00099999981466680765,
    0,
    0,
    -1,
    0
  ],
  "cameraGrain" : 0,
  "motionQuality" : 0.74363553524017334,
  "averageVelocity" : 0.89727562665939331,
  "frame_index" : 134,
  "cameraPoseARFrame" : [
    0.9987252950668335,
    0.044286850839853287,
    -0.02421300858259201,
    0.33144339919090271,
    -0.036506235599517822,
    0.96508127450942993,
    0.25939390063285828,
    0.26336309313774109,
    0.034855272620916367,
    -0.25817933678627014,
    0.96546792984008789,
    -19.035652160644531,
    0,
    0,
    0,
    0.99999988079071045
  ],
  "exposureDuration" : 0.01666666753590107,
  "time" : 104160.68521929168
}