{
  "intrinsics" : [
    1599.2437744140625,
    0,
    947.12158203125,
    0,
    1599.2437744140625,
    727.59063720703125,
    0,
    0,
    1
  ],
  "cameraGrain" : 0,
  "frame_index" : 283,
  "cameraPoseARFrame" : [
    -0.99911528825759888,
    -0.040547434240579605,
    0.011160049587488174,
    -16.715612411499023,
    -0.034473296254873276,
    0.94162154197692871,
    0.33490335941314697,
    0.20831778645515442,
    -0.024088023230433464,
    0.33422237634658813,
    -0.94218629598617554,
    -22.357999801635742,
    0,
    0,
    0,
    0.99999988079071045
  ],
  "projectionMatrix" : [
    1.6658788919448853,
    0,
    0.012894213199615479,
    0,
    0,
    2.2211718559265137,
    0.011237025260925293,
    0,
    0,
    0,
    -0.9999997615814209,
    -0.00099999981466680765,
    0,
    0,
    -1,
    0
  ],
  "motionQuality" : 0.76006591320037842,
  "exposureDuration" : 0.01666666753590107,
  "averageAngularVelocity" : 0.23695129156112671,
  "time" : 104186.61330337502,
  "averageVelocity" : 0.83976918458938599
}