{
  "intrinsics" : [
    1590.2056884765625,
    0,
    947.2349853515625,
    0,
    1590.2056884765625,
    727.5836181640625,
    0,
    0,
    1
  ],
  "cameraGrain" : 0,
  "frame_index" : 325,
  "cameraPoseARFrame" : [
    -0.99946576356887817,
    0.010846684686839581,
    -0.030826762318611145,
    -16.60151481628418,
    0.00075774500146508217,
    0.95074844360351562,
    0.30996212363243103,
    0.18773220479488373,
    0.032670546323060989,
    0.30977320671081543,
    -0.9502488374710083,
    -15.322322845458984,
    0,
    0,
    0,
    0.99999982118606567
  ],
  "projectionMatrix" : [
    1.6564642190933228,
    0,
    0.012776076793670654,
    0,
    0,
    2.2086191177368164,
    0.011227250099182129,
    0,
    0,
    0,
    -0.9999997615814209,
    -0.00099999981466680765,
    0,
    0,
    -1,
    0
  ],
  "motionQuality" : 0.72843265533447266,
  "exposureDuration" : 0.01666666753590107,
  "averageAngularVelocity" : 0.068569809198379517,
  "time" : 104193.95266512502,
  "averageVelocity" : 0.95048558712005615
}