{
  "averageAngularVelocity" : 0.37035480141639709,
  "time" : 104166.15721245836,
  "cameraGrain" : 0,
  "frame_index" : 166,
  "projectionMatrix" : [
    1.6494032144546509,
    0,
    0.012726664543151855,
    0,
    0,
    2.1992044448852539,
    0.011231303215026855,
    0,
    0,
    0,
    -0.9999997615814209,
    -0.00099999981466680765,
    0,
    0,
    -1,
    0
  ],
  "motionQuality" : 0.78725689649581909,
  "averageVelocity" : 0.74460089206695557,
  "cameraPoseARFrame" : [
    0.41182780265808105,
    -0.28754958510398865,
    0.8647039532661438,
    0.10537107288837433,
    0.015357642434537411,
    0.95096379518508911,
    0.3089202344417572,
    0.18697963654994965,
    -0.91113227605819702,
    -0.11394212394952774,
    0.39604943990707397,
    -23.910484313964844,
    0,
    0,
    0,
    0.99999988079071045
  ],
  "intrinsics" : [
    1583.4271240234375,
    0,
    947.28240966796875,
    0,
    1583.4271240234375,
    727.5865478515625,
    0,
    0,
    1
  ],
  "exposureDuration" : 0.01666666753590107
}