{
  "averageVelocity" : 0.89138513803482056,
  "projectionMatrix" : [
    1.66164231300354,
    0,
    0.012823402881622314,
    0,
    0,
    2.2155230045318604,
    0.011209428310394287,
    0,
    0,
    0,
    -0.9999997615814209,
    -0.00099999981466680765,
    0,
    0,
    -1,
    0
  ],
  "motionQuality" : 0.74531853199005127,
  "time" : 104203.85743395836,
  "frame_index" : 382,
  "averageAngularVelocity" : 0.099139012396335602,
  "intrinsics" : [
    1595.1766357421875,
    0,
    947.18951416015625,
    0,
    1595.1766357421875,
    727.57080078125,
    0,
    0,
    1
  ],
  "cameraPoseARFrame" : [
    -0.99906551837921143,
    -0.037943743169307709,
    0.020690800622105598,
    -16.471458435058594,
    -0.030661562457680702,
    0.95968383550643921,
    0.27940380573272705,
    0.25563442707061768,
    -0.030458251014351845,
    0.27850836515426636,
    -0.95995062589645386,
    -5.6851816177368164,
    0,
    0,
    0,
    0.99999988079071045
  ],
  "cameraGrain" : 0,
  "exposureDuration" : 0.01666666753590107
}