{
  "averageAngularVelocity" : 0.17313648760318756,
  "time" : 104159.08613295836,
  "cameraGrain" : 0,
  "frame_index" : 125,
  "motionQuality" : 0.74493074417114258,
  "projectionMatrix" : [
    1.6484618186950684,
    0,
    0.012833833694458008,
    0,
    0,
    2.1979489326477051,
    0.011257350444793701,
    0,
    0,
    0,
    -0.9999997615814209,
    -0.00099999981466680765,
    0,
    0,
    -1,
    0
  ],
  "averageVelocity" : 0.89274239540100098,
  "cameraPoseARFrame" : [
    0.99712687730789185,
    0.04474283754825592,
    -0.061121620237827301,
    0.32956019043922424,
    -0.020129017531871796,
    0.93440848588943481,
    0.35563361644744873,
    0.19054214656352997,
    0.073024637997150421,
    -0.35338160395622253,
    0.93262457847595215,
    -17.587112426757812,
    0,
    0,
    0,
    0.99999982118606567
  ],
  "intrinsics" : [
    1582.5233154296875,
    0,
    947.17950439453125,
    0,
    1582.5233154296875,
    727.60528564453125,
    0,
    0,
    1
  ],
  "exposureDuration" : 0.01666666753590107
}