{
  "frame_index" : 4,
  "averageVelocity" : 0.066534519195556641,
  "exposureDuration" : 0.01666666753590107,
  "averageAngularVelocity" : 0.18495169281959534,
  "projectionMatrix" : [
    1.6564642190933228,
    0,
    0.012653172016143799,
    0,
    0,
    2.2086191177368164,
    0.01118934154510498,
    0,
    0,
    0,
    -0.9999997615814209,
    -0.00099999981466680765,
    0,
    0,
    -1,
    0
  ],
  "motionQuality" : 0.94715666770935059,
  "cameraGrain" : 0,
  "time" : 104138.10519520835,
  "cameraPoseARFrame" : [
    0.99925082921981812,
    -0.011113188229501247,
    -0.037068281322717667,
    -0.1904367208480835,
    0.019072979688644409,
    0.9748881459236145,
    0.22187632322311401,
    0.26458576321601868,
    0.033671680837869644,
    -0.22241714596748352,
    0.97436988353729248,
    -0.00071190699236467481,
    0,
    0,
    0,
    0.99999988079071045
  ],
  "intrinsics" : [
    1590.2056884765625,
    0,
    947.35296630859375,
    0,
    1590.2056884765625,
    727.55633544921875,
    0,
    0,
    1
  ]
}