{
  "cameraPoseARFrame" : [
    -0.99990946054458618,
    -0.0091084353625774384,
    -0.0098954001441597939,
    -16.343795776367188,
    -0.011887680739164352,
    0.9426647424697876,
    0.33352899551391602,
    0.23549270629882812,
    0.0062901205383241177,
    0.3336164653301239,
    -0.94268786907196045,
    1.7004768848419189,
    0,
    0,
    0,
    0.99999994039535522
  ],
  "averageVelocity" : 0.59150975942611694,
  "averageAngularVelocity" : 0.33204260468482971,
  "projectionMatrix" : [
    1.650815486907959,
    0,
    0.012814223766326904,
    0,
    0,
    2.2010872364044189,
    0.011245310306549072,
    0,
    0,
    0,
    -0.9999997615814209,
    -0.00099999981466680765,
    0,
    0,
    -1,
    0
  ],
  "frame_index" : 427,
  "exposureDuration" : 0.01666666753590107,
  "motionQuality" : 0.83099722862243652,
  "cameraGrain" : 0,
  "time" : 104211.69634791669,
  "intrinsics" : [
    1584.7828369140625,
    0,
    947.1983642578125,
    0,
    1584.7828369140625,
    727.59661865234375,
    0,
    0,
    1
  ]
}