{
  "averageAngularVelocity" : 0.26220032572746277,
  "time" : 104152.41616175002,
  "cameraGrain" : 0,
  "frame_index" : 87,
  "projectionMatrix" : [
    1.6658788919448853,
    0,
    0.012829482555389404,
    0,
    0,
    2.2211718559265137,
    0.011203765869140625,
    0,
    0,
    0,
    -0.9999997615814209,
    -0.00099999981466680765,
    0,
    0,
    -1,
    0
  ],
  "motionQuality" : 0.746604323387146,
  "averageVelocity" : 0.88688492774963379,
  "cameraPoseARFrame" : [
    0.99919253587722778,
    0.039943814277648926,
    -0.0043214219622313976,
    0.12823240458965302,
    -0.037211820483207703,
    0.96063637733459473,
    0.27530476450920105,
    0.18975353240966797,
    0.015148043632507324,
    -0.27492165565490723,
    0.96134716272354126,
    -11.654088020324707,
    0,
    0,
    0,
    0.99999994039535522
  ],
  "intrinsics" : [
    1599.2437744140625,
    0,
    947.1837158203125,
    0,
    1599.2437744140625,
    727.56671142578125,
    0,
    0,
    1
  ],
  "exposureDuration" : 0.01666666753590107
}