{
  "intrinsics" : [
    1588.8499755859375,
    0,
    947.24786376953125,
    0,
    1588.8499755859375,
    727.5640869140625,
    0,
    0,
    1
  ],
  "cameraGrain" : 0,
  "frame_index" : 204,
  "projectionMatrix" : [
    1.6550520658493042,
    0,
    0.012762665748596191,
    0,
    0,
    2.2067360877990723,
    0.011200129985809326,
    0,
    0,
    0,
    -0.9999997615814209,
    -0.00099999981466680765,
    0,
    0,
    -1,
    0
  ],
  "cameraPoseARFrame" : [
    0.010224759578704834,
    -0.26110157370567322,
    0.96525710821151733,
    -5.6650667190551758,
    -0.0049762353301048279,
    0.96528232097625732,
    0.26116108894348145,
    0.24248719215393066,
    -0.99993526935577393,
    -0.0074736559763550758,
    0.0085704689845442772,
    -24.679035186767578,
    0,
    0,
    0,
    0.99999994039535522
  ],
  "motionQuality" : 0.70951026678085327,
  "exposureDuration" : 0.01666666753590107,
  "averageAngularVelocity" : 0.19857142865657806,
  "time" : 104172.70671137502,
  "averageVelocity" : 1.0167140960693359
}