{
  "averageVelocity" : 0.92628389596939087,
  "motionQuality" : 0.7353474497795105,
  "intrinsics" : [
    1589.3018798828125,
    0,
    947.165771484375,
    0,
    1589.3018798828125,
    727.5841064453125,
    0,
    0,
    1
  ],
  "time" : 104150.84653604169,
  "frame_index" : 77,
  "projectionMatrix" : [
    1.6555228233337402,
    0,
    0.012848138809204102,
    0,
    0,
    2.2073636054992676,
    0.011227905750274658,
    0,
    0,
    0,
    -0.9999997615814209,
    -0.00099999981466680765,
    0,
    0,
    -1,
    0
  ],
  "averageAngularVelocity" : 0.18138769268989563,
  "exposureDuration" : 0.01666666753590107,
  "cameraGrain" : 0,
  "cameraPoseARFrame" : [
    0.99672836065292358,
    0.057509087026119232,
    -0.05678991973400116,
    0.062410805374383926,
    -0.036650363355875015,
    0.94785130023956299,
    0.31659847497940063,
    0.17296350002288818,
    0.07203567773103714,
    -0.31348133087158203,
    0.94685810804367065,
    -10.240519523620605,
    0,
    0,
    0,
    0.99999994039535522
  ]
}