{
  "intrinsics" : [
    1581.6195068359375,
    0,
    947.2591552734375,
    0,
    1581.6195068359375,
    727.55902099609375,
    0,
    0,
    1
  ],
  "averageAngularVelocity" : 0.23817650973796844,
  "projectionMatrix" : [
    1.6475203037261963,
    0,
    0.012750864028930664,
    0,
    0,
    2.1966936588287354,
    0.01119309663772583,
    0,
    0,
    0,
    -0.9999997615814209,
    -0.00099999981466680765,
    0,
    0,
    -1,
    0
  ],
  "cameraGrain" : 0,
  "motionQuality" : 0.73205137252807617,
  "averageVelocity" : 0.93782007694244385,
  "frame_index" : 34,
  "cameraPoseARFrame" : [
    0.99852108955383301,
    0.022081656381487846,
    -0.049678672105073929,
    -0.10908903181552887,
    -0.0090637039393186569,
    0.96862363815307617,
    0.24836647510528564,
    0.21368324756622314,
    0.053604278713464737,
    -0.24754889309406281,
    0.96739131212234497,
    -3.4580202102661133,
    0,
    0,
    0,
    0.99999988079071045
  ],
  "exposureDuration" : 0.01666666753590107,
  "time" : 104143.27671125003
}