{
  "averageAngularVelocity" : 0.28074207901954651,
  "time" : 104163.85561295836,
  "cameraGrain" : 0,
  "frame_index" : 153,
  "projectionMatrix" : [
    1.6494032144546509,
    0,
    0.012795805931091309,
    0,
    0,
    2.1992044448852539,
    0.01123511791229248,
    0,
    0,
    0,
    -0.9999997615814209,
    -0.00099999981466680765,
    0,
    0,
    -1,
    0
  ],
  "motionQuality" : 0.73623871803283691,
  "averageVelocity" : 0.9231644868850708,
  "cameraPoseARFrame" : [
    0.99970448017120361,
    0.0029934723861515522,
    0.024119649082422256,
    0.45710837841033936,
    -0.010655244812369347,
    0.94591522216796875,
    0.32423865795135498,
    0.20167970657348633,
    -0.021844532340764999,
    -0.32439988851547241,
    0.94566762447357178,
    -22.102258682250977,
    0,
    0,
    0,
    0.99999988079071045
  ],
  "intrinsics" : [
    1583.4271240234375,
    0,
    947.21600341796875,
    0,
    1583.4271240234375,
    727.58929443359375,
    0,
    0,
    1
  ],
  "exposureDuration" : 0.01666666753590107
}