{
  "intrinsics" : [
    1610.0894775390625,
    0,
    947.21856689453125,
    0,
    1610.0894775390625,
    727.57623291015625,
    0,
    0,
    1
  ],
  "time" : 104178.64360195836,
  "projectionMatrix" : [
    1.6771765947341919,
    0,
    0.012793183326721191,
    0,
    0,
    2.2362353801727295,
    0.011216998100280762,
    0,
    0,
    0,
    -0.9999997615814209,
    -0.00099999981466680765,
    0,
    0,
    -1,
    0
  ],
  "exposureDuration" : 0.01666666753590107,
  "frame_index" : 238,
  "averageVelocity" : 1.0066928863525391,
  "motionQuality" : 0.71237349510192871,
  "averageAngularVelocity" : 0.33159312605857849,
  "cameraPoseARFrame" : [
    0.039337240159511566,
    -0.2939201295375824,
    0.95502012968063354,
    -11.444649696350098,
    -0.015348902903497219,
    0.95546936988830566,
    0.2946905791759491,
    0.17435614764690399,
    -0.99910807609558105,
    -0.026250829920172691,
    0.033074181526899338,
    -24.742404937744141,
    0,
    0,
    0,
    0.99999994039535522
  ],
  "cameraGrain" : 0
}