{
  "exposureDuration" : 0.01666666753590107,
  "averageAngularVelocity" : 0.22571614384651184,
  "frame_index" : 62,
  "time" : 104148.14468712502,
  "intrinsics" : [
    1585.6866455078125,
    0,
    947.17926025390625,
    0,
    1585.6866455078125,
    727.56378173828125,
    0,
    0,
    1
  ],
  "averageVelocity" : 0.93256837129592896,
  "projectionMatrix" : [
    1.6517568826675415,
    0,
    0.012834131717681885,
    0,
    0,
    2.2023425102233887,
    0.011199712753295898,
    0,
    0,
    0,
    -0.9999997615814209,
    -0.00099999981466680765,
    0,
    0,
    -1,
    0
  ],
  "cameraGrain" : 0,
  "motionQuality" : 0.73355185985565186,
  "cameraPoseARFrame" : [
    0.99825471639633179,
    0.049849733710289001,
    -0.031660672277212143,
    0.038526341319084167,
    -0.039545707404613495,
    0.96246039867401123,
    0.26852551102638245,
    0.19296756386756897,
    0.043858077377080917,
    -0.26680490374565125,
    0.96275204420089722,
    -7.7656431198120117,
    0,
    0,
    0,
    0.99999988079071045
  ]
}