{
  "averageAngularVelocity" : 0.11142881959676743,
  "time" : 104157.08495141669,
  "cameraGrain" : 0,
  "frame_index" : 114,
  "motionQuality" : 0.77351278066635132,
  "projectionMatrix" : [
    1.6531691551208496,
    0,
    0.012780547142028809,
    0,
    0,
    2.2042255401611328,
    0.011251986026763916,
    0,
    0,
    0,
    -0.9999997615814209,
    -0.00099999981466680765,
    0,
    0,
    -1,
    0
  ],
  "averageVelocity" : 0.792705237865448,
  "cameraPoseARFrame" : [
    0.99999690055847168,
    0.002387478481978178,
    -0.00065412773983553052,
    0.27423197031021118,
    -0.0020158146508038044,
    0.93874275684356689,
    0.34461259841918945,
    0.19398960471153259,
    0.0014368172269314528,
    -0.34461024403572083,
    0.93874466419219971,
    -15.812959671020508,
    0,
    0,
    0,
    0.99999988079071045
  ],
  "intrinsics" : [
    1587.0423583984375,
    0,
    947.23065185546875,
    0,
    1587.0423583984375,
    727.6014404296875,
    0,
    0,
    1
  ],
  "exposureDuration" : 0.01666666753590107
}