{
  "exposureDuration" : 0.01666666753590107,
  "averageAngularVelocity" : 0.094583794474601746,
  "frame_index" : 321,
  "time" : 104193.1855399167,
  "intrinsics" : [
    1600.5994873046875,
    0,
    947.17333984375,
    0,
    1600.5994873046875,
    727.59344482421875,
    0,
    0,
    1
  ],
  "averageVelocity" : 0.92666947841644287,
  "projectionMatrix" : [
    1.6672911643981934,
    0,
    0.01284027099609375,
    0,
    0,
    2.2230548858642578,
    0.011240899562835693,
    0,
    0,
    0,
    -0.9999997615814209,
    -0.00099999981466680765,
    0,
    0,
    -1,
    0
  ],
  "cameraGrain" : 0,
  "motionQuality" : 0.73523730039596558,
  "cameraPoseARFrame" : [
    -0.99970096349716187,
    -0.022361818701028824,
    0.0098855961114168167,
    -16.597763061523438,
    -0.017720280215144157,
    0.94126570224761963,
    0.33720117807388306,
    0.19790901243686676,
    -0.016845393925905228,
    0.336925208568573,
    -0.94138056039810181,
    -16.058082580566406,
    0,
    0,
    0,
    0.99999988079071045
  ]
}