{
  "exposureDuration" : 0.01666666753590107,
  "averageAngularVelocity" : 0.44399696588516235,
  "frame_index" : 322,
  "time" : 104193.41740154169,
  "intrinsics" : [
    1568.5142822265625,
    0,
    947.16778564453125,
    0,
    1568.5142822265625,
    727.577392578125,
    0,
    0,
    1
  ],
  "averageVelocity" : 0.92917889356613159,
  "projectionMatrix" : [
    1.6338690519332886,
    0,
    0.012846052646636963,
    0,
    0,
    2.1784920692443848,
    0.011218607425689697,
    0,
    0,
    0,
    -0.9999997615814209,
    -0.00099999981466680765,
    0,
    0,
    -1,
    0
  ],
  "cameraGrain" : 0,
  "motionQuality" : 0.7345203161239624,
  "cameraPoseARFrame" : [
    -0.99949812889099121,
    -0.022996731102466583,
    -0.021783744916319847,
    -16.611845016479492,
    -0.028516942635178566,
    0.95264488458633423,
    0.30274477601051331,
    0.18434880673885345,
    0.013790030032396317,
    0.30321407318115234,
    -0.95282256603240967,
    -15.838024139404297,
    0,
    0,
    0,
    0.99999988079071045
  ]
}