{
  "exposureDuration" : 0.01666666753590107,
  "averageAngularVelocity" : 0.22418360412120819,
  "frame_index" : 226,
  "time" : 104176.54223579168,
  "intrinsics" : [
    1588.3980712890625,
    0,
    947.2811279296875,
    0,
    1588.3980712890625,
    727.588134765625,
    0,
    0,
    1
  ],
  "averageVelocity" : 0.91764223575592041,
  "projectionMatrix" : [
    1.6545813083648682,
    0,
    0.012727975845336914,
    0,
    0,
    2.2061083316802979,
    0.011233508586883545,
    0,
    0,
    0,
    -0.9999997615814209,
    -0.00099999981466680765,
    0,
    0,
    -1,
    0
  ],
  "cameraGrain" : 0,
  "motionQuality" : 0.73781651258468628,
  "cameraPoseARFrame" : [
    0.010288724675774574,
    -0.31091141700744629,
    0.95038306713104248,
    -9.3895130157470703,
    0.015305031090974808,
    0.95037102699279785,
    0.31074172258377075,
    0.18595105409622192,
    -0.99982982873916626,
    0.011348503641784191,
    0.014536606147885323,
    -24.76728630065918,
    0,
    0,
    0,
    0.99999988079071045
  ]
}