{
  "intrinsics" : [
    1589.3018798828125,
    0,
    947.17974853515625,
    0,
    1589.3018798828125,
    727.609375,
    0,
    0,
    1
  ],
  "cameraPoseARFrame" : [
    -0.038209732621908188,
    -0.36297774314880371,
    0.93101400136947632,
    -13.258374214172363,
    -0.014849290251731873,
    0.93179774284362793,
    0.36267384886741638,
    0.16987849771976471,
    -0.99915933609008789,
    3.2786079827928916e-05,
    -0.040993720293045044,
    -24.832815170288086,
    0,
    0,
    0,
    0.99999994039535522
  ],
  "exposureDuration" : 0.01666666753590107,
  "projectionMatrix" : [
    1.6555228233337402,
    0,
    0.012833595275878906,
    0,
    0,
    2.2073636054992676,
    0.011263012886047363,
    0,
    0,
    0,
    -0.9999997615814209,
    -0.00099999981466680765,
    0,
    0,
    -1,
    0
  ],
  "averageVelocity" : 0.92204064130783081,
  "frame_index" : 248,
  "motionQuality" : 0.73655980825424194,
  "cameraGrain" : 0,
  "averageAngularVelocity" : 0.073296196758747101,
  "time" : 104180.47627125002
}