{
  "averageAngularVelocity" : 0.27083957195281982,
  "time" : 104164.32070495836,
  "cameraGrain" : 0,
  "frame_index" : 155,
  "projectionMatrix" : [
    1.6498739719390869,
    0,
    0.012697875499725342,
    0,
    0,
    2.1998319625854492,
    0.011238455772399902,
    0,
    0,
    0,
    -0.9999997615814209,
    -0.00099999981466680765,
    0,
    0,
    -1,
    0
  ],
  "motionQuality" : 0.72859072685241699,
  "averageVelocity" : 0.94993239641189575,
  "cameraPoseARFrame" : [
    0.99412888288497925,
    -0.057379033416509628,
    0.091734617948532104,
    0.43899154663085938,
    0.025401057675480843,
    0.94787877798080444,
    0.31761670112609863,
    0.16768351197242737,
    -0.10517784953117371,
    -0.3134218156337738,
    0.94377124309539795,
    -22.526927947998047,
    0,
    0,
    0,
    0.99999988079071045
  ],
  "intrinsics" : [
    1583.8790283203125,
    0,
    947.31005859375,
    0,
    1583.8790283203125,
    727.5916748046875,
    0,
    0,
    1
  ],
  "exposureDuration" : 0.01666666753590107
}