{
  "averageAngularVelocity" : 0.2877507209777832,
  "time" : 104164.38742887502,
  "cameraGrain" : 0,
  "frame_index" : 156,
  "projectionMatrix" : [
    1.6494032144546509,
    0,
    0.012696027755737305,
    0,
    0,
    2.1992044448852539,
    0.011241316795349121,
    0,
    0,
    0,
    -0.9999997615814209,
    -0.00099999981466680765,
    0,
    0,
    -1,
    0
  ],
  "motionQuality" : 0.72592473030090332,
  "averageVelocity" : 0.95926332473754883,
  "cameraPoseARFrame" : [
    0.99180686473846436,
    -0.065114907920360565,
    0.10990529507398605,
    0.43460261821746826,
    0.026704372838139534,
    0.94701230525970459,
    0.32008498907089233,
    0.17309284210205078,
    -0.1249239519238472,
    -0.31452754139900208,
    0.94099217653274536,
    -22.590532302856445,
    0,
    0,
    0,
    0.99999994039535522
  ],
  "intrinsics" : [
    1583.4271240234375,
    0,
    947.31182861328125,
    0,
    1583.4271240234375,
    727.59375,
    0,
    0,
    1
  ],
  "exposureDuration" : 0.01666666753590107
}