{
  "averageVelocity" : 1.012728214263916,
  "projectionMatrix" : [
    1.6559935808181763,
    0,
    0.012808144092559814,
    0,
    0,
    2.207991361618042,
    0.011216640472412109,
    0,
    0,
    0,
    -0.9999997615814209,
    -0.00099999981466680765,
    0,
    0,
    -1,
    0
  ],
  "motionQuality" : 0.71064907312393188,
  "time" : 104204.39215566669,
  "frame_index" : 385,
  "averageAngularVelocity" : 0.2373049259185791,
  "intrinsics" : [
    1589.7537841796875,
    0,
    947.20416259765625,
    0,
    1589.7537841796875,
    727.57598876953125,
    0,
    0,
    1
  ],
  "cameraPoseARFrame" : [
    -0.99967354536056519,
    -0.024582374840974808,
    0.0069573577493429184,
    -16.516254425048828,
    -0.021537827327847481,
    0.95738065242767334,
    0.28802472352981567,
    0.24875944852828979,
    -0.01374115701764822,
    0.28778091073036194,
    -0.95759767293930054,
    -5.1791114807128906,
    0,
    0,
    0,
    1
  ],
  "cameraGrain" : 0,
  "exposureDuration" : 0.01666666753590107
}