{
  "time" : 104170.60383766668,
  "exposureDuration" : 0.01666666753590107,
  "cameraPoseARFrame" : [
    0.0092779574915766716,
    -0.27036812901496887,
    0.96271228790283203,
    -3.5975198745727539,
    -0.035455420613288879,
    0.9620593786239624,
    0.27052643895149231,
    0.227235347032547,
    -0.9993281364440918,
    -0.036643307656049728,
    -0.00066007371060550213,
    -24.685085296630859,
    0,
    0,
    0,
    0.99999994039535522
  ],
  "intrinsics" : [
    1587.494140625,
    0,
    947.1610107421875,
    0,
    1587.494140625,
    727.563720703125,
    0,
    0,
    1
  ],
  "projectionMatrix" : [
    1.6536396741867065,
    0,
    0.012853085994720459,
    0,
    0,
    2.2048530578613281,
    0.011199593544006348,
    0,
    0,
    0,
    -0.9999997615814209,
    -0.00099999981466680765,
    0,
    0,
    -1,
    0
  ],
  "averageAngularVelocity" : 0.26054608821868896,
  "motionQuality" : 0.73111754655838013,
  "cameraGrain" : 0,
  "averageVelocity" : 0.94108861684799194,
  "frame_index" : 192
}