{
  "projectionMatrix" : [
    1.669644832611084,
    0,
    0.012838244438171387,
    0,
    0,
    2.2261929512023926,
    0.011262059211730957,
    0,
    0,
    0,
    -0.9999997615814209,
    -0.00099999981466680765,
    0,
    0,
    -1,
    0
  ],
  "averageVelocity" : 0.65069067478179932,
  "cameraPoseARFrame" : [
    -0.99885720014572144,
    0.0010416108416393399,
    -0.047781180590391159,
    -16.348520278930664,
    -0.016172360628843307,
    0.93341708183288574,
    0.35842841863632202,
    0.23531749844551086,
    0.044973120093345642,
    0.35879155993461609,
    -0.93233358860015869,
    1.5618429183959961,
    0,
    0,
    0,
    0.99999988079071045
  ],
  "averageAngularVelocity" : 0.11990434676408768,
  "cameraGrain" : 0,
  "intrinsics" : [
    1602.8590087890625,
    0,
    947.17529296875,
    0,
    1602.8590087890625,
    727.60870361328125,
    0,
    0,
    1
  ],
  "exposureDuration" : 0.01666666753590107,
  "motionQuality" : 0.81408834457397461,
  "time" : 104211.46297033336,
  "frame_index" : 426
}