{
  "cameraPoseARFrame" : [
    -0.99970108270645142,
    -0.019083907827734947,
    0.015276940539479256,
    -16.620893478393555,
    -0.01262961607426405,
    0.93828332424163818,
    0.34563684463500977,
    0.1958797425031662,
    -0.020930195227265358,
    0.34534060955047607,
    -0.93824392557144165,
    -17.351747512817383,
    0,
    0,
    0,
    0.99999994039535522
  ],
  "intrinsics" : [
    1598.3399658203125,
    0,
    947.17962646484375,
    0,
    1598.3399658203125,
    727.59722900390625,
    0,
    0,
    1
  ],
  "exposureDuration" : 0.01666666753590107,
  "projectionMatrix" : [
    1.6649374961853027,
    0,
    0.012833714485168457,
    0,
    0,
    2.2199165821075439,
    0.011246144771575928,
    0,
    0,
    0,
    -0.9999997615814209,
    -0.00099999981466680765,
    0,
    0,
    -1,
    0
  ],
  "averageVelocity" : 0.91871565580368042,
  "frame_index" : 313,
  "motionQuality" : 0.73750984668731689,
  "cameraGrain" : 0,
  "averageAngularVelocity" : 0.071560397744178772,
  "time" : 104191.84952100003
}