{
  "averageAngularVelocity" : 0.07671036571264267,
  "time" : 104212.49523341669,
  "motionQuality" : 0.95542240142822266,
  "cameraPoseARFrame" : [
    -0.99954122304916382,
    -0.019374201074242592,
    -0.023277478292584419,
    -16.319065093994141,
    -0.02471267431974411,
    0.96607029438018799,
    0.25709381699562073,
    0.26150569319725037,
    0.017506692558526993,
    0.2575511634349823,
    -0.96610593795776367,
    1.9549847841262817,
    0,
    0,
    0,
    0.99999994039535522
  ],
  "cameraGrain" : 0,
  "exposureDuration" : 0.01666666753590107,
  "projectionMatrix" : [
    1.6607009172439575,
    0,
    0.012793838977813721,
    0,
    0,
    2.2142677307128906,
    0.011202335357666016,
    0,
    0,
    0,
    -0.9999997615814209,
    -0.00099999981466680765,
    0,
    0,
    -1,
    0
  ],
  "intrinsics" : [
    1594.2728271484375,
    0,
    947.2178955078125,
    0,
    1594.2728271484375,
    727.565673828125,
    0,
    0,
    1
  ],
  "frame_index" : 432,
  "averageVelocity" : 0.15602155029773712
}