{
  "cameraPoseARFrame" : [
    -0.99894231557846069,
    -0.028838912025094032,
    0.035811223089694977,
    -16.49864387512207,
    -0.017042007297277451,
    0.95560157299041748,
    0.29416832327842712,
    0.21822077035903931,
    -0.042704757302999496,
    0.29324692487716675,
    -0.95508241653442383,
    -12.121803283691406,
    0,
    0,
    0,
    0.99999994039535522
  ],
  "projectionMatrix" : [
    1.6574057340621948,
    0,
    0.012809097766876221,
    0,
    0,
    2.2098743915557861,
    0.01121819019317627,
    0,
    0,
    0,
    -0.9999997615814209,
    -0.00099999981466680765,
    0,
    0,
    -1,
    0
  ],
  "intrinsics" : [
    1591.1094970703125,
    0,
    947.2032470703125,
    0,
    1591.1094970703125,
    727.57708740234375,
    0,
    0,
    1
  ],
  "frame_index" : 344,
  "cameraGrain" : 0,
  "exposureDuration" : 0.01666666753590107,
  "time" : 104197.28614041669,
  "motionQuality" : 0.72212129831314087,
  "averageVelocity" : 0.97257548570632935,
  "averageAngularVelocity" : 0.11149945855140686
}