{
  "cameraPoseARFrame" : [
    -0.99963593482971191,
    -0.026332676410675049,
    0.0058716554194688797,
    -16.486722946166992,
    -0.023386331275105476,
    0.9542536735534668,
    0.29808187484741211,
    0.21968784928321838,
    -0.013452354818582535,
    0.2978360652923584,
    -0.95452213287353516,
    -9.2266225814819336,
    0,
    0,
    0,
    0.99999994039535522
  ],
  "frame_index" : 361,
  "projectionMatrix" : [
    1.6597594022750854,
    0,
    0.012825727462768555,
    0,
    0,
    2.2130124568939209,
    0.011218845844268799,
    0,
    0,
    0,
    -0.9999997615814209,
    -0.00099999981466680765,
    0,
    0,
    -1,
    0
  ],
  "cameraGrain" : 0,
  "exposureDuration" : 0.01666666753590107,
  "time" : 104200.22324654169,
  "intrinsics" : [
    1593.3690185546875,
    0,
    947.18731689453125,
    0,
    1593.3690185546875,
    727.57757568359375,
    0,
    0,
    1
  ],
  "averageAngularVelocity" : 0.30591520667076111,
  "averageVelocity" : 1.0266015529632568,
  "motionQuality" : 0.70668530464172363
}