{
  "exposureDuration" : 0.01666666753590107,
  "averageAngularVelocity" : 0.12014862895011902,
  "frame_index" : 234,
  "time" : 104177.90992570836,
  "intrinsics" : [
    1588.8499755859375,
    0,
    947.2008056640625,
    0,
    1588.8499755859375,
    727.57293701171875,
    0,
    0,
    1
  ],
  "averageVelocity" : 1.0439014434814453,
  "projectionMatrix" : [
    1.6550520658493042,
    0,
    0.012811660766601562,
    0,
    0,
    2.2067360877990723,
    0.011212408542633057,
    0,
    0,
    0,
    -0.9999997615814209,
    -0.00099999981466680765,
    0,
    0,
    -1,
    0
  ],
  "cameraGrain" : 0,
  "motionQuality" : 0.70174241065979004,
  "cameraPoseARFrame" : [
    -0.0039413934573531151,
    -0.28818324208259583,
    0.95756715536117554,
    -10.70435905456543,
    -0.022047331556677818,
    0.95736688375473022,
    0.28803223371505737,
    0.19024656713008881,
    -0.99974918365478516,
    -0.019976552575826645,
    -0.010127034038305283,
    -24.744132995605469,
    0,
    0,
    0,
    0.99999994039535522
  ]
}