{
  "time" : 104170.09087370835,
  "exposureDuration" : 0.01666666753590107,
  "cameraPoseARFrame" : [
    0.022861702367663383,
    -0.30932670831680298,
    0.95068091154098511,
    -3.1273751258850098,
    -0.006043498869985342,
    0.95086926221847534,
    0.30953332781791687,
    0.24558484554290771,
    -0.99972027540206909,
    -0.012821897864341736,
    0.019869072362780571,
    -24.65655517578125,
    0,
    0,
    0,
    0.99999988079071045
  ],
  "intrinsics" : [
    1587.0423583984375,
    0,
    947.2144775390625,
    0,
    1587.0423583984375,
    727.582275390625,
    0,
    0,
    1
  ],
  "projectionMatrix" : [
    1.6531691551208496,
    0,
    0.012797415256500244,
    0,
    0,
    2.2042255401611328,
    0.011225402355194092,
    0,
    0,
    0,
    -0.9999997615814209,
    -0.00099999981466680765,
    0,
    0,
    -1,
    0
  ],
  "averageAngularVelocity" : 0.2283119410276413,
  "motionQuality" : 0.72431266307830811,
  "cameraGrain" : 0,
  "averageVelocity" : 0.96490573883056641,
  "frame_index" : 189
}