{
  "intrinsics" : [
    1587.9461669921875,
    0,
    947.20367431640625,
    0,
    1587.9461669921875,
    727.58380126953125,
    0,
    0,
    1
  ],
  "cameraGrain" : 0,
  "frame_index" : 296,
  "cameraPoseARFrame" : [
    -0.9997175931930542,
    0.00016796840645838529,
    -0.023758683353662491,
    -16.662933349609375,
    -0.007393956184387207,
    0.94812023639678955,
    0.31782561540603638,
    0.18110023438930511,
    0.022579476237297058,
    0.31791156530380249,
    -0.94785141944885254,
    -20.241151809692383,
    0,
    0,
    0,
    0.99999988079071045
  ],
  "projectionMatrix" : [
    1.6541105508804321,
    0,
    0.012808680534362793,
    0,
    0,
    2.2054808139801025,
    0.01122748851776123,
    0,
    0,
    0,
    -0.9999997615814209,
    -0.00099999981466680765,
    0,
    0,
    -1,
    0
  ],
  "motionQuality" : 0.72235023975372314,
  "exposureDuration" : 0.01666666753590107,
  "averageAngularVelocity" : 0.25373965501785278,
  "time" : 104188.91473800002,
  "averageVelocity" : 0.97177404165267944
}