{
  "exposureDuration" : 0.01666666753590107,
  "averageAngularVelocity" : 0.091859705746173859,
  "frame_index" : 65,
  "time" : 104148.71175950002,
  "intrinsics" : [
    1599.2437744140625,
    0,
    947.22265625,
    0,
    1599.2437744140625,
    727.58502197265625,
    0,
    0,
    1
  ],
  "averageVelocity" : 0.9254004955291748,
  "projectionMatrix" : [
    1.6658788919448853,
    0,
    0.012788891792297363,
    0,
    0,
    2.2211718559265137,
    0.011229217052459717,
    0,
    0,
    0,
    -0.9999997615814209,
    -0.00099999981466680765,
    0,
    0,
    -1,
    0
  ],
  "cameraGrain" : 0,
  "motionQuality" : 0.73559987545013428,
  "cameraPoseARFrame" : [
    0.99988025426864624,
    0.014200789853930473,
    -0.0061377459205687046,
    0.043217409402132034,
    -0.011561277322471142,
    0.94952315092086792,
    0.31348365545272827,
    0.18746107816696167,
    0.010279652662575245,
    -0.31337520480155945,
    0.94957363605499268,
    -8.3010635375976562,
    0,
    0,
    0,
    0.99999994039535522
  ]
}