{
  "intrinsics" : [
    1590.2056884765625,
    0,
    947.2637939453125,
    0,
    1590.2056884765625,
    727.5819091796875,
    0,
    0,
    1
  ],
  "cameraGrain" : 0,
  "frame_index" : 273,
  "projectionMatrix" : [
    1.6564642190933228,
    0,
    0.012746036052703857,
    0,
    0,
    2.2086191177368164,
    0.011224865913391113,
    0,
    0,
    0,
    -0.9999997615814209,
    -0.00099999981466680765,
    0,
    0,
    -1,
    0
  ],
  "cameraPoseARFrame" : [
    -0.99086058139801025,
    -0.029004238545894623,
    0.13173459470272064,
    -16.492231369018555,
    0.012285728007555008,
    0.95314484834671021,
    0.30226442217826843,
    0.20487684011459351,
    -0.13432911038398743,
    0.30112043023109436,
    -0.94407743215560913,
    -23.897380828857422,
    0,
    0,
    0,
    0.99999994039535522
  ],
  "motionQuality" : 0.7481645941734314,
  "exposureDuration" : 0.01666666753590107,
  "averageAngularVelocity" : 0.24284654855728149,
  "time" : 104184.81221733335,
  "averageVelocity" : 0.8814239501953125
}