{
  "time" : 104164.82123500002,
  "motionQuality" : 0.779327392578125,
  "exposureDuration" : 0.01666666753590107,
  "cameraPoseARFrame" : [
    0.92850500345230103,
    -0.10216309130191803,
    0.35698890686035156,
    0.39022925496101379,
    0.00048377513303421438,
    0.96173751354217529,
    0.2739717960357666,
    0.19188493490219116,
    -0.3713194727897644,
    -0.25421151518821716,
    0.89302760362625122,
    -22.932392120361328,
    0,
    0,
    0,
    0.99999994039535522
  ],
  "projectionMatrix" : [
    1.6494032144546509,
    0,
    0.012740850448608398,
    0,
    0,
    2.1992044448852539,
    0.011209189891815186,
    0,
    0,
    0,
    -0.9999997615814209,
    -0.00099999981466680765,
    0,
    0,
    -1,
    0
  ],
  "averageAngularVelocity" : 0.68869787454605103,
  "averageVelocity" : 0.77235406637191772,
  "frame_index" : 158,
  "intrinsics" : [
    1583.4271240234375,
    0,
    947.268798828125,
    0,
    1583.4271240234375,
    727.57061767578125,
    0,
    0,
    1
  ],
  "cameraGrain" : 0
}