{
  "exposureDuration" : 0.01666666753590107,
  "averageAngularVelocity" : 0.13997724652290344,
  "frame_index" : 46,
  "time" : 104145.37632429169,
  "intrinsics" : [
    1599.2437744140625,
    0,
    947.280517578125,
    0,
    1599.2437744140625,
    727.5474853515625,
    0,
    0,
    1
  ],
  "averageVelocity" : 0.93332093954086304,
  "projectionMatrix" : [
    1.6658788919448853,
    0,
    0.012728631496429443,
    0,
    0,
    2.2211718559265137,
    0.01117706298828125,
    0,
    0,
    0,
    -0.9999997615814209,
    -0.00099999981466680765,
    0,
    0,
    -1,
    0
  ],
  "cameraGrain" : 0.0057819364592432976,
  "motionQuality" : 0.73333686590194702,
  "cameraPoseARFrame" : [
    0.99971801042556763,
    0.01553051732480526,
    -0.017963169142603874,
    -1.5646219253540039e-07,
    -0.011351872235536575,
    0.97700387239456177,
    0.21291922032833099,
    0.2276131808757782,
    0.020856833085417747,
    -0.21265526115894318,
    0.97690469026565552,
    -5.2431130409240723,
    0,
    0,
    0,
    0.99999994039535522
  ]
}