{
  "intrinsics" : [
    1589.3018798828125,
    0,
    947.22869873046875,
    0,
    1589.3018798828125,
    727.61322021484375,
    0,
    0,
    1
  ],
  "cameraPoseARFrame" : [
    -0.38847121596336365,
    -0.3349335789680481,
    0.85843437910079956,
    -14.26484489440918,
    0.0041673523373901844,
    0.93095344305038452,
    0.36511403322219849,
    0.19236606359481812,
    -0.92145133018493652,
    0.14541371166706085,
    -0.36025285720825195,
    -24.952335357666016,
    0,
    0,
    0,
    0.99999994039535522
  ],
  "exposureDuration" : 0.01666666753590107,
  "projectionMatrix" : [
    1.6555228233337402,
    0,
    0.012782633304595947,
    0,
    0,
    2.2073636054992676,
    0.011268377304077148,
    0,
    0,
    0,
    -0.9999997615814209,
    -0.00099999981466680765,
    0,
    0,
    -1,
    0
  ],
  "averageVelocity" : 0.81888383626937866,
  "frame_index" : 255,
  "motionQuality" : 0.76603317260742188,
  "cameraGrain" : 0,
  "averageAngularVelocity" : 0.3291720449924469,
  "time" : 104181.64349583336
}