{
  "time" : 104207.99395695835,
  "frame_index" : 406,
  "exposureDuration" : 0.01666666753590107,
  "projectionMatrix" : [
    1.6630545854568481,
    0,
    0.012809991836547852,
    0,
    0,
    2.2174060344696045,
    0.011250793933868408,
    0,
    0,
    0,
    -0.9999997615814209,
    -0.00099999981466680765,
    0,
    0,
    -1,
    0
  ],
  "cameraGrain" : 0,
  "cameraPoseARFrame" : [
    -0.99439364671707153,
    -0.045012451708316803,
    0.09568236768245697,
    -16.445781707763672,
    -0.0093095321208238602,
    0.93862533569335938,
    0.34481266140937805,
    0.21667295694351196,
    -0.10533075034618378,
    0.34198877215385437,
    -0.93378216028213501,
    -1.563501238822937,
    0,
    0,
    0,
    0.99999994039535522
  ],
  "intrinsics" : [
    1596.5323486328125,
    0,
    947.202392578125,
    0,
    1596.5323486328125,
    727.6005859375,
    0,
    0,
    1
  ],
  "motionQuality" : 0.71265304088592529,
  "averageVelocity" : 1.0057144165039062,
  "averageAngularVelocity" : 0.095146723091602325
}