{
  "intrinsics" : [
    1601.0513916015625,
    0,
    947.20623779296875,
    0,
    1601.0513916015625,
    727.5816650390625,
    0,
    0,
    1
  ],
  "averageAngularVelocity" : 0.12564916908740997,
  "projectionMatrix" : [
    1.6677619218826294,
    0,
    0.0128059983253479,
    0,
    0,
    2.2236824035644531,
    0.011224508285522461,
    0,
    0,
    0,
    -0.9999997615814209,
    -0.00099999981466680765,
    0,
    0,
    -1,
    0
  ],
  "cameraGrain" : 0,
  "motionQuality" : 0.72612428665161133,
  "averageVelocity" : 0.95856499671936035,
  "cameraPoseARFrame" : [
    -0.99881142377853394,
    -0.030436502769589424,
    0.038068965077400208,
    -16.461986541748047,
    -0.017522474750876427,
    0.9530671238899231,
    0.30225104093551636,
    0.23994526267051697,
    -0.04548175260424614,
    0.30122476816177368,
    -0.95246779918670654,
    -6.938194751739502,
    0,
    0,
    0,
    0.99999988079071045
  ],
  "frame_index" : 375,
  "exposureDuration" : 0.01666666753590107,
  "time" : 104202.55626383335
}