{
  "intrinsics" : [
    1587.0423583984375,
    0,
    947.2471923828125,
    0,
    1587.0423583984375,
    727.5777587890625,
    0,
    0,
    1
  ],
  "cameraGrain" : 0,
  "frame_index" : 332,
  "projectionMatrix" : [
    1.6531691551208496,
    0,
    0.012763321399688721,
    0,
    0,
    2.2042255401611328,
    0.0112190842628479,
    0,
    0,
    0,
    -0.9999997615814209,
    -0.00099999981466680765,
    0,
    0,
    -1,
    0
  ],
  "cameraPoseARFrame" : [
    -0.99998855590820312,
    0.0020540328696370125,
    -0.004306538961827755,
    -16.555212020874023,
    0.00069534458452835679,
    0.95569312572479248,
    0.29436364769935608,
    0.22908720374107361,
    0.0047203637659549713,
    0.29435735940933228,
    -0.95568364858627319,
    -14.141023635864258,
    0,
    0,
    0,
    0.99999994039535522
  ],
  "motionQuality" : 0.72832262516021729,
  "exposureDuration" : 0.01666666753590107,
  "averageAngularVelocity" : 0.25214752554893494,
  "time" : 104195.21839750002,
  "averageVelocity" : 0.95087069272994995
}