{
  "cameraPoseARFrame" : [
    -0.9993135929107666,
    -0.025786444544792175,
    0.026594528928399086,
    -16.472734451293945,
    -0.018146935850381851,
    0.96666407585144043,
    0.25540384650230408,
    0.21194913983345032,
    -0.032293934375047684,
    0.25474599003791809,
    -0.96646857261657715,
    -8.0239181518554688,
    0,
    0,
    0,
    0.99999994039535522
  ],
  "frame_index" : 368,
  "projectionMatrix" : [
    1.6531691551208496,
    0,
    0.012780189514160156,
    0,
    0,
    2.2042255401611328,
    0.011199772357940674,
    0,
    0,
    0,
    -0.9999997615814209,
    -0.00099999981466680765,
    0,
    0,
    -1,
    0
  ],
  "cameraGrain" : 0,
  "exposureDuration" : 0.01666666753590107,
  "time" : 104201.45556912503,
  "intrinsics" : [
    1587.0423583984375,
    0,
    947.23101806640625,
    0,
    1587.0423583984375,
    727.5638427734375,
    0,
    0,
    1
  ],
  "averageAngularVelocity" : 0.26066049933433533,
  "averageVelocity" : 0.95164811611175537,
  "motionQuality" : 0.72810053825378418
}