{
  "averageAngularVelocity" : 0.23381093144416809,
  "time" : 104157.51679175002,
  "cameraGrain" : 0,
  "frame_index" : 116,
  "projectionMatrix" : [
    1.6607009172439575,
    0,
    0.012796759605407715,
    0,
    0,
    2.2142677307128906,
    0.011239290237426758,
    0,
    0,
    0,
    -0.9999997615814209,
    -0.00099999981466680765,
    0,
    0,
    -1,
    0
  ],
  "motionQuality" : 0.74309533834457397,
  "averageVelocity" : 0.89916634559631348,
  "cameraPoseARFrame" : [
    0.99984711408615112,
    0.014276975765824318,
    -0.010085908696055412,
    0.258623868227005,
    -0.010151371359825134,
    0.94396698474884033,
    0.32988312840461731,
    0.18480475246906281,
    0.01423051580786705,
    -0.32973036170005798,
    0.94396770000457764,
    -16.177947998046875,
    0,
    0,
    0,
    0.99999982118606567
  ],
  "intrinsics" : [
    1594.2728271484375,
    0,
    947.215087890625,
    0,
    1594.2728271484375,
    727.59228515625,
    0,
    0,
    1
  ],
  "exposureDuration" : 0.01666666753590107
}