{
  "intrinsics" : [
    1586.5904541015625,
    0,
    947.20440673828125,
    0,
    1586.5904541015625,
    727.58258056640625,
    0,
    0,
    1
  ],
  "cameraGrain" : 0,
  "frame_index" : 330,
  "cameraPoseARFrame" : [
    -0.99991440773010254,
    -0.012182664126157761,
    -0.0047673936933279037,
    -16.559646606445312,
    -0.013060124590992928,
    0.95076662302017212,
    0.3096320629119873,
    0.2070821076631546,
    0.00076053279917687178,
    0.30966785550117493,
    -0.950844407081604,
    -14.591696739196777,
    0,
    0,
    0,
    0.99999994039535522
  ],
  "projectionMatrix" : [
    1.6526983976364136,
    0,
    0.012807905673980713,
    0,
    0,
    2.2035977840423584,
    0.01122581958770752,
    0,
    0,
    0,
    -0.9999997615814209,
    -0.00099999981466680765,
    0,
    0,
    -1,
    0
  ],
  "motionQuality" : 0.74357670545578003,
  "exposureDuration" : 0.01666666753590107,
  "averageAngularVelocity" : 0.11757837235927582,
  "time" : 104194.7530794167,
  "averageVelocity" : 0.89748150110244751
}