{
  "intrinsics" : [
    1587.0423583984375,
    0,
    947.20343017578125,
    0,
    1587.0423583984375,
    727.56768798828125,
    0,
    0,
    1
  ],
  "cameraPoseARFrame" : [
    0.016144866123795509,
    -0.27558958530426025,
    0.9611397385597229,
    -2.0822837352752686,
    -0.016965026035904884,
    0.96105110645294189,
    0.2758491039276123,
    0.2433767169713974,
    -0.99972563982009888,
    -0.020759312435984612,
    0.010840662755072117,
    -24.684743881225586,
    0,
    0,
    0,
    0.99999982118606567
  ],
  "exposureDuration" : 0.01666666753590107,
  "projectionMatrix" : [
    1.6531691551208496,
    0,
    0.012808918952941895,
    0,
    0,
    2.2042255401611328,
    0.011205136775970459,
    0,
    0,
    0,
    -0.9999997615814209,
    -0.00099999981466680765,
    0,
    0,
    -1,
    0
  ],
  "averageVelocity" : 0.93165677785873413,
  "frame_index" : 182,
  "motionQuality" : 0.73381233215332031,
  "cameraGrain" : 0,
  "averageAngularVelocity" : 0.14845582842826843,
  "time" : 104169.02346308336
}