{
  "averageAngularVelocity" : 0.28427273035049438,
  "averageVelocity" : 1.0305929183959961,
  "cameraPoseARFrame" : [
    -0.99995523691177368,
    -0.0082584293559193611,
    -0.0046011931262910366,
    -16.661819458007812,
    -0.0093139521777629852,
    0.94399267435073853,
    0.32983466982841492,
    0.19881558418273926,
    0.0016195843927562237,
    0.3298628032207489,
    -0.94402748346328735,
    -18.870281219482422,
    0,
    0,
    0,
    0.99999994039535522
  ],
  "cameraGrain" : 0,
  "frame_index" : 304,
  "exposureDuration" : 0.01666666753590107,
  "time" : 104190.28383600002,
  "motionQuality" : 0.70554488897323608,
  "intrinsics" : [
    1585.2347412109375,
    0,
    947.19635009765625,
    0,
    1585.2347412109375,
    727.5904541015625,
    0,
    0,
    1
  ],
  "projectionMatrix" : [
    1.651286244392395,
    0,
    0.012816309928894043,
    0,
    0,
    2.2017149925231934,
    0.011236727237701416,
    0,
    0,
    0,
    -0.9999997615814209,
    -0.00099999981466680765,
    0,
    0,
    -1,
    0
  ]
}