{
  "intrinsics" : [
    1596.5323486328125,
    0,
    947.2537841796875,
    0,
    1596.5323486328125,
    727.566650390625,
    0,
    0,
    1
  ],
  "averageAngularVelocity" : 0.21095745265483856,
  "projectionMatrix" : [
    1.6630545854568481,
    0,
    0.012756466865539551,
    0,
    0,
    2.2174060344696045,
    0.01120370626449585,
    0,
    0,
    0,
    -0.9999997615814209,
    -0.00099999981466680765,
    0,
    0,
    -1,
    0
  ],
  "cameraGrain" : 0,
  "motionQuality" : 0.74373668432235718,
  "averageVelocity" : 0.89692157506942749,
  "frame_index" : 133,
  "cameraPoseARFrame" : [
    0.99961262941360474,
    0.016015240922570229,
    -0.022758686915040016,
    0.32367956638336182,
    -0.0094706984236836433,
    0.96476811170578003,
    0.26293092966079712,
    0.2622160017490387,
    0.026167759671807289,
    -0.26261356472969055,
    0.96454602479934692,
    -18.861005783081055,
    0,
    0,
    0,
    0.99999988079071045
  ],
  "exposureDuration" : 0.01666666753590107,
  "time" : 104160.48502804169
}