{
  "cameraPoseARFrame" : [
    -0.90328258275985718,
    -0.1961369663476944,
    0.38158971071243286,
    -15.934001922607422,
    -0.024491770192980766,
    0.91151297092437744,
    0.41054144501686096,
    0.17499008774757385,
    -0.42834636569023132,
    0.36148914694786072,
    -0.82815754413604736,
    -24.581583023071289,
    0,
    0,
    0,
    0.99999994039535522
  ],
  "intrinsics" : [
    1589.3018798828125,
    0,
    947.1199951171875,
    0,
    1589.3018798828125,
    727.63336181640625,
    0,
    0,
    1
  ],
  "exposureDuration" : 0.01666666753590107,
  "projectionMatrix" : [
    1.6555228233337402,
    0,
    0.012895822525024414,
    0,
    0,
    2.2073636054992676,
    0.011296331882476807,
    0,
    0,
    0,
    -0.9999997615814209,
    -0.00099999981466680765,
    0,
    0,
    -1,
    0
  ],
  "averageVelocity" : 0.83297204971313477,
  "frame_index" : 267,
  "motionQuality" : 0.7620079517364502,
  "cameraGrain" : 0,
  "averageAngularVelocity" : 0.30208069086074829,
  "time" : 104183.74474179168
}