{
  "intrinsics" : [
    1581.6195068359375,
    0,
    947.20159912109375,
    0,
    1581.6195068359375,
    727.55682373046875,
    0,
    0,
    1
  ],
  "averageAngularVelocity" : 0.081283770501613617,
  "projectionMatrix" : [
    1.6475203037261963,
    0,
    0.012810826301574707,
    0,
    0,
    2.1966936588287354,
    0.011190056800842285,
    0,
    0,
    0,
    -0.9999997615814209,
    -0.00099999981466680765,
    0,
    0,
    -1,
    0
  ],
  "cameraGrain" : 0,
  "motionQuality" : 0.76085692644119263,
  "averageVelocity" : 0.83700072765350342,
  "frame_index" : 36,
  "cameraPoseARFrame" : [
    0.99676746129989624,
    0.051703758537769318,
    -0.061492610722780228,
    -0.10030855238437653,
    -0.034989103674888611,
    0.96836858987808228,
    0.24705879390239716,
    0.23499137163162231,
    0.072321377694606781,
    -0.24410860240459442,
    0.96704739332199097,
    -3.7126126289367676,
    0,
    0,
    0,
    0.99999994039535522
  ],
  "exposureDuration" : 0.01666666753590107,
  "time" : 104143.57690895836
}