{
  "exposureDuration" : 0.01666666753590107,
  "averageAngularVelocity" : 0.097520716488361359,
  "frame_index" : 298,
  "time" : 104189.2149724167,
  "intrinsics" : [
    1587.9461669921875,
    0,
    947.1861572265625,
    0,
    1587.9461669921875,
    727.58953857421875,
    0,
    0,
    1
  ],
  "averageVelocity" : 0.96603173017501831,
  "projectionMatrix" : [
    1.6541105508804321,
    0,
    0.012826919555664062,
    0,
    0,
    2.2054808139801025,
    0.011235475540161133,
    0,
    0,
    0,
    -0.9999997615814209,
    -0.00099999981466680765,
    0,
    0,
    -1,
    0
  ],
  "cameraGrain" : 0,
  "motionQuality" : 0.72399091720581055,
  "cameraPoseARFrame" : [
    -0.99983638525009155,
    -0.017160946503281593,
    0.0057015353813767433,
    -16.672002792358398,
    -0.014340123161673546,
    0.94451487064361572,
    0.3281552791595459,
    0.19311517477035522,
    -0.011016640812158585,
    0.3280198872089386,
    -0.9446064829826355,
    -19.94951057434082,
    0,
    0,
    0,
    0.99999988079071045
  ]
}