{
  "intrinsics" : [
    1587.0423583984375,
    0,
    947.23992919921875,
    0,
    1587.0423583984375,
    727.58404541015625,
    0,
    0,
    1
  ],
  "cameraPoseARFrame" : [
    -0.033503968268632889,
    -0.30854621529579163,
    0.9506191611289978,
    -1.6125164031982422,
    0.0071231592446565628,
    0.95105522871017456,
    0.30893883109092712,
    0.21396887302398682,
    -0.99941319227218628,
    0.017122091725468636,
    -0.029666280373930931,
    -24.702625274658203,
    0,
    0,
    0,
    0.99999994039535522
  ],
  "exposureDuration" : 0.01666666753590107,
  "projectionMatrix" : [
    1.6531691551208496,
    0,
    0.012770891189575195,
    0,
    0,
    2.2042255401611328,
    0.011227846145629883,
    0,
    0,
    0,
    -0.9999997615814209,
    -0.00099999981466680765,
    0,
    0,
    -1,
    0
  ],
  "averageVelocity" : 0.93890702724456787,
  "frame_index" : 179,
  "motionQuality" : 0.73174083232879639,
  "cameraGrain" : 0,
  "averageAngularVelocity" : 0.32413941621780396,
  "time" : 104168.49007833336
}