{
  "intrinsics" : [
    1588.3980712890625,
    0,
    947.18206787109375,
    0,
    1588.3980712890625,
    727.60595703125,
    0,
    0,
    1
  ],
  "cameraPoseARFrame" : [
    0.042677372694015503,
    -0.35829716920852661,
    0.93263161182403564,
    -11.155726432800293,
    -0.015126842074096203,
    0.93314331769943237,
    0.35918593406677246,
    0.19054043292999268,
    -0.99897432327270508,
    -0.029436888173222542,
    0.034404203295707703,
    -24.724617004394531,
    0,
    0,
    0,
    0.99999988079071045
  ],
  "exposureDuration" : 0.01666666753590107,
  "projectionMatrix" : [
    1.6545813083648682,
    0,
    0.012831151485443115,
    0,
    0,
    2.2061083316802979,
    0.011258244514465332,
    0,
    0,
    0,
    -0.9999997615814209,
    -0.00099999981466680765,
    0,
    0,
    -1,
    0
  ],
  "averageVelocity" : 0.98632001876831055,
  "frame_index" : 236,
  "motionQuality" : 0.71819424629211426,
  "cameraGrain" : 0,
  "averageAngularVelocity" : 0.1177305281162262,
  "time" : 104178.34147754169
}