{
  "intrinsics" : [
    1594.2728271484375,
    0,
    947.224853515625,
    0,
    1594.2728271484375,
    727.56494140625,
    0,
    0,
    1
  ],
  "averageAngularVelocity" : 0.15752613544464111,
  "projectionMatrix" : [
    1.6607009172439575,
    0,
    0.012786626815795898,
    0,
    0,
    2.2142677307128906,
    0.011201322078704834,
    0,
    0,
    0,
    -0.9999997615814209,
    -0.00099999981466680765,
    0,
    0,
    -1,
    0
  ],
  "cameraGrain" : 0,
  "motionQuality" : 0.95499253273010254,
  "averageVelocity" : 0.14393278956413269,
  "cameraPoseARFrame" : [
    -0.99953722953796387,
    -0.016110232099890709,
    -0.025802319869399071,
    -16.310884475708008,
    -0.022143296897411346,
    0.96693289279937744,
    0.25406792759895325,
    0.26099559664726257,
    0.02085602656006813,
    0.2545216977596283,
    -0.9668421745300293,
    1.9479374885559082,
    0,
    0,
    0,
    0.99999994039535522
  ],
  "frame_index" : 431,
  "exposureDuration" : 0.01666666753590107,
  "time" : 104212.42838470836
}