{
  "exposureDuration" : 0.01666666753590107,
  "averageAngularVelocity" : 0.14452929794788361,
  "frame_index" : 38,
  "time" : 104144.01057275002,
  "intrinsics" : [
    1581.6195068359375,
    0,
    947.38262939453125,
    0,
    1581.6195068359375,
    727.55047607421875,
    0,
    0,
    1
  ],
  "averageVelocity" : 0.89434927701950073,
  "projectionMatrix" : [
    1.6475203037261963,
    0,
    0.012622237205505371,
    0,
    0,
    2.1966936588287354,
    0.011181235313415527,
    0,
    0,
    0,
    -0.9999997615814209,
    -0.00099999981466680765,
    0,
    0,
    -1,
    0
  ],
  "cameraGrain" : 0,
  "motionQuality" : 0.74447166919708252,
  "cameraPoseARFrame" : [
    0.99325495958328247,
    -0.0012817665701732039,
    -0.11594356596469879,
    -0.041111752390861511,
    0.024686001241207123,
    0.97935163974761963,
    0.20065100491046906,
    0.23793494701385498,
    0.11329235136508942,
    -0.20215980708599091,
    0.97277754545211792,
    -4.0807690620422363,
    0,
    0,
    0,
    0.99999994039535522
  ]
}