{
  "averageVelocity" : 1.063606858253479,
  "projectionMatrix" : [
    1.6531691551208496,
    0,
    0.012716710567474365,
    0,
    0,
    2.2042255401611328,
    0.011220872402191162,
    0,
    0,
    0,
    -0.9999997615814209,
    -0.00099999981466680765,
    0,
    0,
    -1,
    0
  ],
  "motionQuality" : 0.69611233472824097,
  "time" : 104200.92369858336,
  "frame_index" : 365,
  "averageAngularVelocity" : 0.19207659363746643,
  "intrinsics" : [
    1587.0423583984375,
    0,
    947.29193115234375,
    0,
    1587.0423583984375,
    727.57904052734375,
    0,
    0,
    1
  ],
  "cameraPoseARFrame" : [
    -0.99976706504821777,
    0.011361611075699329,
    0.018346464261412621,
    -16.444789886474609,
    0.016168186441063881,
    0.95745420455932617,
    0.28813165426254272,
    0.21650460362434387,
    -0.014292262494564056,
    0.28836122155189514,
    -0.95741498470306396,
    -8.5347747802734375,
    0,
    0,
    0,
    0.99999994039535522
  ],
  "cameraGrain" : 0,
  "exposureDuration" : 0.01666666753590107
}