{
  "intrinsics" : [
    1596.0804443359375,
    0,
    947.173828125,
    0,
    1596.0804443359375,
    727.6082763671875,
    0,
    0,
    1
  ],
  "averageAngularVelocity" : 0.14999473094940186,
  "projectionMatrix" : [
    1.6625838279724121,
    0,
    0.012839734554290771,
    0,
    0,
    2.2167782783508301,
    0.011261522769927979,
    0,
    0,
    0,
    -0.9999997615814209,
    -0.00099999981466680765,
    0,
    0,
    -1,
    0
  ],
  "cameraGrain" : 0,
  "motionQuality" : 0.7993624210357666,
  "averageVelocity" : 0.70223152637481689,
  "cameraPoseARFrame" : [
    -0.99877864122390747,
    0.0013357650022953749,
    -0.049389354884624481,
    -16.34941291809082,
    -0.016574444249272346,
    0.93264997005462646,
    0.36040130257606506,
    0.23339882493019104,
    0.046544406563043594,
    0.36077976226806641,
    -0.93148887157440186,
    1.5189899206161499,
    0,
    0,
    0,
    0.99999988079071045
  ],
  "frame_index" : 425,
  "exposureDuration" : 0.01666666753590107,
  "time" : 104211.39446279169
}