{
  "frame_index" : 53,
  "averageVelocity" : 0.89331978559494019,
  "exposureDuration" : 0.01666666753590107,
  "averageAngularVelocity" : 0.071668513119220734,
  "projectionMatrix" : [
    1.6625838279724121,
    0,
    0.012846827507019043,
    0,
    0,
    2.2167782783508301,
    0.011210381984710693,
    0,
    0,
    0,
    -0.9999997615814209,
    -0.00099999981466680765,
    0,
    0,
    -1,
    0
  ],
  "motionQuality" : 0.7447657585144043,
  "cameraGrain" : 0,
  "time" : 104146.61045366668,
  "cameraPoseARFrame" : [
    0.99659889936447144,
    0.058581989258527756,
    -0.057954337447881699,
    -0.033935077488422394,
    -0.03941388800740242,
    0.95649313926696777,
    0.28907987475395203,
    0.21782451868057251,
    0.072367817163467407,
    -0.28581252694129944,
    0.95554900169372559,
    -6.3928008079528809,
    0,
    0,
    0,
    0.99999994039535522
  ],
  "intrinsics" : [
    1596.0804443359375,
    0,
    947.16705322265625,
    0,
    1596.0804443359375,
    727.57147216796875,
    0,
    0,
    1
  ]
}