{
  "intrinsics" : [
    1587.9461669921875,
    0,
    947.11798095703125,
    0,
    1587.9461669921875,
    727.5975341796875,
    0,
    0,
    1
  ],
  "cameraGrain" : 0,
  "frame_index" : 294,
  "projectionMatrix" : [
    1.6541105508804321,
    0,
    0.012897908687591553,
    0,
    0,
    2.2054808139801025,
    0.011246562004089355,
    0,
    0,
    0,
    -0.9999997615814209,
    -0.00099999981466680765,
    0,
    0,
    -1,
    0
  ],
  "cameraPoseARFrame" : [
    -0.99866920709609985,
    -0.017524052411317825,
    -0.048504028469324112,
    -16.685205459594727,
    -0.033468343317508698,
    0.93577456474304199,
    0.35100671648979187,
    0.19387540221214294,
    0.03923778235912323,
    0.35216298699378967,
    -0.93511581420898438,
    -20.649866104125977,
    0,
    0,
    0,
    0.99999994039535522
  ],
  "motionQuality" : 0.73110014200210571,
  "exposureDuration" : 0.01666666753590107,
  "averageAngularVelocity" : 0.17073118686676025,
  "time" : 104188.48267704168,
  "averageVelocity" : 0.94114947319030762
}