{
  "averageAngularVelocity" : 0.46487829089164734,
  "intrinsics" : [
    1589.3018798828125,
    0,
    947.22308349609375,
    0,
    1589.3018798828125,
    727.60150146484375,
    0,
    0,
    1
  ],
  "projectionMatrix" : [
    1.6555228233337402,
    0,
    0.012788474559783936,
    0,
    0,
    2.2073636054992676,
    0.011252105236053467,
    0,
    0,
    0,
    -0.9999997615814209,
    -0.00099999981466680765,
    0,
    0,
    -1,
    0
  ],
  "cameraPoseARFrame" : [
    -0.99701684713363647,
    -0.027532083913683891,
    0.072106510400772095,
    -16.451457977294922,
    -0.00094133906532078981,
    0.93848413228988647,
    0.34532096982002258,
    0.18834619224071503,
    -0.077178224921226501,
    0.34422299265861511,
    -0.93571043014526367,
    -1.8711305856704712,
    0,
    0,
    0,
    0.99999994039535522
  ],
  "motionQuality" : 0.68492650985717773,
  "exposureDuration" : 0.01666666753590107,
  "cameraGrain" : 0,
  "averageVelocity" : 1.1027572154998779,
  "frame_index" : 404,
  "time" : 104207.69235712502
}