{
  "exposureDuration" : 0.01666666753590107,
  "averageAngularVelocity" : 0.092739298939704895,
  "frame_index" : 13,
  "time" : 104139.67475045836,
  "intrinsics" : [
    1578.907958984375,
    0,
    947.16778564453125,
    0,
    1578.907958984375,
    727.57159423828125,
    0,
    0,
    1
  ],
  "averageVelocity" : 0.57157802581787109,
  "projectionMatrix" : [
    1.6446957588195801,
    0,
    0.012846052646636963,
    0,
    0,
    2.1929278373718262,
    0.01121056079864502,
    0,
    0,
    0,
    -0.9999997615814209,
    -0.00099999981466680765,
    0,
    0,
    -1,
    0
  ],
  "cameraGrain" : 0,
  "motionQuality" : 0.83669197559356689,
  "cameraPoseARFrame" : [
    0.99929302930831909,
    0.037572417408227921,
    -0.0012929999502375722,
    -0.044540714472532272,
    -0.035618972033262253,
    0.95722055435180664,
    0.28715837001800537,
    0.23607680201530457,
    0.012026929296553135,
    -0.28690937161445618,
    0.95788216590881348,
    -0.57005083560943604,
    0,
    0,
    0,
    0.99999988079071045
  ]
}