{
  "intrinsics" : [
    1599.2437744140625,
    0,
    947.12823486328125,
    0,
    1599.2437744140625,
    727.60308837890625,
    0,
    0,
    1
  ],
  "cameraPoseARFrame" : [
    -0.99955320358276367,
    -0.018328988924622536,
    -0.023609420284628868,
    -16.710411071777344,
    -0.025596458464860916,
    0.93278777599334717,
    0.3595159649848938,
    0.22973218560218811,
    0.01543301809579134,
    0.35995963215827942,
    -0.93284022808074951,
    -21.865015029907227,
    0,
    0,
    0,
    0.99999988079071045
  ],
  "exposureDuration" : 0.01666666753590107,
  "projectionMatrix" : [
    1.6658788919448853,
    0,
    0.012887239456176758,
    0,
    0,
    2.2211718559265137,
    0.011254310607910156,
    0,
    0,
    0,
    -0.9999997615814209,
    -0.00099999981466680765,
    0,
    0,
    -1,
    0
  ],
  "averageVelocity" : 0.86126166582107544,
  "frame_index" : 286,
  "motionQuality" : 0.75392520427703857,
  "cameraGrain" : 0,
  "averageAngularVelocity" : 0.11195846647024155,
  "time" : 104187.14686400002
}