{
  "averageAngularVelocity" : 0.22716419398784637,
  "averageVelocity" : 1.0220378637313843,
  "cameraPoseARFrame" : [
    -0.99902600049972534,
    -0.020329678431153297,
    -0.039161890745162964,
    -16.672121047973633,
    -0.03240465372800827,
    0.94042402505874634,
    0.33845606446266174,
    0.20342546701431274,
    0.029948079958558083,
    0.33939546346664429,
    -0.9401668906211853,
    -18.172483444213867,
    0,
    0,
    0,
    0.99999994039535522
  ],
  "cameraGrain" : 0,
  "frame_index" : 308,
  "exposureDuration" : 0.01666666753590107,
  "time" : 104190.98433195836,
  "intrinsics" : [
    1585.2347412109375,
    0,
    947.13519287109375,
    0,
    1585.2347412109375,
    727.59112548828125,
    0,
    0,
    1
  ],
  "motionQuality" : 0.70798921585083008,
  "projectionMatrix" : [
    1.651286244392395,
    0,
    0.012880027294158936,
    0,
    0,
    2.2017149925231934,
    0.011237680912017822,
    0,
    0,
    0,
    -0.9999997615814209,
    -0.00099999981466680765,
    0,
    0,
    -1,
    0
  ]
}