{
  "averageVelocity" : 0.61917150020599365,
  "motionQuality" : 0.82309389114379883,
  "intrinsics" : [
    1593.3690185546875,
    0,
    947.18438720703125,
    0,
    1593.3690185546875,
    727.54656982421875,
    0,
    0,
    1
  ],
  "time" : 104139.13908283335,
  "frame_index" : 10,
  "projectionMatrix" : [
    1.6597594022750854,
    0,
    0.0128287672996521,
    0,
    0,
    2.2130124568939209,
    0.011175811290740967,
    0,
    0,
    0,
    -0.9999997615814209,
    -0.00099999981466680765,
    0,
    0,
    -1,
    0
  ],
  "averageAngularVelocity" : 0.13510031998157501,
  "exposureDuration" : 0.01666666753590107,
  "cameraGrain" : 0,
  "cameraPoseARFrame" : [
    0.99805575609207153,
    0.058057099580764771,
    -0.022671082988381386,
    -0.12288184463977814,
    -0.051623404026031494,
    0.97385048866271973,
    0.22124655544757843,
    0.23688718676567078,
    0.034923188388347626,
    -0.21964605152606964,
    0.97495424747467041,
    -0.22627481818199158,
    0,
    0,
    0,
    0.99999994039535522
  ]
}