{
  "averageAngularVelocity" : 0.21128493547439575,
  "time" : 104159.41977933336,
  "cameraGrain" : 0,
  "frame_index" : 127,
  "motionQuality" : 0.75830256938934326,
  "projectionMatrix" : [
    1.6489323377609253,
    0,
    0.012871325016021729,
    0,
    0,
    2.1985764503479004,
    0.011238634586334229,
    0,
    0,
    0,
    -0.9999997615814209,
    -0.00099999981466680765,
    0,
    0,
    -1,
    0
  ],
  "averageVelocity" : 0.84594106674194336,
  "cameraPoseARFrame" : [
    0.99778211116790771,
    0.055265743285417557,
    -0.03710126131772995,
    0.35085532069206238,
    -0.039952833205461502,
    0.94303929805755615,
    0.3302730917930603,
    0.18343177437782288,
    0.05324074998497963,
    -0.32805833220481873,
    0.94315588474273682,
    -17.862543106079102,
    0,
    0,
    0,
    0.99999994039535522
  ],
  "intrinsics" : [
    1582.97509765625,
    0,
    947.1435546875,
    0,
    1582.97509765625,
    727.591796875,
    0,
    0,
    1
  ],
  "exposureDuration" : 0.01666666753590107
}