{
  "intrinsics" : [
    1589.7537841796875,
    0,
    947.24530029296875,
    0,
    1589.7537841796875,
    727.55914306640625,
    0,
    0,
    1
  ],
  "cameraGrain" : 0,
  "frame_index" : 219,
  "projectionMatrix" : [
    1.6559935808181763,
    0,
    0.012765288352966309,
    0,
    0,
    2.207991361618042,
    0.011193275451660156,
    0,
    0,
    0,
    -0.9999997615814209,
    -0.00099999981466680765,
    0,
    0,
    -1,
    0
  ],
  "cameraPoseARFrame" : [
    0.007383241318166256,
    -0.24568033218383789,
    0.96932268142700195,
    -8.2280244827270508,
    -0.012513083405792713,
    0.96925050020217896,
    0.2457573264837265,
    0.23224435746669769,
    -0.99989438056945801,
    -0.013943702913820744,
    0.0040819989517331123,
    -24.745681762695312,
    0,
    0,
    0,
    0.99999982118606567
  ],
  "motionQuality" : 0.72284173965454102,
  "exposureDuration" : 0.01666666753590107,
  "averageAngularVelocity" : 0.21495245397090912,
  "time" : 104175.30659404169,
  "averageVelocity" : 0.97005391120910645
}