{
  "cameraPoseARFrame" : [
    -0.99983787536621094,
    -0.017690075561404228,
    -0.0033363346010446548,
    -16.554807662963867,
    -0.017829997465014458,
    0.94757771492004395,
    0.31902721524238586,
    0.21122801303863525,
    -0.0024821746628731489,
    0.31903499364852905,
    -0.94773960113525391,
    -14.681415557861328,
    0,
    0,
    0,
    0.99999994039535522
  ],
  "intrinsics" : [
    1584.7828369140625,
    0,
    947.1876220703125,
    0,
    1584.7828369140625,
    727.5859375,
    0,
    0,
    1
  ],
  "exposureDuration" : 0.01666666753590107,
  "projectionMatrix" : [
    1.650815486907959,
    0,
    0.012825369834899902,
    0,
    0,
    2.2010872364044189,
    0.01123046875,
    0,
    0,
    0,
    -0.9999997615814209,
    -0.00099999981466680765,
    0,
    0,
    -1,
    0
  ],
  "averageVelocity" : 0.88208103179931641,
  "frame_index" : 329,
  "motionQuality" : 0.74797683954238892,
  "cameraGrain" : 0,
  "averageAngularVelocity" : 0.068041160702705383,
  "time" : 104194.65298329169
}