{
  "exposureDuration" : 0.01666666753590107,
  "averageAngularVelocity" : 0.15877802670001984,
  "frame_index" : 52,
  "time" : 104146.37845300003,
  "intrinsics" : [
    1596.0804443359375,
    0,
    947.2119140625,
    0,
    1596.0804443359375,
    727.57330322265625,
    0,
    0,
    1
  ],
  "averageVelocity" : 0.8914339542388916,
  "projectionMatrix" : [
    1.6625838279724121,
    0,
    0.012800097465515137,
    0,
    0,
    2.2167782783508301,
    0.011212944984436035,
    0,
    0,
    0,
    -0.9999997615814209,
    -0.00099999981466680765,
    0,
    0,
    -1,
    0
  ],
  "cameraGrain" : 0,
  "motionQuality" : 0.74530458450317383,
  "cameraPoseARFrame" : [
    0.99714547395706177,
    0.041393999010324478,
    -0.063146471977233887,
    -0.055800937116146088,
    -0.021354028955101967,
    0.95678931474685669,
    0.28999665379524231,
    0.23103544116020203,
    0.072422005236148834,
    -0.28782039880752563,
    0.95494210720062256,
    -6.1881346702575684,
    0,
    0,
    0,
    0.99999988079071045
  ]
}