{
  "exposureDuration" : 0.01666666753590107,
  "averageAngularVelocity" : 0.33953651785850525,
  "frame_index" : 393,
  "time" : 104205.69278358336,
  "intrinsics" : [
    1582.97509765625,
    0,
    947.2052001953125,
    0,
    1582.97509765625,
    727.5804443359375,
    0,
    0,
    1
  ],
  "averageVelocity" : 1.0596753358840942,
  "projectionMatrix" : [
    1.6489323377609253,
    0,
    0.012807071208953857,
    0,
    0,
    2.1985764503479004,
    0.01122283935546875,
    0,
    0,
    0,
    -0.9999997615814209,
    -0.00099999981466680765,
    0,
    0,
    -1,
    0
  ],
  "cameraGrain" : 0,
  "motionQuality" : 0.6972355842590332,
  "cameraPoseARFrame" : [
    -0.99978214502334595,
    -0.020790496841073036,
    0.0018089072545990348,
    -16.480161666870117,
    -0.019270893186330795,
    0.95301079750061035,
    0.30232247710227966,
    0.2128068208694458,
    -0.0080093350261449814,
    0.30222180485725403,
    -0.95320397615432739,
    -3.9073326587677002,
    0,
    0,
    0,
    0.99999988079071045
  ]
}