{
  "averageAngularVelocity" : 0.1423182338476181,
  "time" : 104159.61992595835,
  "cameraGrain" : 0,
  "frame_index" : 128,
  "projectionMatrix" : [
    1.6489323377609253,
    0,
    0.012840807437896729,
    0,
    0,
    2.1985764503479004,
    0.011239707469940186,
    0,
    0,
    0,
    -0.9999997615814209,
    -0.00099999981466680765,
    0,
    0,
    -1,
    0
  ],
  "motionQuality" : 0.7138056755065918,
  "averageVelocity" : 1.0016802549362183,
  "cameraPoseARFrame" : [
    0.99927085638046265,
    0.035589065402746201,
    -0.013824669644236565,
    0.37249362468719482,
    -0.029018037021160126,
    0.94326162338256836,
    0.3307797908782959,
    0.19460904598236084,
    0.024812428280711174,
    -0.3301374614238739,
    0.94360661506652832,
    -18.056058883666992,
    0,
    0,
    0,
    0.99999988079071045
  ],
  "intrinsics" : [
    1582.97509765625,
    0,
    947.1728515625,
    0,
    1582.97509765625,
    727.59259033203125,
    0,
    0,
    1
  ],
  "exposureDuration" : 0.01666666753590107
}