{
  "averageAngularVelocity" : 0.25240638852119446,
  "time" : 104158.15036508336,
  "cameraGrain" : 0,
  "frame_index" : 120,
  "motionQuality" : 0.71657955646514893,
  "projectionMatrix" : [
    1.6479910612106323,
    0,
    0.012826859951019287,
    0,
    0,
    2.1973214149475098,
    0.011229634284973145,
    0,
    0,
    0,
    -0.9999997615814209,
    -0.00099999981466680765,
    0,
    0,
    -1,
    0
  ],
  "averageVelocity" : 0.99197155237197876,
  "cameraPoseARFrame" : [
    0.99957489967346191,
    0.029056642204523087,
    0.002395781222730875,
    0.31634721159934998,
    -0.028312038630247116,
    0.94776344299316406,
    0.31771498918533325,
    0.1831672340631485,
    0.0069610993377864361,
    -0.31764775514602661,
    0.94818323850631714,
    -16.725149154663086,
    0,
    0,
    0,
    0.99999994039535522
  ],
  "intrinsics" : [
    1582.0714111328125,
    0,
    947.18621826171875,
    0,
    1582.0714111328125,
    727.5853271484375,
    0,
    0,
    1
  ],
  "exposureDuration" : 0.01666666753590107
}