{
  "intrinsics" : [
    1612.8009033203125,
    0,
    947.18963623046875,
    0,
    1612.8009033203125,
    727.60577392578125,
    0,
    0,
    1
  ],
  "cameraGrain" : 0,
  "frame_index" : 243,
  "cameraPoseARFrame" : [
    0.057734966278076172,
    -0.35390403866767883,
    0.93349802494049072,
    -12.326177597045898,
    -0.012552428990602493,
    0.93472647666931152,
    0.35514611005783081,
    0.19055414199829102,
    -0.99825286865234375,
    -0.032222025096416473,
    0.049524061381816864,
    -24.749336242675781,
    0,
    0,
    0,
    0.99999988079071045
  ],
  "projectionMatrix" : [
    1.680000901222229,
    0,
    0.012823283672332764,
    0,
    0,
    2.2400012016296387,
    0.01125800609588623,
    0,
    0,
    0,
    -0.9999997615814209,
    -0.00099999981466680765,
    0,
    0,
    -1,
    0
  ],
  "motionQuality" : 0.71813136339187622,
  "exposureDuration" : 0.01666666753590107,
  "averageAngularVelocity" : 0.21162785589694977,
  "time" : 104179.50923279169,
  "averageVelocity" : 0.98654019832611084
}