{
  "intrinsics" : [
    1587.0423583984375,
    0,
    947.166259765625,
    0,
    1587.0423583984375,
    727.591552734375,
    0,
    0,
    1
  ],
  "averageAngularVelocity" : 0.19781088829040527,
  "projectionMatrix" : [
    1.6531691551208496,
    0,
    0.012847661972045898,
    0,
    0,
    2.2042255401611328,
    0.011238276958465576,
    0,
    0,
    0,
    -0.9999997615814209,
    -0.00099999981466680765,
    0,
    0,
    -1,
    0
  ],
  "cameraGrain" : 0,
  "motionQuality" : 0.7423168420791626,
  "averageVelocity" : 0.90189111232757568,
  "frame_index" : 76,
  "cameraPoseARFrame" : [
    0.99690800905227661,
    0.054263278841972351,
    -0.056831210851669312,
    0.024525314569473267,
    -0.032259702682495117,
    0.94213461875915527,
    0.33367857336997986,
    0.18415464460849762,
    0.071649156510829926,
    -0.33081352710723877,
    0.94097214937210083,
    -10.031845092773438,
    0,
    0,
    0,
    0.99999988079071045
  ],
  "exposureDuration" : 0.01666666753590107,
  "time" : 104150.61297741669
}