{
  "motionQuality" : 0.79690301418304443,
  "intrinsics" : [
    1583.8790283203125,
    0,
    947.29052734375,
    0,
    1583.8790283203125,
    727.580078125,
    0,
    0,
    1
  ],
  "frame_index" : 161,
  "cameraGrain" : 0,
  "projectionMatrix" : [
    1.6498739719390869,
    0,
    0.01271820068359375,
    0,
    0,
    2.1998319625854492,
    0.011222302913665771,
    0,
    0,
    0,
    -0.9999997615814209,
    -0.00099999981466680765,
    0,
    0,
    -1,
    0
  ],
  "averageVelocity" : 0.71083950996398926,
  "time" : 104165.38789491668,
  "averageAngularVelocity" : 0.52659851312637329,
  "exposureDuration" : 0.01666666753590107,
  "cameraPoseARFrame" : [
    0.67117667198181152,
    -0.22541399300098419,
    0.70619422197341919,
    0.31398546695709229,
    0.012743408791720867,
    0.95601397752761841,
    0.29304376244544983,
    0.19268710911273956,
    -0.74118787050247192,
    -0.18768484890460968,
    0.64452683925628662,
    -23.358430862426758,
    0,
    0,
    0,
    1
  ]
}