{
  "exposureDuration" : 0.01666666753590107,
  "averageAngularVelocity" : 0.089745402336120605,
  "frame_index" : 44,
  "time" : 104145.07787791669,
  "intrinsics" : [
    1584.7828369140625,
    0,
    947.34844970703125,
    0,
    1584.7828369140625,
    727.55474853515625,
    0,
    0,
    1
  ],
  "averageVelocity" : 0.90937668085098267,
  "projectionMatrix" : [
    1.650815486907959,
    0,
    0.012657880783081055,
    0,
    0,
    2.2010872364044189,
    0.011187136173248291,
    0,
    0,
    0,
    -0.9999997615814209,
    -0.00099999981466680765,
    0,
    0,
    -1,
    0
  ],
  "cameraGrain" : 0.0011247362708672881,
  "motionQuality" : 0.74017810821533203,
  "cameraPoseARFrame" : [
    0.99971562623977661,
    -0.013536222279071808,
    -0.019632745534181595,
    -0.015596639364957809,
    0.017581995576620102,
    0.97458112239837646,
    0.22334371507167816,
    0.24829313158988953,
    0.016110477969050407,
    -0.22362539172172546,
    0.97454190254211426,
    -4.9669909477233887,
    0,
    0,
    0,
    0.99999994039535522
  ]
}