{
  "frame_index" : 366,
  "projectionMatrix" : [
    1.6531691551208496,
    0,
    0.012718737125396729,
    0,
    0,
    2.2042255401611328,
    0.01122128963470459,
    0,
    0,
    0,
    -0.9999997615814209,
    -0.00099999981466680765,
    0,
    0,
    -1,
    0
  ],
  "cameraPoseARFrame" : [
    -0.99950492382049561,
    0.003366188844665885,
    0.031280346214771271,
    -16.444131851196289,
    0.012237364426255226,
    0.95755940675735474,
    0.2879757285118103,
    0.22609660029411316,
    -0.028983410447835922,
    0.2882159948348999,
    -0.95712661743164062,
    -8.4363374710083008,
    0,
    0,
    0,
    0.99999994039535522
  ],
  "cameraGrain" : 0,
  "exposureDuration" : 0.01666666753590107,
  "time" : 104201.02174529168,
  "intrinsics" : [
    1587.0423583984375,
    0,
    947.2900390625,
    0,
    1587.0423583984375,
    727.579345703125,
    0,
    0,
    1
  ],
  "averageAngularVelocity" : 0.14246942102909088,
  "averageVelocity" : 0.98912763595581055,
  "motionQuality" : 0.71739208698272705
}