{
  "exposureDuration" : 0.01666666753590107,
  "averageAngularVelocity" : 0.23574179410934448,
  "frame_index" : 21,
  "time" : 104140.97392929169,
  "intrinsics" : [
    1578.4560546875,
    0,
    947.22637939453125,
    0,
    1578.4560546875,
    727.56549072265625,
    0,
    0,
    1
  ],
  "averageVelocity" : 0.85812842845916748,
  "projectionMatrix" : [
    1.644225001335144,
    0,
    0.012785017490386963,
    0,
    0,
    2.1923000812530518,
    0.011202096939086914,
    0,
    0,
    0,
    -0.9999997615814209,
    -0.00099999981466680765,
    0,
    0,
    -1,
    0
  ],
  "cameraGrain" : 0,
  "motionQuality" : 0.75482046604156494,
  "cameraPoseARFrame" : [
    0.99971020221710205,
    0.023870637640357018,
    -0.0031063787173479795,
    -0.027550105005502701,
    -0.022115211933851242,
    0.96173179149627686,
    0.27309828996658325,
    0.21583926677703857,
    0.0095065422356128693,
    -0.27295050024986267,
    0.96198105812072754,
    -1.5476405620574951,
    0,
    0,
    0,
    0.99999994039535522
  ]
}