{
  "averageVelocity" : 0.98476040363311768,
  "motionQuality" : 0.71863985061645508,
  "intrinsics" : [
    1587.494140625,
    0,
    947.1806640625,
    0,
    1587.494140625,
    727.58636474609375,
    0,
    0,
    1
  ],
  "time" : 104149.01347254169,
  "frame_index" : 67,
  "projectionMatrix" : [
    1.6536396741867065,
    0,
    0.0128326416015625,
    0,
    0,
    2.2048530578613281,
    0.011231064796447754,
    0,
    0,
    0,
    -0.9999997615814209,
    -0.00099999981466680765,
    0,
    0,
    -1,
    0
  ],
  "averageAngularVelocity" : 0.2248200923204422,
  "exposureDuration" : 0.01666666753590107,
  "cameraGrain" : 0,
  "cameraPoseARFrame" : [
    0.99898189306259155,
    0.036424007266759872,
    -0.026616174727678299,
    0.0084616057574748993,
    -0.025899065658450127,
    0.94614052772521973,
    0.32271838188171387,
    0.18025912344455719,
    0.036937344819307327,
    -0.32170048356056213,
    0.94612067937850952,
    -8.5916471481323242,
    0,
    0,
    0,
    0.99999994039535522
  ]
}