{
  "projectionMatrix" : [
    1.6574057340621948,
    0,
    0.012737572193145752,
    0,
    0,
    2.2098743915557861,
    0.011192083358764648,
    0,
    0,
    0,
    -0.9999997615814209,
    -0.00099999981466680765,
    0,
    0,
    -1,
    0
  ],
  "averageVelocity" : 0.91632866859436035,
  "cameraPoseARFrame" : [
    -0.99974185228347778,
    -0.0075590671040117741,
    0.021425699815154076,
    -16.521289825439453,
    -0.0022074375301599503,
    0.97088605165481567,
    0.2395312637090683,
    0.23416134715080261,
    -0.022612553089857101,
    0.23942214250564575,
    -0.97065216302871704,
    -11.305779457092285,
    0,
    0,
    0,
    0.99999994039535522
  ],
  "averageAngularVelocity" : 0.13933078944683075,
  "cameraGrain" : 0,
  "intrinsics" : [
    1591.1094970703125,
    0,
    947.27191162109375,
    0,
    1591.1094970703125,
    727.55828857421875,
    0,
    0,
    1
  ],
  "exposureDuration" : 0.01666666753590107,
  "motionQuality" : 0.73819184303283691,
  "time" : 104198.11999254169,
  "frame_index" : 349
}