{
  "averageAngularVelocity" : 0.048668250441551208,
  "time" : 104162.01945016668,
  "cameraGrain" : 0,
  "frame_index" : 142,
  "motionQuality" : 0.73611712455749512,
  "projectionMatrix" : [
    1.6545813083648682,
    0,
    0.012820601463317871,
    0,
    0,
    2.2061083316802979,
    0.01121443510055542,
    0,
    0,
    0,
    -0.9999997615814209,
    -0.00099999981466680765,
    0,
    0,
    -1,
    0
  ],
  "averageVelocity" : 0.92359006404876709,
  "cameraPoseARFrame" : [
    0.99684727191925049,
    0.047624651342630386,
    -0.063461057841777802,
    0.32800686359405518,
    -0.027194663882255554,
    0.95645701885223389,
    0.29060342907905579,
    0.21667864918708801,
    0.074537657201290131,
    -0.28796148300170898,
    0.95473676919937134,
    -20.350723266601562,
    0,
    0,
    0,
    0.99999994039535522
  ],
  "intrinsics" : [
    1588.3980712890625,
    0,
    947.19219970703125,
    0,
    1588.3980712890625,
    727.57440185546875,
    0,
    0,
    1
  ],
  "exposureDuration" : 0.01666666753590107
}