{
  "frame_index" : 194,
  "cameraPoseARFrame" : [
    -0.003249745350331068,
    -0.30940091609954834,
    0.95092600584030151,
    -4.0198440551757812,
    -0.020928246900439262,
    0.95074385404586792,
    0.30927008390426636,
    0.21739311516284943,
    -0.99977564811706543,
    -0.018896168097853661,
    -0.0095648989081382751,
    -24.666627883911133,
    0,
    0,
    0,
    0.99999982118606567
  ],
  "averageVelocity" : 0.96527397632598877,
  "time" : 104171.0371941667,
  "projectionMatrix" : [
    1.6531691551208496,
    0,
    0.012841880321502686,
    0,
    0,
    2.2042255401611328,
    0.01122361421585083,
    0,
    0,
    0,
    -0.9999997615814209,
    -0.00099999981466680765,
    0,
    0,
    -1,
    0
  ],
  "motionQuality" : 0.72420740127563477,
  "averageAngularVelocity" : 0.099027983844280243,
  "cameraGrain" : 0,
  "intrinsics" : [
    1587.0423583984375,
    0,
    947.17181396484375,
    0,
    1587.0423583984375,
    727.58099365234375,
    0,
    0,
    1
  ],
  "exposureDuration" : 0.01666666753590107
}