{
  "projectionMatrix" : [
    1.6677619218826294,
    0,
    0.012760758399963379,
    0,
    0,
    2.2236824035644531,
    0.011243522167205811,
    0,
    0,
    0,
    -0.9999997615814209,
    -0.00099999981466680765,
    0,
    0,
    -1,
    0
  ],
  "averageVelocity" : 1.0018396377563477,
  "cameraPoseARFrame" : [
    -0.99934417009353638,
    -0.0059806574136018753,
    0.035714954137802124,
    -16.426837921142578,
    0.006129321176558733,
    0.94410079717636108,
    0.32959997653961182,
    0.21356439590454102,
    -0.035689745098352432,
    0.32960271835327148,
    -0.94344496726989746,
    -0.46564018726348877,
    0,
    0,
    0,
    1
  ],
  "averageAngularVelocity" : 0.16871750354766846,
  "cameraGrain" : 0,
  "intrinsics" : [
    1601.0513916015625,
    0,
    947.24969482421875,
    0,
    1601.0513916015625,
    727.5953369140625,
    0,
    0,
    1
  ],
  "exposureDuration" : 0.01666666753590107,
  "motionQuality" : 0.7137601375579834,
  "time" : 104209.09302029169,
  "frame_index" : 412
}