{
  "intrinsics" : [
    1599.2437744140625,
    0,
    947.217529296875,
    0,
    1599.2437744140625,
    727.59295654296875,
    0,
    0,
    1
  ],
  "cameraGrain" : 0,
  "frame_index" : 241,
  "cameraPoseARFrame" : [
    0.014296661131083965,
    -0.32836443185806274,
    0.94444280862808228,
    -11.985161781311035,
    -0.0063859350048005581,
    0.94449007511138916,
    0.32847753167152405,
    0.17553837597370148,
    -0.99987733364105225,
    -0.010727287270128727,
    0.011406151577830315,
    -24.738729476928711,
    0,
    0,
    0,
    0.99999982118606567
  ],
  "projectionMatrix" : [
    1.6658788919448853,
    0,
    0.012794256210327148,
    0,
    0,
    2.2211718559265137,
    0.011240243911743164,
    0,
    0,
    0,
    -0.9999997615814209,
    -0.00099999981466680765,
    0,
    0,
    -1,
    0
  ],
  "motionQuality" : 0.69857335090637207,
  "exposureDuration" : 0.01666666753590107,
  "averageAngularVelocity" : 0.12766511738300323,
  "time" : 104179.17731170835,
  "averageVelocity" : 1.0549933910369873
}