{
  "averageAngularVelocity" : 0.12759001553058624,
  "time" : 104152.94917370836,
  "cameraGrain" : 0,
  "frame_index" : 90,
  "projectionMatrix" : [
    1.6625838279724121,
    0,
    0.012819826602935791,
    0,
    0,
    2.2167782783508301,
    0.011219620704650879,
    0,
    0,
    0,
    -0.9999997615814209,
    -0.00099999981466680765,
    0,
    0,
    -1,
    0
  ],
  "motionQuality" : 0.74207878112792969,
  "averageVelocity" : 0.90272426605224609,
  "cameraPoseARFrame" : [
    0.99955147504806519,
    0.029197148978710175,
    -0.0066509037278592587,
    0.14172324538230896,
    -0.025837309658527374,
    0.95316958427429199,
    0.30133020877838135,
    0.2037983238697052,
    0.015137413516640663,
    -0.30102324485778809,
    0.95349657535552979,
    -12.146282196044922,
    0,
    0,
    0,
    0.99999994039535522
  ],
  "intrinsics" : [
    1596.0804443359375,
    0,
    947.1929931640625,
    0,
    1596.0804443359375,
    727.578125,
    0,
    0,
    1
  ],
  "exposureDuration" : 0.01666666753590107
}