{
  "cameraPoseARFrame" : [
    -0.9999992847442627,
    -0.00079131865641102195,
    0.00086302391719073057,
    -16.460384368896484,
    -0.00051153532695025206,
    0.9582558274269104,
    0.28591126203536987,
    0.20778287947177887,
    -0.0010532427113503218,
    0.28591072559356689,
    -0.9582555890083313,
    -8.7420587539672852,
    0,
    0,
    0,
    0.99999988079071045
  ],
  "frame_index" : 364,
  "projectionMatrix" : [
    1.6418715715408325,
    0,
    0.012761056423187256,
    0,
    0,
    2.189162015914917,
    0.011216044425964355,
    0,
    0,
    0,
    -0.9999997615814209,
    -0.00099999981466680765,
    0,
    0,
    -1,
    0
  ],
  "cameraGrain" : 0,
  "exposureDuration" : 0.01666666753590107,
  "time" : 104200.72346458335,
  "intrinsics" : [
    1576.1966552734375,
    0,
    947.2493896484375,
    0,
    1576.1966552734375,
    727.5755615234375,
    0,
    0,
    1
  ],
  "averageAngularVelocity" : 0.11517290025949478,
  "averageVelocity" : 0.99381756782531738,
  "motionQuality" : 0.71605211496353149
}