{
  "intrinsics" : [
    1597.8880615234375,
    0,
    947.28668212890625,
    0,
    1597.8880615234375,
    727.57550048828125,
    0,
    0,
    1
  ],
  "cameraGrain" : 0,
  "frame_index" : 172,
  "projectionMatrix" : [
    1.6644667387008667,
    0,
    0.012722194194793701,
    0,
    0,
    2.2192890644073486,
    0.01121598482131958,
    0,
    0,
    0,
    -0.9999997615814209,
    -0.00099999981466680765,
    0,
    0,
    -1,
    0
  ],
  "cameraPoseARFrame" : [
    0.062780953943729401,
    -0.2845732569694519,
    0.9565962553024292,
    -0.4856356680393219,
    0.013578345067799091,
    0.95864188671112061,
    0.284290611743927,
    0.19964948296546936,
    -0.99793487787246704,
    -0.0048590437509119511,
    0.064048483967781067,
    -24.522195816040039,
    0,
    0,
    0,
    0.99999988079071045
  ],
  "motionQuality" : 0.72523176670074463,
  "exposureDuration" : 0.01666666753590107,
  "averageAngularVelocity" : 0.17967846989631653,
  "time" : 104167.22282787503,
  "averageVelocity" : 0.96168875694274902
}