{
  "exposureDuration" : 0.01666666753590107,
  "averageAngularVelocity" : 0.062068693339824677,
  "frame_index" : 61,
  "time" : 104147.94428241669,
  "intrinsics" : [
    1585.2347412109375,
    0,
    947.176025390625,
    0,
    1585.2347412109375,
    727.57098388671875,
    0,
    0,
    1
  ],
  "averageVelocity" : 0.9411807656288147,
  "projectionMatrix" : [
    1.651286244392395,
    0,
    0.012837469577789307,
    0,
    0,
    2.2017149925231934,
    0.011209726333618164,
    0,
    0,
    0,
    -0.9999997615814209,
    -0.00099999981466680765,
    0,
    0,
    -1,
    0
  ],
  "cameraGrain" : 0,
  "motionQuality" : 0.7310912013053894,
  "cameraPoseARFrame" : [
    0.99712079763412476,
    0.053668428212404251,
    -0.053568616509437561,
    0.018365662544965744,
    -0.036091256886720657,
    0.95719611644744873,
    0.2871805727481842,
    0.20589032769203186,
    0.066688217222690582,
    -0.28442040085792542,
    0.95637714862823486,
    -7.5830392837524414,
    0,
    0,
    0,
    0.99999982118606567
  ]
}