{
  "intrinsics" : [
    1589.7537841796875,
    0,
    947.2388916015625,
    0,
    1589.7537841796875,
    727.55859375,
    0,
    0,
    1
  ],
  "cameraGrain" : 0,
  "frame_index" : 211,
  "projectionMatrix" : [
    1.6559935808181763,
    0,
    0.012771964073181152,
    0,
    0,
    2.207991361618042,
    0.011192500591278076,
    0,
    0,
    0,
    -0.9999997615814209,
    -0.00099999981466680765,
    0,
    0,
    -1,
    0
  ],
  "cameraPoseARFrame" : [
    0.012050317600369453,
    -0.24832671880722046,
    0.9686012864112854,
    -6.9462881088256836,
    -0.013237648643553257,
    0.96854710578918457,
    0.2484775185585022,
    0.24189195036888123,
    -0.99983972311019897,
    -0.015816241502761841,
    0.0083840405568480492,
    -24.690217971801758,
    0,
    0,
    0,
    0.99999994039535522
  ],
  "motionQuality" : 0.67642867565155029,
  "exposureDuration" : 0.01666666753590107,
  "averageAngularVelocity" : 0.31073042750358582,
  "time" : 104173.9741207917,
  "averageVelocity" : 1.1324996948242188
}