{
  "exposureDuration" : 0.01666666753590107,
  "averageAngularVelocity" : 0.18313367664813995,
  "frame_index" : 43,
  "time" : 104144.84252300003,
  "intrinsics" : [
    1584.7828369140625,
    0,
    947.3778076171875,
    0,
    1584.7828369140625,
    727.54840087890625,
    0,
    0,
    1
  ],
  "averageVelocity" : 0.89763033390045166,
  "projectionMatrix" : [
    1.650815486907959,
    0,
    0.012627303600311279,
    0,
    0,
    2.2010872364044189,
    0.011178314685821533,
    0,
    0,
    0,
    -0.9999997615814209,
    -0.00099999981466680765,
    0,
    0,
    -1,
    0
  ],
  "cameraGrain" : 0,
  "motionQuality" : 0.74353420734405518,
  "cameraPoseARFrame" : [
    0.99960428476333618,
    -0.020657522603869438,
    -0.019090170040726662,
    -0.015407226979732513,
    0.024025037884712219,
    0.97999924421310425,
    0.19754531979560852,
    0.24776893854141235,
    0.014627552591264248,
    -0.19792582094669342,
    0.98010778427124023,
    -4.7567405700683594,
    0,
    0,
    0,
    0.99999994039535522
  ]
}