{
  "intrinsics" : [
    1583.4271240234375,
    0,
    947.229248046875,
    0,
    1583.4271240234375,
    727.58807373046875,
    0,
    0,
    1
  ],
  "averageAngularVelocity" : 0.097974382340908051,
  "projectionMatrix" : [
    1.6494032144546509,
    0,
    0.012782037258148193,
    0,
    0,
    2.1992044448852539,
    0.01123344898223877,
    0,
    0,
    0,
    -0.9999997615814209,
    -0.00099999981466680765,
    0,
    0,
    -1,
    0
  ],
  "cameraGrain" : 0,
  "motionQuality" : 0.73432904481887817,
  "averageVelocity" : 0.929848313331604,
  "frame_index" : 131,
  "cameraPoseARFrame" : [
    0.99995416402816772,
    0.0046716202050447464,
    0.0083471499383449554,
    0.34991082549095154,
    -0.0070627643726766109,
    0.94909381866455078,
    0.31491398811340332,
    0.20591986179351807,
    -0.0064510744996368885,
    -0.31495854258537292,
    0.94908338785171509,
    -18.548248291015625,
    0,
    0,
    0,
    0.99999994039535522
  ],
  "exposureDuration" : 0.01666666753590107,
  "time" : 104160.15159758336
}