{
  "exposureDuration" : 0.01666666753590107,
  "averageAngularVelocity" : 0.25651076436042786,
  "frame_index" : 63,
  "time" : 104148.24640662502,
  "intrinsics" : [
    1585.6866455078125,
    0,
    947.200439453125,
    0,
    1585.6866455078125,
    727.56231689453125,
    0,
    0,
    1
  ],
  "averageVelocity" : 0.97463494539260864,
  "projectionMatrix" : [
    1.6517568826675415,
    0,
    0.012812018394470215,
    0,
    0,
    2.2023425102233887,
    0.011197686195373535,
    0,
    0,
    0,
    -0.9999997615814209,
    -0.00099999981466680765,
    0,
    0,
    -1,
    0
  ],
  "cameraGrain" : 0,
  "motionQuality" : 0.72153288125991821,
  "cameraPoseARFrame" : [
    0.99924463033676147,
    0.037062037736177444,
    -0.011677130125463009,
    0.048432353883981705,
    -0.032658003270626068,
    0.96383672952651978,
    0.26448425650596619,
    0.19410228729248047,
    0.02105717733502388,
    -0.2639031708240509,
    0.96431910991668701,
    -7.8618760108947754,
    0,
    0,
    0,
    0.99999982118606567
  ]
}