{
  "exposureDuration" : 0.01666666753590107,
  "frame_index" : 272,
  "intrinsics" : [
    1590.2056884765625,
    0,
    947.2216796875,
    0,
    1590.2056884765625,
    727.5897216796875,
    0,
    0,
    1
  ],
  "time" : 104184.71393179169,
  "averageAngularVelocity" : 0.11590281873941422,
  "projectionMatrix" : [
    1.6564642190933228,
    0,
    0.012789905071258545,
    0,
    0,
    2.2086191177368164,
    0.011235713958740234,
    0,
    0,
    0,
    -0.9999997615814209,
    -0.00099999981466680765,
    0,
    0,
    -1,
    0
  ],
  "cameraGrain" : 0,
  "cameraPoseARFrame" : [
    -0.99056094884872437,
    -0.045221820473670959,
    0.12939859926700592,
    -16.456659317016602,
    -0.00067628920078277588,
    0.94561308622360229,
    0.32529285550117493,
    0.19572477042675018,
    -0.13707134127616882,
    0.32213491201400757,
    -0.93671798706054688,
    -23.976360321044922,
    0,
    0,
    0,
    0.99999994039535522
  ],
  "averageVelocity" : 0.8985716700553894,
  "motionQuality" : 0.74326527118682861
}