{
  "intrinsics" : [
    1589.7537841796875,
    0,
    947.13720703125,
    0,
    1589.7537841796875,
    727.6031494140625,
    0,
    0,
    1
  ],
  "cameraPoseARFrame" : [
    0.023915253579616547,
    -0.35477522015571594,
    0.93464565277099609,
    -12.850090980529785,
    -0.033445868641138077,
    0.93410575389862061,
    0.35542607307434082,
    0.17969426512718201,
    -0.99915432929992676,
    -0.039760146290063858,
    0.01047362107783556,
    -24.822189331054688,
    0,
    0,
    0,
    0.99999982118606567
  ],
  "exposureDuration" : 0.01666666753590107,
  "projectionMatrix" : [
    1.6559935808181763,
    0,
    0.012877881526947021,
    0,
    0,
    2.207991361618042,
    0.011254370212554932,
    0,
    0,
    0,
    -0.9999997615814209,
    -0.00099999981466680765,
    0,
    0,
    -1,
    0
  ],
  "averageVelocity" : 1.0537687540054321,
  "frame_index" : 246,
  "motionQuality" : 0.69892323017120361,
  "cameraGrain" : 0,
  "averageAngularVelocity" : 0.3998396098613739,
  "time" : 104180.04257329169
}