{
  "cameraPoseARFrame" : [
    -0.99994152784347534,
    -0.0017484964337199926,
    0.010665635578334332,
    -16.505119323730469,
    0.00094148889183998108,
    0.96898424625396729,
    0.24712048470973969,
    0.21839728951454163,
    -0.010766917839646339,
    0.24711610376834869,
    -0.96892595291137695,
    -12.588757514953613,
    0,
    0,
    0,
    0.99999994039535522
  ],
  "projectionMatrix" : [
    1.6550520658493042,
    0,
    0.012733995914459229,
    0,
    0,
    2.2067360877990723,
    0.011195540428161621,
    0,
    0,
    0,
    -0.9999997615814209,
    -0.00099999981466680765,
    0,
    0,
    -1,
    0
  ],
  "intrinsics" : [
    1588.8499755859375,
    0,
    947.275390625,
    0,
    1588.8499755859375,
    727.560791015625,
    0,
    0,
    1
  ],
  "frame_index" : 341,
  "cameraGrain" : 0,
  "exposureDuration" : 0.01666666753590107,
  "time" : 104196.81922529169,
  "motionQuality" : 0.716655433177948,
  "averageVelocity" : 0.99170601367950439,
  "averageAngularVelocity" : 0.21379052102565765
}