{
  "averageAngularVelocity" : 0.22305214405059814,
  "time" : 104158.88596500002,
  "cameraGrain" : 0,
  "frame_index" : 124,
  "projectionMatrix" : [
    1.6489323377609253,
    0,
    0.012801051139831543,
    0,
    0,
    2.1985764503479004,
    0.011233687400817871,
    0,
    0,
    0,
    -0.9999997615814209,
    -0.00099999981466680765,
    0,
    0,
    -1,
    0
  ],
  "motionQuality" : 0.71732211112976074,
  "averageVelocity" : 0.98937249183654785,
  "cameraPoseARFrame" : [
    0.99862766265869141,
    0.030362389981746674,
    -0.042671576142311096,
    0.3303866982460022,
    -0.015060052275657654,
    0.94686329364776611,
    0.3212830126285553,
    0.18222981691360474,
    0.050159081816673279,
    -0.32019945979118347,
    0.94602119922637939,
    -17.402896881103516,
    0,
    0,
    0,
    0.99999988079071045
  ],
  "intrinsics" : [
    1582.97509765625,
    0,
    947.21099853515625,
    0,
    1582.97509765625,
    727.5882568359375,
    0,
    0,
    1
  ],
  "exposureDuration" : 0.01666666753590107
}