{
  "averageAngularVelocity" : 0.13410629332065582,
  "time" : 104152.84903275002,
  "cameraGrain" : 0.00015040805737953633,
  "frame_index" : 89,
  "projectionMatrix" : [
    1.6625838279724121,
    0,
    0.0128440260887146,
    0,
    0,
    2.2167782783508301,
    0.011223256587982178,
    0,
    0,
    0,
    -0.9999997615814209,
    -0.00099999981466680765,
    0,
    0,
    -1,
    0
  ],
  "motionQuality" : 0.74307972192764282,
  "averageVelocity" : 0.89922094345092773,
  "cameraPoseARFrame" : [
    0.99941027164459229,
    0.034247171133756638,
    0.0024692544247955084,
    0.14584310352802277,
    -0.033334497362375259,
    0.95050275325775146,
    0.30892232060432434,
    0.2099682092666626,
    0.0082326903939247131,
    -0.30882251262664795,
    0.9510839581489563,
    -12.056765556335449,
    0,
    0,
    0,
    0.99999988079071045
  ],
  "intrinsics" : [
    1596.0804443359375,
    0,
    947.16973876953125,
    0,
    1596.0804443359375,
    727.58074951171875,
    0,
    0,
    1
  ],
  "exposureDuration" : 0.01666666753590107
}