{
  "cameraPoseARFrame" : [
    -0.99906373023986816,
    -0.0040271044708788395,
    -0.04307420551776886,
    -16.651540756225586,
    -0.017975421622395515,
    0.94428443908691406,
    0.32863903045654297,
    0.19191600382328033,
    0.039350837469100952,
    0.3291056752204895,
    -0.94347280263900757,
    -17.857585906982422,
    0,
    0,
    0,
    0.99999994039535522
  ],
  "intrinsics" : [
    1585.2347412109375,
    0,
    947.17529296875,
    0,
    1585.2347412109375,
    727.588623046875,
    0,
    0,
    1
  ],
  "exposureDuration" : 0.01666666753590107,
  "projectionMatrix" : [
    1.651286244392395,
    0,
    0.012838244438171387,
    0,
    0,
    2.2017149925231934,
    0.01123422384262085,
    0,
    0,
    0,
    -0.9999997615814209,
    -0.00099999981466680765,
    0,
    0,
    -1,
    0
  ],
  "averageVelocity" : 0.95110708475112915,
  "frame_index" : 310,
  "motionQuality" : 0.72825515270233154,
  "cameraGrain" : 0,
  "averageAngularVelocity" : 0.083218321204185486,
  "time" : 104191.31607329169
}