{
  "motionQuality" : 0.77710169553756714,
  "intrinsics" : [
    1583.4271240234375,
    0,
    947.320068359375,
    0,
    1583.4271240234375,
    727.5909423828125,
    0,
    0,
    1
  ],
  "frame_index" : 165,
  "cameraGrain" : 0,
  "projectionMatrix" : [
    1.6494032144546509,
    0,
    0.012687444686889648,
    0,
    0,
    2.1992044448852539,
    0.011237442493438721,
    0,
    0,
    0,
    -0.9999997615814209,
    -0.00099999981466680765,
    0,
    0,
    -1,
    0
  ],
  "averageVelocity" : 0.78014403581619263,
  "time" : 104165.95500500003,
  "averageAngularVelocity" : 0.31569162011146545,
  "exposureDuration" : 0.01666666753590107,
  "cameraPoseARFrame" : [
    0.47057366371154785,
    -0.28980284929275513,
    0.83341145515441895,
    0.16279977560043335,
    0.03053203783929348,
    0.94930702447891235,
    0.31286382675170898,
    0.18225689232349396,
    -0.88183224201202393,
    -0.12177973985671997,
    0.45556718111038208,
    -23.772577285766602,
    0,
    0,
    0,
    0.99999994039535522
  ]
}