{
  "averageVelocity" : 0.80120187997817993,
  "motionQuality" : 0.77108514308929443,
  "intrinsics" : [
    1580.7156982421875,
    0,
    947.40191650390625,
    0,
    1580.7156982421875,
    727.5509033203125,
    0,
    0,
    1
  ],
  "time" : 104144.60922045835,
  "frame_index" : 42,
  "projectionMatrix" : [
    1.6465789079666138,
    0,
    0.012602150440216064,
    0,
    0,
    2.1954383850097656,
    0.011181831359863281,
    0,
    0,
    0,
    -0.9999997615814209,
    -0.00099999981466680765,
    0,
    0,
    -1,
    0
  ],
  "averageAngularVelocity" : 0.20007398724555969,
  "exposureDuration" : 0.01666666753590107,
  "cameraGrain" : 0,
  "cameraPoseARFrame" : [
    0.99831002950668335,
    -0.024422449991106987,
    -0.052731383591890335,
    -0.011009704321622849,
    0.034380264580249786,
    0.97977954149246216,
    0.19710353016853333,
    0.23481330275535583,
    0.046851400285959244,
    -0.19858336448669434,
    0.97896337509155273,
    -4.5549321174621582,
    0,
    0,
    0,
    0.99999988079071045
  ]
}