{
  "intrinsics" : [
    1590.2056884765625,
    0,
    947.2022705078125,
    0,
    1590.2056884765625,
    727.5924072265625,
    0,
    0,
    1
  ],
  "cameraGrain" : 0,
  "frame_index" : 324,
  "cameraPoseARFrame" : [
    -0.99922072887420654,
    0.004911644384264946,
    -0.039161935448646545,
    -16.617191314697266,
    -0.0083678513765335083,
    0.94330716133117676,
    0.33181509375572205,
    0.19635184109210968,
    0.038571488112211227,
    0.3318842351436615,
    -0.94253110885620117,
    -15.540472984313965,
    0,
    0,
    0,
    0.99999988079071045
  ],
  "projectionMatrix" : [
    1.6564642190933228,
    0,
    0.012810111045837402,
    0,
    0,
    2.2086191177368164,
    0.011239469051361084,
    0,
    0,
    0,
    -0.9999997615814209,
    -0.00099999981466680765,
    0,
    0,
    -1,
    0
  ],
  "motionQuality" : 0.72139978408813477,
  "exposureDuration" : 0.01666666753590107,
  "averageAngularVelocity" : 0.085365042090415955,
  "time" : 104193.71736858335,
  "averageVelocity" : 0.97510087490081787
}