{
  "intrinsics" : [
    1609.1856689453125,
    0,
    947.1710205078125,
    0,
    1609.1856689453125,
    727.58111572265625,
    0,
    0,
    1
  ],
  "averageAngularVelocity" : 0.24696680903434753,
  "projectionMatrix" : [
    1.6762350797653198,
    0,
    0.012842714786529541,
    0,
    0,
    2.2349801063537598,
    0.011223793029785156,
    0,
    0,
    0,
    -0.9999997615814209,
    -0.00099999981466680765,
    0,
    0,
    -1,
    0
  ],
  "cameraGrain" : 0.0022826057393103838,
  "motionQuality" : 0.74983131885528564,
  "averageVelocity" : 0.87559032440185547,
  "frame_index" : 94,
  "cameraPoseARFrame" : [
    0.99850976467132568,
    0.046024255454540253,
    -0.029324252158403397,
    0.14224998652935028,
    -0.034681752324104309,
    0.95005053281784058,
    0.31016284227371216,
    0.18890039622783661,
    0.042134542018175125,
    -0.30868366360664368,
    0.95023101568222046,
    -12.839157104492188,
    0,
    0,
    0,
    0.99999994039535522
  ],
  "exposureDuration" : 0.01666666753590107,
  "time" : 104153.71452250003
}