{
  "intrinsics" : [
    1588.3980712890625,
    0,
    947.20428466796875,
    0,
    1588.3980712890625,
    727.59881591796875,
    0,
    0,
    1
  ],
  "cameraPoseARFrame" : [
    0.017163572832942009,
    -0.34409245848655701,
    0.93877887725830078,
    -10.957732200622559,
    -0.0081974584609270096,
    0.93883717060089111,
    0.3442637026309967,
    0.19311089813709259,
    -0.99981904029846191,
    -0.01360439695417881,
    0.013293122872710228,
    -24.718545913696289,
    0,
    0,
    0,
    0.99999994039535522
  ],
  "exposureDuration" : 0.01666666753590107,
  "projectionMatrix" : [
    1.6545813083648682,
    0,
    0.012808024883270264,
    0,
    0,
    2.2061083316802979,
    0.011248350143432617,
    0,
    0,
    0,
    -0.9999997615814209,
    -0.00099999981466680765,
    0,
    0,
    -1,
    0
  ],
  "averageVelocity" : 1.0733768939971924,
  "frame_index" : 235,
  "motionQuality" : 0.6933208703994751,
  "cameraGrain" : 0,
  "averageAngularVelocity" : 0.33823871612548828,
  "time" : 104178.14140887502
}