{
  "motionQuality" : 0.77867871522903442,
  "intrinsics" : [
    1583.4271240234375,
    0,
    947.32293701171875,
    0,
    1583.4271240234375,
    727.5850830078125,
    0,
    0,
    1
  ],
  "frame_index" : 163,
  "cameraGrain" : 0,
  "projectionMatrix" : [
    1.6494032144546509,
    0,
    0.012684464454650879,
    0,
    0,
    2.1992044448852539,
    0.011229276657104492,
    0,
    0,
    0,
    -0.9999997615814209,
    -0.00099999981466680765,
    0,
    0,
    -1,
    0
  ],
  "averageVelocity" : 0.7746245265007019,
  "time" : 104165.65663462502,
  "averageAngularVelocity" : 0.42734703421592712,
  "exposureDuration" : 0.01666666753590107,
  "cameraPoseARFrame" : [
    0.58361554145812988,
    -0.25864264369010925,
    0.76973813772201538,
    0.24996525049209595,
    0.028032492846250534,
    0.95377039909362793,
    0.29922568798065186,
    0.16926711797714233,
    -0.81154602766036987,
    -0.1530551016330719,
    0.56388568878173828,
    -23.550838470458984,
    0,
    0,
    0,
    0.99999994039535522
  ]
}