{
  "cameraPoseARFrame" : [
    -0.99934625625610352,
    -0.010568779893219471,
    0.034572653472423553,
    -16.50855827331543,
    -0.0011171678779646754,
    0.96488481760025024,
    0.2626706063747406,
    0.24518865346908569,
    -0.036134742200374603,
    0.26246029138565063,
    -0.96426588296890259,
    -13.548686027526855,
    0,
    0,
    0,
    0.99999994039535522
  ],
  "projectionMatrix" : [
    1.6531691551208496,
    0,
    0.012746572494506836,
    0,
    0,
    2.2042255401611328,
    0.011201918125152588,
    0,
    0,
    0,
    -0.9999997615814209,
    -0.00099999981466680765,
    0,
    0,
    -1,
    0
  ],
  "intrinsics" : [
    1587.0423583984375,
    0,
    947.2633056640625,
    0,
    1587.0423583984375,
    727.56536865234375,
    0,
    0,
    1
  ],
  "frame_index" : 336,
  "cameraGrain" : 0,
  "exposureDuration" : 0.01666666753590107,
  "motionQuality" : 0.73400682210922241,
  "time" : 104195.8205425417,
  "averageVelocity" : 0.93097615242004395,
  "averageAngularVelocity" : 0.079058580100536346
}