{
  "intrinsics" : [
    1588.8499755859375,
    0,
    947.23797607421875,
    0,
    1588.8499755859375,
    727.55902099609375,
    0,
    0,
    1
  ],
  "cameraGrain" : 0,
  "frame_index" : 203,
  "projectionMatrix" : [
    1.6550520658493042,
    0,
    0.012772917747497559,
    0,
    0,
    2.2067360877990723,
    0.01119309663772583,
    0,
    0,
    0,
    -0.9999997615814209,
    -0.00099999981466680765,
    0,
    0,
    -1,
    0
  ],
  "cameraPoseARFrame" : [
    0.0086858086287975311,
    -0.24932631850242615,
    0.96838051080703735,
    -5.5975723266601562,
    -0.010711105540394783,
    0.9683382511138916,
    0.24941150844097137,
    0.23762595653533936,
    -0.99990487098693848,
    -0.012538766488432884,
    0.0057402416132390499,
    -24.682748794555664,
    0,
    0,
    0,
    0.99999994039535522
  ],
  "motionQuality" : 0.71198135614395142,
  "exposureDuration" : 0.01666666753590107,
  "averageAngularVelocity" : 0.20064185559749603,
  "time" : 104172.63814558336,
  "averageVelocity" : 1.0080652236938477
}