{
  "intrinsics" : [
    1586.5904541015625,
    0,
    947.23797607421875,
    0,
    1586.5904541015625,
    727.583251953125,
    0,
    0,
    1
  ],
  "cameraGrain" : 0,
  "frame_index" : 331,
  "projectionMatrix" : [
    1.6526983976364136,
    0,
    0.012772917747497559,
    0,
    0,
    2.2035977840423584,
    0.01122671365737915,
    0,
    0,
    0,
    -0.9999997615814209,
    -0.00099999981466680765,
    0,
    0,
    -1,
    0
  ],
  "cameraPoseARFrame" : [
    -0.99997705221176147,
    0.0027311737649142742,
    -0.0061818440444767475,
    -16.563383102416992,
    0.0006918541039340198,
    0.95126885175704956,
    0.30836153030395508,
    0.22108656167984009,
    0.0067227790132164955,
    0.30835023522377014,
    -0.95124906301498413,
    -14.366087913513184,
    0,
    0,
    0,
    0.99999988079071045
  ],
  "motionQuality" : 0.72344237565994263,
  "exposureDuration" : 0.01666666753590107,
  "averageAngularVelocity" : 0.13064989447593689,
  "time" : 104194.98652108335,
  "averageVelocity" : 0.96795165538787842
}