{
  "projectionMatrix" : [
    1.6602301597595215,
    0,
    0.012772560119628906,
    0,
    0,
    2.2136402130126953,
    0.011231422424316406,
    0,
    0,
    0,
    -0.9999997615814209,
    -0.00099999981466680765,
    0,
    0,
    -1,
    0
  ],
  "averageVelocity" : 0.9297594428062439,
  "cameraPoseARFrame" : [
    -0.99994713068008423,
    -0.004965407308191061,
    0.0090041877701878548,
    -16.374200820922852,
    -0.0019154036417603493,
    0.95029830932617188,
    0.31133484840393066,
    0.23139017820358276,
    -0.010102570988237858,
    0.31130114197731018,
    -0.95025759935379028,
    0.67001020908355713,
    0,
    0,
    0,
    1
  ],
  "averageAngularVelocity" : 0.16432623565196991,
  "cameraGrain" : 0,
  "intrinsics" : [
    1593.8209228515625,
    0,
    947.23834228515625,
    0,
    1593.8209228515625,
    727.58660888671875,
    0,
    0,
    1
  ],
  "exposureDuration" : 0.01666666753590107,
  "motionQuality" : 0.73435443639755249,
  "time" : 104210.32718762502,
  "frame_index" : 419
}