{
  "cameraPoseARFrame" : [
    -0.45504465699195862,
    -0.32265561819076538,
    0.82995647192001343,
    -14.452188491821289,
    -0.0043266196735203266,
    0.9328346848487854,
    0.36027854681015015,
    0.17091149091720581,
    -0.89045804738998413,
    0.16035191714763641,
    -0.42587742209434509,
    -24.957126617431641,
    0,
    0,
    0,
    0.99999994039535522
  ],
  "intrinsics" : [
    1589.3018798828125,
    0,
    947.207275390625,
    0,
    1589.3018798828125,
    727.609375,
    0,
    0,
    1
  ],
  "exposureDuration" : 0.01666666753590107,
  "projectionMatrix" : [
    1.6555228233337402,
    0,
    0.012804925441741943,
    0,
    0,
    2.2073636054992676,
    0.011263012886047363,
    0,
    0,
    0,
    -0.9999997615814209,
    -0.00099999981466680765,
    0,
    0,
    -1,
    0
  ],
  "averageVelocity" : 0.82385033369064331,
  "frame_index" : 256,
  "motionQuality" : 0.76461422443389893,
  "cameraGrain" : 0,
  "averageAngularVelocity" : 0.24672210216522217,
  "time" : 104181.87715325003
}