{
  "time" : 104170.80432550002,
  "exposureDuration" : 0.01666666753590107,
  "cameraPoseARFrame" : [
    0.00020793908333871514,
    -0.30298402905464172,
    0.95299553871154785,
    -3.7976696491241455,
    -0.025810364633798599,
    0.95267641544342041,
    0.3028881847858429,
    0.23762261867523193,
    -0.99966675043106079,
    -0.024660145863890648,
    -0.007622044999152422,
    -24.679803848266602,
    0,
    0,
    0,
    0.99999988079071045
  ],
  "intrinsics" : [
    1587.0423583984375,
    0,
    947.163818359375,
    0,
    1587.0423583984375,
    727.57708740234375,
    0,
    0,
    1
  ],
  "projectionMatrix" : [
    1.6531691551208496,
    0,
    0.012850165367126465,
    0,
    0,
    2.2042255401611328,
    0.01121819019317627,
    0,
    0,
    0,
    -0.9999997615814209,
    -0.00099999981466680765,
    0,
    0,
    -1,
    0
  ],
  "averageAngularVelocity" : 0.15775081515312195,
  "motionQuality" : 0.71453118324279785,
  "cameraGrain" : 0,
  "averageVelocity" : 0.99914097785949707,
  "frame_index" : 193
}