{
  "frame_index" : 196,
  "time" : 104171.37084820836,
  "cameraPoseARFrame" : [
    0.031852155923843384,
    -0.30014494061470032,
    0.95336157083511353,
    -4.3733363151550293,
    -0.019006606191396713,
    0.9534912109375,
    0.3008207380771637,
    0.21453107893466949,
    -0.99931174516677856,
    -0.027701964601874352,
    0.024666020646691322,
    -24.642309188842773,
    0,
    0,
    0,
    0.99999982118606567
  ],
  "intrinsics" : [
    1587.0423583984375,
    0,
    947.18194580078125,
    0,
    1587.0423583984375,
    727.57757568359375,
    0,
    0,
    1
  ],
  "motionQuality" : 0.68654358386993408,
  "projectionMatrix" : [
    1.6531691551208496,
    0,
    0.012831330299377441,
    0,
    0,
    2.2042255401611328,
    0.011218845844268799,
    0,
    0,
    0,
    -0.9999997615814209,
    -0.00099999981466680765,
    0,
    0,
    -1,
    0
  ],
  "cameraGrain" : 0,
  "averageAngularVelocity" : 0.15655064582824707,
  "exposureDuration" : 0.01666666753590107,
  "averageVelocity" : 1.0970973968505859
}