{
  "intrinsics" : [
    1587.0423583984375,
    0,
    947.19671630859375,
    0,
    1587.0423583984375,
    727.5833740234375,
    0,
    0,
    1
  ],
  "averageAngularVelocity" : 0.22741316258907318,
  "projectionMatrix" : [
    1.6531691551208496,
    0,
    0.012815892696380615,
    0,
    0,
    2.2042255401611328,
    0.011226892471313477,
    0,
    0,
    0,
    -0.9999997615814209,
    -0.00099999981466680765,
    0,
    0,
    -1,
    0
  ],
  "cameraGrain" : 0,
  "motionQuality" : 0.73192191123962402,
  "averageVelocity" : 0.93827331066131592,
  "frame_index" : 75,
  "cameraPoseARFrame" : [
    0.99831831455230713,
    0.037606284022331238,
    -0.044115062803030014,
    0.0040975362062454224,
    -0.021833645179867744,
    0.94890379905700684,
    0.31480887532234192,
    0.16747413575649261,
    0.053699750453233719,
    -0.31331631541252136,
    0.94812923669815063,
    -9.8247222900390625,
    0,
    0,
    0,
    0.99999988079071045
  ],
  "exposureDuration" : 0.01666666753590107,
  "time" : 104150.37910400002
}