{
  "time" : 104210.12714316668,
  "intrinsics" : [
    1614.1566162109375,
    0,
    947.232177734375,
    0,
    1614.1566162109375,
    727.59375,
    0,
    0,
    1
  ],
  "cameraPoseARFrame" : [
    -0.99998897314071655,
    0.00058541411999613047,
    -0.0046553583815693855,
    -16.389272689819336,
    -0.00097423006081953645,
    0.9446563720703125,
    0.32805973291397095,
    0.23704487085342407,
    0.0045897560194134712,
    0.32806065678596497,
    -0.9446454644203186,
    0.48387378454208374,
    0,
    0,
    0,
    0.99999988079071045
  ],
  "projectionMatrix" : [
    1.6814131736755371,
    0,
    0.012778997421264648,
    0,
    0,
    2.2418842315673828,
    0.011241316795349121,
    0,
    0,
    0,
    -0.9999997615814209,
    -0.00099999981466680765,
    0,
    0,
    -1,
    0
  ],
  "frame_index" : 418,
  "motionQuality" : 0.73408269882202148,
  "averageAngularVelocity" : 0.13698576390743256,
  "averageVelocity" : 0.9307105541229248,
  "exposureDuration" : 0.01666666753590107,
  "cameraGrain" : 0
}