{
  "frame_index" : 16,
  "averageVelocity" : 0.82095921039581299,
  "exposureDuration" : 0.01666666753590107,
  "averageAngularVelocity" : 0.20926417410373688,
  "projectionMatrix" : [
    1.644225001335144,
    0,
    0.012719154357910156,
    0,
    0,
    2.1923000812530518,
    0.011201977729797363,
    0,
    0,
    0,
    -0.9999997615814209,
    -0.00099999981466680765,
    0,
    0,
    -1,
    0
  ],
  "motionQuality" : 0.76544022560119629,
  "cameraGrain" : 0,
  "time" : 104140.17501362502,
  "cameraPoseARFrame" : [
    0.99984586238861084,
    -0.0013474808074533939,
    -0.017500683665275574,
    -0.06574346125125885,
    0.005923593882471323,
    0.96445876359939575,
    0.26416659355163574,
    0.22317641973495483,
    0.016522707417607307,
    -0.26422959566116333,
    0.96431827545166016,
    -0.90862411260604858,
    0,
    0,
    0,
    0.99999988079071045
  ],
  "intrinsics" : [
    1578.4560546875,
    0,
    947.28961181640625,
    0,
    1578.4560546875,
    727.5654296875,
    0,
    0,
    1
  ]
}