{
  "intrinsics" : [
    1588.8499755859375,
    0,
    947.276123046875,
    0,
    1588.8499755859375,
    727.55694580078125,
    0,
    0,
    1
  ],
  "cameraGrain" : 0,
  "frame_index" : 210,
  "cameraPoseARFrame" : [
    -0.013386940583586693,
    -0.2376323938369751,
    0.97126287221908569,
    -6.6920394897460938,
    -0.00094703573267906904,
    0.97135245800018311,
    0.23764126002788544,
    0.24811363220214844,
    -0.99990987777709961,
    0.0022614714689552784,
    -0.013228485360741615,
    -24.702569961547852,
    0,
    0,
    0,
    0.99999994039535522
  ],
  "projectionMatrix" : [
    1.6550520658493042,
    0,
    0.012733221054077148,
    0,
    0,
    2.2067360877990723,
    0.011190176010131836,
    0,
    0,
    0,
    -0.9999997615814209,
    -0.00099999981466680765,
    0,
    0,
    -1,
    0
  ],
  "motionQuality" : 0.69724273681640625,
  "exposureDuration" : 0.01666666753590107,
  "averageAngularVelocity" : 0.1503787487745285,
  "time" : 104173.73880633335,
  "averageVelocity" : 1.0596503019332886
}