{
  "averageAngularVelocity" : 0.089088954031467438,
  "averageVelocity" : 1.0150856971740723,
  "cameraPoseARFrame" : [
    -0.9997103214263916,
    -0.0015599725302308798,
    -0.024014497175812721,
    -16.69000244140625,
    -0.0088459951803088188,
    0.95185458660125732,
    0.30642172694206238,
    0.17872801423072815,
    0.022380311042070389,
    0.3065454363822937,
    -0.95159280300140381,
    -19.108785629272461,
    0,
    0,
    0,
    0.99999994039535522
  ],
  "cameraGrain" : 0,
  "frame_index" : 303,
  "exposureDuration" : 0.01666666753590107,
  "time" : 104190.04846733336,
  "motionQuality" : 0.7099754810333252,
  "intrinsics" : [
    1585.2347412109375,
    0,
    947.21075439453125,
    0,
    1585.2347412109375,
    727.580322265625,
    0,
    0,
    1
  ],
  "projectionMatrix" : [
    1.651286244392395,
    0,
    0.012801289558410645,
    0,
    0,
    2.2017149925231934,
    0.011222660541534424,
    0,
    0,
    0,
    -0.9999997615814209,
    -0.00099999981466680765,
    0,
    0,
    -1,
    0
  ]
}