{
  "intrinsics" : [
    1585.2347412109375,
    0,
    947.14453125,
    0,
    1585.2347412109375,
    727.5904541015625,
    0,
    0,
    1
  ],
  "cameraGrain" : 0,
  "frame_index" : 309,
  "projectionMatrix" : [
    1.651286244392395,
    0,
    0.012870252132415771,
    0,
    0,
    2.2017149925231934,
    0.011236727237701416,
    0,
    0,
    0,
    -0.9999997615814209,
    -0.00099999981466680765,
    0,
    0,
    -1,
    0
  ],
  "cameraPoseARFrame" : [
    -0.99872422218322754,
    -0.013238373212516308,
    -0.048729352653026581,
    -16.668100357055664,
    -0.028841542080044746,
    0.94167280197143555,
    0.33529135584831238,
    0.20834706723690033,
    0.041448399424552917,
    0.3362690806388855,
    -0.9408532977104187,
    -18.079545974731445,
    0,
    0,
    0,
    0.99999994039535522
  ],
  "motionQuality" : 0.73107254505157471,
  "exposureDuration" : 0.01666666753590107,
  "averageAngularVelocity" : 0.1460416167974472,
  "time" : 104191.0842276667,
  "averageVelocity" : 0.9412461519241333
}