{
  "averageVelocity" : 0.97301864624023438,
  "projectionMatrix" : [
    1.644225001335144,
    0,
    0.012746036052703857,
    0,
    0,
    2.1923000812530518,
    0.011221647262573242,
    0,
    0,
    0,
    -0.9999997615814209,
    -0.00099999981466680765,
    0,
    0,
    -1,
    0
  ],
  "motionQuality" : 0.72199463844299316,
  "time" : 104201.95577091668,
  "frame_index" : 371,
  "averageAngularVelocity" : 0.099806614220142365,
  "intrinsics" : [
    1578.4560546875,
    0,
    947.2637939453125,
    0,
    1578.4560546875,
    727.57958984375,
    0,
    0,
    1
  ],
  "cameraPoseARFrame" : [
    -0.99994754791259766,
    -2.5483400349912699e-06,
    0.010237058624625206,
    -16.47679328918457,
    0.0029888097196817398,
    0.95635765790939331,
    0.29218289256095886,
    0.21591129899024963,
    -0.0097910370677709579,
    0.29219815135002136,
    -0.95630753040313721,
    -7.5302262306213379,
    0,
    0,
    0,
    0.99999988079071045
  ],
  "cameraGrain" : 0,
  "exposureDuration" : 0.01666666753590107
}