{
  "cameraPoseARFrame" : [
    0.9977339506149292,
    0.054351408034563065,
    -0.039657667279243469,
    0.1869349479675293,
    -0.039488378912210464,
    0.95027667284011841,
    0.30889281630516052,
    0.19742165505886078,
    0.054474525153636932,
    -0.30662691593170166,
    0.95026952028274536,
    -14.032511711120605,
    0,
    0,
    0,
    0.99999994039535522
  ],
  "intrinsics" : [
    1583.8790283203125,
    0,
    947.1593017578125,
    0,
    1583.8790283203125,
    727.58099365234375,
    0,
    0,
    1
  ],
  "exposureDuration" : 0.01666666753590107,
  "projectionMatrix" : [
    1.6498739719390869,
    0,
    0.012854874134063721,
    0,
    0,
    2.1998319625854492,
    0.01122361421585083,
    0,
    0,
    0,
    -0.9999997615814209,
    -0.00099999981466680765,
    0,
    0,
    -1,
    0
  ],
  "averageVelocity" : 0.92631590366363525,
  "frame_index" : 102,
  "motionQuality" : 0.73533833026885986,
  "cameraGrain" : 0,
  "averageAngularVelocity" : 0.063688330352306366,
  "time" : 104155.04856033335
}