{
  "intrinsics" : [
    1593.8209228515625,
    0,
    947.20367431640625,
    0,
    1593.8209228515625,
    727.56903076171875,
    0,
    0,
    1
  ],
  "averageAngularVelocity" : 0.18749819695949554,
  "projectionMatrix" : [
    1.6602301597595215,
    0,
    0.012808680534362793,
    0,
    0,
    2.2136402130126953,
    0.011206984519958496,
    0,
    0,
    0,
    -0.9999997615814209,
    -0.00099999981466680765,
    0,
    0,
    -1,
    0
  ],
  "cameraGrain" : 0,
  "motionQuality" : 0.73009514808654785,
  "averageVelocity" : 0.94466692209243774,
  "frame_index" : 145,
  "cameraPoseARFrame" : [
    0.99962025880813599,
    0.02749159000813961,
    -0.0018582668853923678,
    0.38217225670814514,
    -0.025899272412061691,
    0.96045970916748047,
    0.27721136808395386,
    0.22557517886161804,
    0.0094057684764266014,
    -0.27705800533294678,
    0.96080708503723145,
    -20.879707336425781,
    0,
    0,
    0,
    0.99999994039535522
  ],
  "exposureDuration" : 0.01666666753590107,
  "time" : 104162.55309366669
}