{
  "frame_index" : 260,
  "time" : 104182.61089179169,
  "motionQuality" : 0.74721777439117432,
  "cameraGrain" : 0,
  "averageVelocity" : 0.88473773002624512,
  "cameraPoseARFrame" : [
    -0.63263952732086182,
    -0.29541587829589844,
    0.7158886194229126,
    -15.078228950500488,
    -0.019749715924263,
    0.9302411675453186,
    0.36641669273376465,
    0.16904453933238983,
    -0.77419441938400269,
    0.21767114102840424,
    -0.5943416953086853,
    -24.953271865844727,
    0,
    0,
    0,
    0.99999994039535522
  ],
  "intrinsics" : [
    1589.3018798828125,
    0,
    947.15704345703125,
    0,
    1589.3018798828125,
    727.60992431640625,
    0,
    0,
    1
  ],
  "averageAngularVelocity" : 0.38979020714759827,
  "projectionMatrix" : [
    1.6555228233337402,
    0,
    0.012857258319854736,
    0,
    0,
    2.2073636054992676,
    0.011263787746429443,
    0,
    0,
    0,
    -0.9999997615814209,
    -0.00099999981466680765,
    0,
    0,
    -1,
    0
  ],
  "exposureDuration" : 0.01666666753590107
}