{
  "averageAngularVelocity" : 0.56774049997329712,
  "time" : 104166.45702291669,
  "cameraGrain" : 0,
  "frame_index" : 168,
  "projectionMatrix" : [
    1.6494032144546509,
    0,
    0.012691080570220947,
    0,
    0,
    2.1992044448852539,
    0.011231482028961182,
    0,
    0,
    0,
    -0.9999997615814209,
    -0.00099999981466680765,
    0,
    0,
    -1,
    0
  ],
  "motionQuality" : 0.76858377456665039,
  "averageVelocity" : 0.80995666980743408,
  "cameraPoseARFrame" : [
    0.26347839832305908,
    -0.3023868203163147,
    0.91604650020599365,
    0.019041053950786591,
    0.028443463146686554,
    0.95162266492843628,
    0.30594941973686218,
    0.18005481362342834,
    -0.96424579620361328,
    -0.054555535316467285,
    0.25933295488357544,
    -24.118047714233398,
    0,
    0,
    0,
    0.99999988079071045
  ],
  "intrinsics" : [
    1583.4271240234375,
    0,
    947.31658935546875,
    0,
    1583.4271240234375,
    727.586669921875,
    0,
    0,
    1
  ],
  "exposureDuration" : 0.01666666753590107
}