{
  "intrinsics" : [
    1605.1185302734375,
    0,
    947.1458740234375,
    0,
    1605.1185302734375,
    727.6065673828125,
    0,
    0,
    1
  ],
  "cameraGrain" : 0,
  "frame_index" : 289,
  "cameraPoseARFrame" : [
    -0.99978482723236084,
    -0.020711824297904968,
    -0.0011175899999216199,
    -16.661592483520508,
    -0.019684156402945518,
    0.93043261766433716,
    0.36593377590179443,
    0.20697027444839478,
    -0.0065393080003559589,
    0.36587706208229065,
    -0.93064016103744507,
    -21.387561798095703,
    0,
    0,
    0,
    0.99999988079071045
  ],
  "projectionMatrix" : [
    1.6719985008239746,
    0,
    0.012868881225585938,
    0,
    0,
    2.2293312549591064,
    0.011259138584136963,
    0,
    0,
    0,
    -0.9999997615814209,
    -0.00099999981466680765,
    0,
    0,
    -1,
    0
  ],
  "motionQuality" : 0.73351883888244629,
  "exposureDuration" : 0.01666666753590107,
  "averageAngularVelocity" : 0.21100687980651855,
  "time" : 104187.68048808335,
  "averageVelocity" : 0.93268412351608276
}