{
  "intrinsics" : [
    1586.5904541015625,
    0,
    947.25762939453125,
    0,
    1586.5904541015625,
    727.573486328125,
    0,
    0,
    1
  ],
  "cameraGrain" : 0,
  "frame_index" : 333,
  "cameraPoseARFrame" : [
    -0.99999308586120605,
    0.0015818997053429484,
    0.0033189542591571808,
    -16.549375534057617,
    0.0024599425960332155,
    0.95875996351242065,
    0.28420576453208923,
    0.22519673407077789,
    -0.0027324871625751257,
    0.28421202301979065,
    -0.95875734090805054,
    -14.073993682861328,
    0,
    0,
    0,
    0.99999982118606567
  ],
  "projectionMatrix" : [
    1.6526983976364136,
    0,
    0.0127524733543396,
    0,
    0,
    2.2035977840423584,
    0.011213183403015137,
    0,
    0,
    0,
    -0.9999997615814209,
    -0.00099999981466680765,
    0,
    0,
    -1,
    0
  ],
  "motionQuality" : 0.7179451584815979,
  "exposureDuration" : 0.01666666753590107,
  "averageAngularVelocity" : 0.23240680992603302,
  "time" : 104195.28503391669,
  "averageVelocity" : 0.98719197511672974
}