{
  "intrinsics" : [
    1588.8499755859375,
    0,
    947.23358154296875,
    0,
    1588.8499755859375,
    727.5472412109375,
    0,
    0,
    1
  ],
  "cameraPoseARFrame" : [
    0.0027155820280313492,
    -0.21274398267269135,
    0.97710412740707397,
    -6.1796979904174805,
    -0.023837249726057053,
    0.97681629657745361,
    0.21274755895137787,
    0.24406889081001282,
    -0.99971216917037964,
    -0.023869210854172707,
    -0.0024186077062040567,
    -24.706890106201172,
    0,
    0,
    0,
    1
  ],
  "exposureDuration" : 0.01666666753590107,
  "projectionMatrix" : [
    1.6550520658493042,
    0,
    0.012777507305145264,
    0,
    0,
    2.2067360877990723,
    0.011176705360412598,
    0,
    0,
    0,
    -0.9999997615814209,
    -0.00099999981466680765,
    0,
    0,
    -1,
    0
  ],
  "averageVelocity" : 0.99201047420501709,
  "frame_index" : 207,
  "motionQuality" : 0.7165684700012207,
  "cameraGrain" : 0,
  "averageAngularVelocity" : 0.3069092333316803,
  "time" : 104173.23838287502
}