{
  "averageAngularVelocity" : 0.089826934039592743,
  "time" : 104157.61863795835,
  "cameraGrain" : 0,
  "frame_index" : 117,
  "motionQuality" : 0.76293444633483887,
  "projectionMatrix" : [
    1.6677619218826294,
    0,
    0.012796223163604736,
    0,
    0,
    2.2236824035644531,
    0.011238336563110352,
    0,
    0,
    0,
    -0.9999997615814209,
    -0.00099999981466680765,
    0,
    0,
    -1,
    0
  ],
  "averageVelocity" : 0.82972949743270874,
  "cameraPoseARFrame" : [
    0.99976789951324463,
    0.018042018637061119,
    -0.011772952042520046,
    0.25861510634422302,
    -0.013224556110799313,
    0.94536840915679932,
    0.32573524117469788,
    0.19113682210445404,
    0.01700669527053833,
    -0.32550400495529175,
    0.94538766145706177,
    -16.259735107421875,
    0,
    0,
    0,
    0.99999994039535522
  ],
  "intrinsics" : [
    1601.0513916015625,
    0,
    947.21563720703125,
    0,
    1601.0513916015625,
    727.59161376953125,
    0,
    0,
    1
  ],
  "exposureDuration" : 0.01666666753590107
}