{
  "projectionMatrix" : [
    1.651286244392395,
    0,
    0.012829959392547607,
    0,
    0,
    2.2017149925231934,
    0.011219441890716553,
    0,
    0,
    0,
    -0.9999997615814209,
    -0.00099999981466680765,
    0,
    0,
    -1,
    0
  ],
  "averageVelocity" : 0.99112159013748169,
  "time" : 104190.78236050002,
  "cameraGrain" : 0,
  "cameraPoseARFrame" : [
    -0.99977636337280273,
    -0.019934423267841339,
    -0.0070434575900435448,
    -16.673519134521484,
    -0.021133404225111008,
    0.95186519622802734,
    0.30578714609146118,
    0.18411961197853088,
    0.00060872291214764118,
    0.30586767196655273,
    -0.95207375288009644,
    -18.377214431762695,
    0,
    0,
    0,
    0.99999988079071045
  ],
  "frame_index" : 307,
  "exposureDuration" : 0.01666666753590107,
  "intrinsics" : [
    1585.2347412109375,
    0,
    947.1832275390625,
    0,
    1585.2347412109375,
    727.5780029296875,
    0,
    0,
    1
  ],
  "motionQuality" : 0.71682238578796387,
  "averageAngularVelocity" : 0.25738817453384399
}