{
  "intrinsics" : [
    1586.5904541015625,
    0,
    947.1534423828125,
    0,
    1586.5904541015625,
    727.58282470703125,
    0,
    0,
    1
  ],
  "cameraGrain" : 0,
  "frame_index" : 319,
  "cameraPoseARFrame" : [
    -0.99925601482391357,
    -0.019046826288104057,
    -0.03353426605463028,
    -16.597770690917969,
    -0.028765466064214706,
    0.94727784395217896,
    0.31911918520927429,
    0.19966766238212585,
    0.025688061490654945,
    0.31984648108482361,
    -0.94712108373641968,
    -16.345006942749023,
    0,
    0,
    0,
    0.99999994039535522
  ],
  "projectionMatrix" : [
    1.6526983976364136,
    0,
    0.012861013412475586,
    0,
    0,
    2.2035977840423584,
    0.011226117610931396,
    0,
    0,
    0,
    -0.9999997615814209,
    -0.00099999981466680765,
    0,
    0,
    -1,
    0
  ],
  "motionQuality" : 0.71200644969940186,
  "exposureDuration" : 0.01666666753590107,
  "averageAngularVelocity" : 0.23221065104007721,
  "time" : 104192.88536737503,
  "averageVelocity" : 1.0079773664474487
}