{
  "averageAngularVelocity" : 0.16619822382926941,
  "time" : 104158.68406979169,
  "cameraGrain" : 0,
  "frame_index" : 123,
  "projectionMatrix" : [
    1.6489323377609253,
    0,
    0.012768387794494629,
    0,
    0,
    2.1985764503479004,
    0.0112343430519104,
    0,
    0,
    0,
    -0.9999997615814209,
    -0.00099999981466680765,
    0,
    0,
    -1,
    0
  ],
  "motionQuality" : 0.73517799377441406,
  "averageVelocity" : 0.92687690258026123,
  "cameraPoseARFrame" : [
    0.99957549571990967,
    0.012502250261604786,
    -0.026312924921512604,
    0.3363020122051239,
    -0.0035004406236112118,
    0.94823002815246582,
    0.31756457686424255,
    0.18253052234649658,
    0.028920987620949745,
    -0.31733772158622742,
    0.94787138700485229,
    -17.211261749267578,
    0,
    0,
    0,
    0.99999994039535522
  ],
  "intrinsics" : [
    1582.97509765625,
    0,
    947.24237060546875,
    0,
    1582.97509765625,
    727.5887451171875,
    0,
    0,
    1
  ],
  "exposureDuration" : 0.01666666753590107
}