{
  "exposureDuration" : 0.01666666753590107,
  "averageAngularVelocity" : 0.20005793869495392,
  "frame_index" : 389,
  "time" : 104205.15768166669,
  "intrinsics" : [
    1582.97509765625,
    0,
    947.2022705078125,
    0,
    1582.97509765625,
    727.5894775390625,
    0,
    0,
    1
  ],
  "averageVelocity" : 1.0180051326751709,
  "projectionMatrix" : [
    1.6489323377609253,
    0,
    0.012810111045837402,
    0,
    0,
    2.1985764503479004,
    0.011235356330871582,
    0,
    0,
    0,
    -0.9999997615814209,
    -0.00099999981466680765,
    0,
    0,
    -1,
    0
  ],
  "cameraGrain" : 0,
  "motionQuality" : 0.70914137363433838,
  "cameraPoseARFrame" : [
    -0.99960863590240479,
    -0.021277530118823051,
    0.018156196922063828,
    -16.471702575683594,
    -0.014351579360663891,
    0.94730281829833984,
    0.32001742720603943,
    0.22827067971229553,
    -0.024008607491850853,
    0.3196316659450531,
    -0.94723755121231079,
    -4.428642749786377,
    0,
    0,
    0,
    0.99999988079071045
  ]
}