{
  "intrinsics" : [
    1596.5323486328125,
    0,
    947.19708251953125,
    0,
    1596.5323486328125,
    727.56195068359375,
    0,
    0,
    1
  ],
  "averageAngularVelocity" : 0.07809881865978241,
  "projectionMatrix" : [
    1.6630545854568481,
    0,
    0.012815535068511963,
    0,
    0,
    2.2174060344696045,
    0.011197149753570557,
    0,
    0,
    0,
    -0.9999997615814209,
    -0.00099999981466680765,
    0,
    0,
    -1,
    0
  ],
  "cameraGrain" : 0,
  "motionQuality" : 0.73387438058853149,
  "averageVelocity" : 0.93143963813781738,
  "frame_index" : 135,
  "cameraPoseARFrame" : [
    0.99889349937438965,
    0.039336752146482468,
    -0.025777425616979599,
    0.33346071839332581,
    -0.03138844296336174,
    0.96577727794647217,
    0.25746655464172363,
    0.25413605570793152,
    0.035023156553506851,
    -0.25637257099151611,
    0.96594339609146118,
    -19.097557067871094,
    0,
    0,
    0,
    1
  ],
  "exposureDuration" : 0.01666666753590107,
  "time" : 104160.75377875002
}