{
  "averageVelocity" : 0.98041051626205444,
  "projectionMatrix" : [
    1.6602301597595215,
    0,
    0.012745320796966553,
    0,
    0,
    2.2136402130126953,
    0.01122128963470459,
    0,
    0,
    0,
    -0.9999997615814209,
    -0.00099999981466680765,
    0,
    0,
    -1,
    0
  ],
  "motionQuality" : 0.71988272666931152,
  "time" : 104199.35723025003,
  "frame_index" : 356,
  "averageAngularVelocity" : 0.077587686479091644,
  "intrinsics" : [
    1593.8209228515625,
    0,
    947.26446533203125,
    0,
    1593.8209228515625,
    727.579345703125,
    0,
    0,
    1
  ],
  "cameraPoseARFrame" : [
    -0.99997806549072266,
    0.0066037066280841827,
    -0.00042073748772963881,
    -16.501602172851562,
    0.0061910450458526611,
    0.95614653825759888,
    0.29282298684120178,
    0.20641310513019562,
    0.0023360014893114567,
    0.2928139865398407,
    -0.95616650581359863,
    -10.067649841308594,
    0,
    0,
    0,
    0.99999994039535522
  ],
  "cameraGrain" : 0,
  "exposureDuration" : 0.01666666753590107
}