{
  "exposureDuration" : 0.01666666753590107,
  "averageAngularVelocity" : 0.1095721572637558,
  "frame_index" : 19,
  "time" : 104140.67350925002,
  "intrinsics" : [
    1578.4560546875,
    0,
    947.2044677734375,
    0,
    1578.4560546875,
    727.56842041015625,
    0,
    0,
    1
  ],
  "averageVelocity" : 0.77027571201324463,
  "projectionMatrix" : [
    1.644225001335144,
    0,
    0.012807846069335938,
    0,
    0,
    2.1923000812530518,
    0.011206150054931641,
    0,
    0,
    0,
    -0.9999997615814209,
    -0.00099999981466680765,
    0,
    0,
    -1,
    0
  ],
  "cameraGrain" : 0,
  "motionQuality" : 0.77992123365402222,
  "cameraPoseARFrame" : [
    0.99878489971160889,
    0.03762919083237648,
    -0.031823787838220596,
    -0.060386382043361664,
    -0.027170119807124138,
    0.95919328927993774,
    0.28144243359565735,
    0.21945104002952576,
    0.041115626692771912,
    -0.28023579716682434,
    0.95905023813247681,
    -1.3036748170852661,
    0,
    0,
    0,
    0.99999994039535522
  ]
}