{
  "intrinsics" : [
    1578.0042724609375,
    0,
    947.20196533203125,
    0,
    1578.0042724609375,
    727.5814208984375,
    0,
    0,
    1
  ],
  "averageAngularVelocity" : 0.2424677312374115,
  "projectionMatrix" : [
    1.6437544822692871,
    0,
    0.012810468673706055,
    0,
    0,
    2.1916725635528564,
    0.011224210262298584,
    0,
    0,
    0,
    -0.9999997615814209,
    -0.00099999981466680765,
    0,
    0,
    -1,
    0
  ],
  "cameraGrain" : 0,
  "motionQuality" : 0.73660147190093994,
  "averageVelocity" : 0.92189472913742065,
  "frame_index" : 108,
  "cameraPoseARFrame" : [
    0.99955803155899048,
    0.02625793032348156,
    -0.013934053480625153,
    0.19807401299476624,
    -0.020719785243272781,
    0.95154696702957153,
    0.30680429935455322,
    0.19389303028583527,
    0.021314956247806549,
    -0.30637997388839722,
    0.95167052745819092,
    -14.974480628967285,
    0,
    0,
    0,
    0.99999988079071045
  ],
  "exposureDuration" : 0.01666666753590107,
  "time" : 104156.08241045836
}