{
  "projectionMatrix" : [
    1.6583472490310669,
    0,
    0.012837588787078857,
    0,
    0,
    2.2111296653747559,
    0.011259734630584717,
    0,
    0,
    0,
    -0.9999997615814209,
    -0.00099999981466680765,
    0,
    0,
    -1,
    0
  ],
  "intrinsics" : [
    1592.0133056640625,
    0,
    947.1759033203125,
    0,
    1592.0133056640625,
    727.60699462890625,
    0,
    0,
    1
  ],
  "frame_index" : 398,
  "motionQuality" : 0.71370565891265869,
  "time" : 104206.65837645836,
  "averageVelocity" : 1.0020302534103394,
  "averageAngularVelocity" : 0.09585832804441452,
  "cameraGrain" : 0,
  "exposureDuration" : 0.01666666753590107,
  "cameraPoseARFrame" : [
    -0.99831432104110718,
    -0.036113876849412918,
    0.045433051884174347,
    -16.446157455444336,
    -0.017472038045525551,
    0.93351417779922485,
    0.35811439156532288,
    0.20777036249637604,
    -0.055345293134450912,
    0.35671696066856384,
    -0.9325716495513916,
    -2.9244518280029297,
    0,
    0,
    0,
    0.99999994039535522
  ]
}