{
  "exposureDuration" : 0.01666666753590107,
  "averageAngularVelocity" : 0.12034177780151367,
  "frame_index" : 288,
  "time" : 104187.44706512502,
  "intrinsics" : [
    1608.7337646484375,
    0,
    947.16668701171875,
    0,
    1608.7337646484375,
    727.58612060546875,
    0,
    0,
    1
  ],
  "averageVelocity" : 0.90211904048919678,
  "projectionMatrix" : [
    1.6757643222808838,
    0,
    0.012847185134887695,
    0,
    0,
    2.2343523502349854,
    0.011230707168579102,
    0,
    0,
    0,
    -0.9999997615814209,
    -0.00099999981466680765,
    0,
    0,
    -1,
    0
  ],
  "cameraGrain" : 0,
  "motionQuality" : 0.7422516942024231,
  "cameraPoseARFrame" : [
    -0.99982333183288574,
    -0.015886848792433739,
    -0.010044816881418228,
    -16.6805419921875,
    -0.018282385542988777,
    0.94606035947799683,
    0.32347393035888672,
    0.21379399299621582,
    0.0043640206567943096,
    0.32360044121742249,
    -0.94618374109268188,
    -21.604440689086914,
    0,
    0,
    0,
    0.99999994039535522
  ]
}