{
  "cameraPoseARFrame" : [
    -0.99992656707763672,
    0.001345981378108263,
    -0.0120431212708354,
    -16.509485244750977,
    -0.0022942598443478346,
    0.95481175184249878,
    0.29720240831375122,
    0.23915755748748779,
    0.011898954398930073,
    0.29720824956893921,
    -0.95473861694335938,
    -4.894618034362793,
    0,
    0,
    0,
    1
  ],
  "cameraGrain" : 0,
  "frame_index" : 387,
  "exposureDuration" : 0.01666666753590107,
  "intrinsics" : [
    1603.3109130859375,
    0,
    947.2467041015625,
    0,
    1603.3109130859375,
    727.58160400390625,
    0,
    0,
    1
  ],
  "motionQuality" : 0.72452676296234131,
  "averageVelocity" : 0.96415632963180542,
  "time" : 104204.69038883336,
  "averageAngularVelocity" : 0.064640097320079803,
  "projectionMatrix" : [
    1.67011559009552,
    0,
    0.012763857841491699,
    0,
    0,
    2.226820707321167,
    0.011224448680877686,
    0,
    0,
    0,
    -0.9999997615814209,
    -0.00099999981466680765,
    0,
    0,
    -1,
    0
  ]
}