{
  "frame_index" : 201,
  "projectionMatrix" : [
    1.6545813083648682,
    0,
    0.012870132923126221,
    0,
    0,
    2.2061083316802979,
    0.011222243309020996,
    0,
    0,
    0,
    -0.9999997615814209,
    -0.00099999981466680765,
    0,
    0,
    -1,
    0
  ],
  "motionQuality" : 0.7287362813949585,
  "time" : 104172.20474937503,
  "cameraGrain" : 0,
  "exposureDuration" : 0.01666666753590107,
  "intrinsics" : [
    1588.3980712890625,
    0,
    947.1446533203125,
    0,
    1588.3980712890625,
    727.58001708984375,
    0,
    0,
    1
  ],
  "averageAngularVelocity" : 0.11321244388818741,
  "averageVelocity" : 0.94942289590835571,
  "cameraPoseARFrame" : [
    0.0023814542219042778,
    -0.30644267797470093,
    0.95188605785369873,
    -5.1783561706542969,
    -0.035086594521999359,
    0.95127701759338379,
    0.30633437633514404,
    0.22886395454406738,
    -0.99938130378723145,
    -0.034127965569496155,
    -0.0084866126999258995,
    -24.703580856323242,
    0,
    0,
    0,
    1
  ]
}