{
  "cameraPoseARFrame" : [
    -0.99984163045883179,
    0.00090305315097793937,
    -0.017769390717148781,
    -16.696981430053711,
    -0.0045935017988085747,
    0.95175182819366455,
    0.30683410167694092,
    0.18169654905796051,
    0.017189135774970055,
    0.30686715245246887,
    -0.95159703493118286,
    -19.175647735595703,
    0,
    0,
    0,
    0.99999988079071045
  ],
  "intrinsics" : [
    1585.2347412109375,
    0,
    947.22088623046875,
    0,
    1585.2347412109375,
    727.58062744140625,
    0,
    0,
    1
  ],
  "exposureDuration" : 0.01666666753590107,
  "projectionMatrix" : [
    1.651286244392395,
    0,
    0.0127907395362854,
    0,
    0,
    2.2017149925231934,
    0.011223077774047852,
    0,
    0,
    0,
    -0.9999997615814209,
    -0.00099999981466680765,
    0,
    0,
    -1,
    0
  ],
  "averageVelocity" : 1.0209397077560425,
  "frame_index" : 302,
  "motionQuality" : 0.70830297470092773,
  "cameraGrain" : 0,
  "averageAngularVelocity" : 0.066708922386169434,
  "time" : 104189.98184391668
}