{
  "intrinsics" : [
    1593.8209228515625,
    0,
    947.1951904296875,
    0,
    1593.8209228515625,
    727.58648681640625,
    0,
    0,
    1
  ],
  "averageAngularVelocity" : 0.15585443377494812,
  "projectionMatrix" : [
    1.6602301597595215,
    0,
    0.012817502021789551,
    0,
    0,
    2.2136402130126953,
    0.01123124361038208,
    0,
    0,
    0,
    -0.9999997615814209,
    -0.00099999981466680765,
    0,
    0,
    -1,
    0
  ],
  "cameraGrain" : 0,
  "motionQuality" : 0.75196754932403564,
  "averageVelocity" : 0.86811351776123047,
  "frame_index" : 112,
  "cameraPoseARFrame" : [
    0.99973875284194946,
    0.022846436128020287,
    0.0007108990685082972,
    0.26548254489898682,
    -0.021889723837375641,
    0.94799304008483887,
    0.31753700971603394,
    0.20021724700927734,
    0.0065806698985397816,
    -0.31746959686279297,
    0.94824546575546265,
    -15.594374656677246,
    0,
    0,
    0,
    0.99999994039535522
  ],
  "exposureDuration" : 0.01666666753590107,
  "time" : 104156.81646304169
}