{
  "intrinsics" : [
    1588.3980712890625,
    0,
    947.236572265625,
    0,
    1588.3980712890625,
    727.5706787109375,
    0,
    0,
    1
  ],
  "cameraGrain" : 0,
  "frame_index" : 230,
  "projectionMatrix" : [
    1.6545813083648682,
    0,
    0.012774407863616943,
    0,
    0,
    2.2061083316802979,
    0.011209249496459961,
    0,
    0,
    0,
    -0.9999997615814209,
    -0.00099999981466680765,
    0,
    0,
    -1,
    0
  ],
  "cameraPoseARFrame" : [
    0.042394451797008514,
    -0.27845272421836853,
    0.95951378345489502,
    -10.096075057983398,
    -0.010975798591971397,
    0.96018940210342407,
    0.27913373708724976,
    0.1963273286819458,
    -0.99904054403305054,
    -0.022365154698491096,
    0.037650462239980698,
    -24.783550262451172,
    0,
    0,
    0,
    0.99999994039535522
  ],
  "motionQuality" : 0.72256934642791748,
  "exposureDuration" : 0.01666666753590107,
  "averageAngularVelocity" : 0.25632166862487793,
  "time" : 104177.30772604169,
  "averageVelocity" : 0.97100740671157837
}