{
  "averageVelocity" : 0.98418402671813965,
  "projectionMatrix" : [
    1.66164231300354,
    0,
    0.012795805931091309,
    0,
    0,
    2.2155230045318604,
    0.011208653450012207,
    0,
    0,
    0,
    -0.9999997615814209,
    -0.00099999981466680765,
    0,
    0,
    -1,
    0
  ],
  "motionQuality" : 0.71880459785461426,
  "time" : 104203.6234164167,
  "frame_index" : 381,
  "averageAngularVelocity" : 0.16363966464996338,
  "intrinsics" : [
    1595.1766357421875,
    0,
    947.21600341796875,
    0,
    1595.1766357421875,
    727.57025146484375,
    0,
    0,
    1
  ],
  "cameraPoseARFrame" : [
    -0.9997984766960144,
    -0.020027315244078636,
    0.001354824285954237,
    -16.462617874145508,
    -0.018875407055020332,
    0.96096581220626831,
    0.27602222561836243,
    0.23946306109428406,
    -0.0068299276754260063,
    0.27594104409217834,
    -0.96115028858184814,
    -5.8931102752685547,
    0,
    0,
    0,
    0.99999988079071045
  ],
  "cameraGrain" : 0,
  "exposureDuration" : 0.01666666753590107
}