{
  "modifiedStatusRefinedModel" : 1,
  "isFavorite" : 0,
  "numImages" : 436,
  "appVersionString" : "1.9.7",
  "numFaces" : 0,
  "captureResolution" : -1,
  "transformToWorldMap" : {
    "m21" : 0,
    "m41" : 0,
    "m24" : 0,
    "m13" : 0,
    "m44" : 1,
    "m33" : 1,
    "m22" : 1,
    "m11" : 1,
    "m42" : 0,
    "m31" : 0,
    "m14" : 0,
    "m34" : 0,
    "m23" : 0,
    "m12" : 0,
    "m43" : 0,
    "m32" : 0
  },
  "title" : "renaissance_plaza_03_corridor",
  "appBuildString" : "1",
  "lastCameraPose" : {
    "m21" : -0.13138163089752197,
    "m41" : 1.1868739128112793,
    "m24" : 0,
    "m13" : -0.31724146008491516,
    "m44" : 1,
    "m33" : 0.86319184303283691,
    "m22" : 0.91021043062210083,
    "m11" : 0.94833952188491821,
    "m42" : 10.159989356994629,
    "m31" : 0.28875744342803955,
    "m14" : 0,
    "m34" : 0,
    "m23" : -0.39274200797080994,
    "m12" : 3.874282583637978e-07,
    "m43" : 9.3750591278076172,
    "m32" : 0.41413402557373047
  },
  "captureMode" : 3,
  "numVertices_orig" : -1,
  "projectVersion" : 1,
  "numVertices" : 0,
  "editStatusTexturedModel" : 1,
  "numFaces_orig" : -1
}